session_id,user_id,session_start,device,traffic_source
S00001,U01114,9/11/2026 21:24,desktop,linkedin
S00002,U04638,9/9/2026 18:51,mobile,facebook
S00003,U04939,9/24/2026 10:18,desktop,google
S00004,U01148,8/22/2026 22:55,desktop,google
S00005,U02672,9/15/2026 22:52,mobile,direct
S00006,U02138,8/14/2026 7:39,desktop,direct
S00007,U00503,9/26/2026 7:24,desktop,linkedin
S00008,U02751,8/6/2026 10:55,desktop,facebook
S00009,U03829,9/15/2026 19:42,mobile,facebook
S00010,U04488,8/7/2026 16:33,mobile,linkedin
S00011,U05026,9/22/2026 15:12,mobile,referral
S00012,U00426,9/27/2026 13:38,desktop,direct
S00013,U04459,9/19/2026 14:40,desktop,direct
S00014,U04086,9/17/2026 17:12,desktop,google
S00015,U01770,8/29/2026 8:01,mobile,google
S00016,U03222,8/15/2026 16:22,mobile,google
S00017,U00309,9/29/2026 10:32,mobile,direct
S00018,U01098,9/1/2026 19:36,mobile,direct
S00019,U04830,9/18/2026 10:07,desktop,google
S00020,U00120,9/12/2026 8:08,mobile,direct
S00021,U05926,9/12/2026 13:57,desktop,google
S00022,U04514,8/22/2026 14:02,mobile,google
S00023,U01949,8/26/2026 15:17,desktop,referral
S00024,U05064,8/27/2026 20:45,desktop,linkedin
S00025,U02387,9/6/2026 18:11,desktop,google
S00026,U00899,9/13/2026 12:48,mobile,linkedin
S00027,U02304,8/12/2026 18:37,mobile,linkedin
S00028,U00404,8/14/2026 15:03,mobile,direct
S00029,U05740,8/3/2026 10:34,mobile,referral
S00030,U00798,9/1/2026 7:20,desktop,linkedin
S00031,U05210,9/10/2026 7:03,desktop,linkedin
S00032,U00054,8/13/2026 10:35,desktop,google
S00033,U04057,9/12/2026 20:06,mobile,linkedin
S00034,U02273,8/1/2026 14:25,mobile,google
S00035,U01784,9/21/2026 14:13,mobile,google
S00036,U03901,9/11/2026 13:23,mobile,facebook
S00037,U01176,9/10/2026 11:05,mobile,linkedin
S00038,U03186,9/12/2026 18:26,mobile,linkedin
S00039,U02635,8/22/2026 7:12,mobile,google
S00040,U04133,9/29/2026 16:47,desktop,facebook
S00041,U02349,9/14/2026 21:59,mobile,google
S00042,U01124,8/11/2026 21:05,desktop,linkedin
S00043,U04386,9/25/2026 12:54,desktop,facebook
S00044,U04783,9/14/2026 20:40,mobile,linkedin
S00045,U01722,8/19/2026 10:48,desktop,referral
S00046,U00956,9/26/2026 10:51,desktop,google
S00047,U01002,8/15/2026 12:29,mobile,direct
S00048,U05446,9/8/2026 7:16,mobile,referral
S00049,U05765,9/10/2026 11:14,desktop,linkedin
S00050,U00287,9/27/2026 20:40,mobile,direct
S00051,U02505,9/4/2026 19:11,mobile,linkedin
S00052,U00958,9/29/2026 12:15,mobile,direct
S00053,U00514,8/18/2026 11:59,desktop,facebook
S00054,U00850,9/18/2026 12:33,desktop,direct
S00055,U00642,8/15/2026 8:54,desktop,referral
S00056,U04355,9/29/2026 9:32,desktop,linkedin
S00057,U01789,9/15/2026 22:53,mobile,linkedin
S00058,U02735,9/7/2026 18:05,mobile,google
S00059,U04837,8/4/2026 17:50,mobile,direct
S00060,U00127,8/30/2026 11:28,mobile,facebook
S00061,U03963,8/9/2026 20:41,desktop,direct
S00062,U04752,9/25/2026 9:49,mobile,google
S00063,U03739,8/23/2026 22:29,mobile,linkedin
S00064,U05681,9/19/2026 15:03,desktop,direct
S00065,U03797,9/24/2026 12:17,mobile,referral
S00066,U02949,8/7/2026 19:00,mobile,google
S00067,U04430,9/15/2026 13:40,mobile,google
S00068,U05739,8/19/2026 11:18,mobile,linkedin
S00069,U00648,8/7/2026 17:56,mobile,google
S00070,U04939,8/16/2026 18:33,mobile,referral
S00071,U02941,9/2/2026 16:39,mobile,linkedin
S00072,U03891,9/21/2026 14:23,mobile,linkedin
S00073,U05276,9/11/2026 12:15,desktop,google
S00074,U02124,8/14/2026 13:27,mobile,linkedin
S00075,U00397,8/18/2026 20:59,mobile,referral
S00076,U05888,8/19/2026 12:45,mobile,linkedin
S00077,U04330,9/14/2026 22:28,mobile,google
S00078,U04948,9/1/2026 9:19,desktop,google
S00079,U02542,8/2/2026 9:36,mobile,referral
S00080,U05154,8/5/2026 12:19,desktop,referral
S00081,U02562,8/5/2026 7:02,desktop,google
S00082,U03404,9/27/2026 21:04,mobile,linkedin
S00083,U03415,8/31/2026 12:26,desktop,google
S00084,U00268,8/30/2026 8:38,mobile,linkedin
S00085,U05271,9/15/2026 16:53,mobile,google
S00086,U04970,8/12/2026 22:19,mobile,facebook
S00087,U02006,8/2/2026 22:53,desktop,referral
S00088,U01206,8/17/2026 8:43,mobile,google
S00089,U02967,8/13/2026 19:41,mobile,linkedin
S00090,U04341,9/17/2026 12:47,mobile,google
S00091,U04215,9/19/2026 20:22,mobile,google
S00092,U04782,9/8/2026 16:42,desktop,google
S00093,U03303,9/24/2026 18:42,mobile,google
S00094,U02856,8/28/2026 20:24,mobile,referral
S00095,U02854,8/15/2026 21:19,mobile,google
S00096,U02009,8/20/2026 9:17,mobile,facebook
S00097,U04607,8/9/2026 18:34,mobile,google
S00098,U01960,9/24/2026 9:15,mobile,linkedin
S00099,U01677,9/6/2026 22:06,mobile,linkedin
S00100,U03831,9/16/2026 17:03,desktop,referral
S00101,U04692,8/17/2026 10:04,desktop,google
S00102,U02887,9/13/2026 11:41,desktop,google
S00103,U01763,8/20/2026 21:19,mobile,direct
S00104,U04825,8/27/2026 17:18,desktop,direct
S00105,U05828,9/9/2026 10:40,desktop,direct
S00106,U00243,9/28/2026 20:07,desktop,google
S00107,U01877,9/3/2026 18:29,mobile,google
S00108,U04059,9/12/2026 8:13,mobile,facebook
S00109,U03227,9/5/2026 11:31,mobile,linkedin
S00110,U00955,8/26/2026 20:30,desktop,linkedin
S00111,U05710,9/25/2026 12:36,mobile,google
S00112,U00666,9/27/2026 7:36,mobile,google
S00113,U01269,8/19/2026 16:39,mobile,referral
S00114,U03263,9/23/2026 21:22,mobile,direct
S00115,U00992,8/28/2026 15:54,mobile,google
S00116,U00329,9/14/2026 22:36,desktop,referral
S00117,U03013,9/1/2026 8:49,desktop,linkedin
S00118,U04723,9/16/2026 17:40,desktop,google
S00119,U01820,9/22/2026 17:23,mobile,linkedin
S00120,U03761,8/26/2026 22:44,mobile,direct
S00121,U00671,9/12/2026 15:20,mobile,google
S00122,U04326,8/31/2026 20:09,desktop,linkedin
S00123,U02512,9/17/2026 9:19,mobile,direct
S00124,U02559,8/12/2026 7:42,mobile,google
S00125,U05224,9/13/2026 18:27,mobile,referral
S00126,U03377,9/5/2026 7:03,mobile,google
S00127,U00813,8/28/2026 20:59,mobile,linkedin
S00128,U00416,8/23/2026 7:19,mobile,direct
S00129,U04989,9/12/2026 18:00,mobile,linkedin
S00130,U01951,8/21/2026 14:13,mobile,linkedin
S00131,U02951,8/2/2026 17:19,mobile,direct
S00132,U01322,9/26/2026 16:58,desktop,facebook
S00133,U01730,8/27/2026 14:06,mobile,facebook
S00134,U05277,8/10/2026 14:42,mobile,facebook
S00135,U00453,8/14/2026 15:03,mobile,google
S00136,U05351,9/19/2026 17:50,mobile,linkedin
S00137,U00315,8/20/2026 18:21,desktop,linkedin
S00138,U00912,8/17/2026 14:11,mobile,google
S00139,U01140,8/30/2026 12:38,desktop,direct
S00140,U00053,8/2/2026 7:40,mobile,google
S00141,U03825,9/3/2026 19:28,mobile,google
S00142,U03291,8/3/2026 10:37,mobile,google
S00143,U04480,9/20/2026 13:56,desktop,google
S00144,U04553,8/26/2026 22:52,mobile,google
S00145,U05703,8/14/2026 19:33,mobile,linkedin
S00146,U02297,8/28/2026 12:32,mobile,linkedin
S00147,U01599,8/11/2026 14:35,mobile,google
S00148,U02028,8/20/2026 12:11,mobile,google
S00149,U02276,8/8/2026 17:01,mobile,facebook
S00150,U04394,9/10/2026 9:26,mobile,google
S00151,U02491,9/28/2026 22:14,desktop,linkedin
S00152,U04999,8/30/2026 22:47,desktop,linkedin
S00153,U00936,8/6/2026 11:46,mobile,linkedin
S00154,U00718,8/5/2026 10:41,mobile,facebook
S00155,U05340,9/19/2026 15:37,mobile,direct
S00156,U01705,8/21/2026 17:20,desktop,referral
S00157,U04279,8/18/2026 17:17,mobile,facebook
S00158,U00650,8/7/2026 7:40,desktop,google
S00159,U00406,9/9/2026 18:22,desktop,google
S00160,U05965,8/4/2026 8:03,desktop,google
S00161,U02651,9/24/2026 12:28,mobile,linkedin
S00162,U03058,8/13/2026 18:28,desktop,linkedin
S00163,U04710,8/5/2026 21:11,mobile,google
S00164,U01268,9/12/2026 17:09,mobile,google
S00165,U02894,8/22/2026 9:33,mobile,linkedin
S00166,U05958,9/11/2026 17:52,mobile,direct
S00167,U05618,8/3/2026 7:35,desktop,direct
S00168,U05316,9/21/2026 10:41,desktop,referral
S00169,U00635,8/19/2026 8:58,mobile,google
S00170,U03141,9/15/2026 22:45,desktop,linkedin
S00171,U01605,9/26/2026 12:53,mobile,referral
S00172,U01732,9/2/2026 15:56,mobile,direct
S00173,U01883,8/21/2026 19:38,mobile,linkedin
S00174,U05191,8/19/2026 22:30,desktop,linkedin
S00175,U00430,9/11/2026 22:55,mobile,google
S00176,U02966,8/1/2026 9:37,mobile,facebook
S00177,U00084,8/9/2026 13:18,mobile,direct
S00178,U01033,9/8/2026 13:28,desktop,linkedin
S00179,U05180,8/2/2026 19:44,desktop,linkedin
S00180,U01171,8/18/2026 12:22,desktop,linkedin
S00181,U01933,9/8/2026 10:42,desktop,google
S00182,U05501,8/16/2026 19:04,desktop,direct
S00183,U03833,9/25/2026 14:55,mobile,linkedin
S00184,U02134,9/28/2026 18:57,mobile,google
S00185,U01243,8/3/2026 13:04,desktop,linkedin
S00186,U02995,8/11/2026 14:47,desktop,referral
S00187,U01096,9/24/2026 7:08,mobile,google
S00188,U05227,8/2/2026 7:15,mobile,linkedin
S00189,U02406,8/30/2026 7:00,desktop,direct
S00190,U04047,9/26/2026 9:48,mobile,facebook
S00191,U02523,9/5/2026 12:33,desktop,direct
S00192,U05842,8/19/2026 7:48,mobile,facebook
S00193,U02929,8/1/2026 9:34,mobile,google
S00194,U02491,8/24/2026 20:33,desktop,referral
S00195,U04114,9/2/2026 20:40,mobile,facebook
S00196,U05532,8/5/2026 11:38,mobile,linkedin
S00197,U05638,9/1/2026 22:08,mobile,direct
S00198,U03099,8/25/2026 8:53,desktop,google
S00199,U00251,8/20/2026 7:30,mobile,linkedin
S00200,U05666,9/28/2026 12:40,mobile,google
S00201,U03907,9/23/2026 11:14,desktop,google
S00202,U05413,9/11/2026 8:14,desktop,referral
S00203,U02536,9/5/2026 20:33,mobile,google
S00204,U05418,8/29/2026 22:39,mobile,linkedin
S00205,U04771,8/5/2026 11:19,mobile,google
S00206,U04642,8/19/2026 12:02,mobile,google
S00207,U05326,8/1/2026 18:29,mobile,linkedin
S00208,U02964,8/22/2026 21:55,desktop,google
S00209,U04020,8/29/2026 11:35,mobile,direct
S00210,U02711,9/6/2026 17:55,mobile,referral
S00211,U04716,8/22/2026 7:22,desktop,linkedin
S00212,U04745,8/16/2026 16:03,mobile,referral
S00213,U03411,9/12/2026 22:47,mobile,direct
S00214,U02969,8/10/2026 14:36,desktop,linkedin
S00215,U02838,8/8/2026 17:15,desktop,google
S00216,U04457,9/11/2026 17:59,desktop,google
S00217,U04968,9/5/2026 17:06,mobile,facebook
S00218,U04563,9/22/2026 17:58,mobile,linkedin
S00219,U05014,9/14/2026 21:11,desktop,linkedin
S00220,U04381,9/24/2026 7:10,mobile,facebook
S00221,U00622,9/9/2026 21:09,mobile,google
S00222,U05754,9/20/2026 21:31,mobile,direct
S00223,U04626,8/11/2026 21:27,desktop,google
S00224,U04897,9/1/2026 12:53,desktop,referral
S00225,U03603,9/26/2026 16:19,mobile,google
S00226,U02924,9/17/2026 12:39,desktop,google
S00227,U01515,8/25/2026 20:26,mobile,direct
S00228,U04068,9/25/2026 13:30,mobile,google
S00229,U04197,8/19/2026 12:00,mobile,referral
S00230,U05911,8/2/2026 17:57,mobile,direct
S00231,U03096,9/17/2026 7:47,mobile,google
S00232,U02786,8/25/2026 13:00,mobile,google
S00233,U02934,8/3/2026 10:18,desktop,referral
S00234,U03169,8/13/2026 12:58,mobile,linkedin
S00235,U05400,8/5/2026 14:10,desktop,facebook
S00236,U01584,9/29/2026 8:00,desktop,google
S00237,U01883,9/20/2026 20:50,mobile,referral
S00238,U04234,9/25/2026 13:39,desktop,linkedin
S00239,U03348,8/11/2026 12:44,mobile,direct
S00240,U03944,9/18/2026 9:23,mobile,google
S00241,U03508,9/3/2026 22:55,desktop,google
S00242,U00023,8/18/2026 20:41,desktop,referral
S00243,U03845,9/10/2026 14:42,mobile,referral
S00244,U04167,9/27/2026 12:21,mobile,google
S00245,U05350,8/28/2026 14:28,mobile,referral
S00246,U04633,8/2/2026 22:22,desktop,google
S00247,U04293,9/20/2026 10:32,mobile,google
S00248,U01982,8/12/2026 17:57,mobile,google
S00249,U00859,8/11/2026 21:27,mobile,linkedin
S00250,U04343,9/7/2026 19:05,mobile,google
S00251,U00877,9/17/2026 20:55,desktop,linkedin
S00252,U01758,9/17/2026 22:09,desktop,google
S00253,U02143,9/22/2026 7:57,mobile,direct
S00254,U02860,9/23/2026 10:49,mobile,facebook
S00255,U00498,8/8/2026 9:18,mobile,direct
S00256,U01533,8/19/2026 16:04,desktop,google
S00257,U03821,9/13/2026 13:31,desktop,direct
S00258,U05091,8/24/2026 7:39,mobile,google
S00259,U00822,9/12/2026 15:55,mobile,direct
S00260,U01607,8/28/2026 8:36,mobile,linkedin
S00261,U03351,8/28/2026 13:31,mobile,google
S00262,U00548,8/2/2026 12:51,desktop,google
S00263,U02610,9/6/2026 21:17,mobile,facebook
S00264,U05868,9/21/2026 17:55,mobile,referral
S00265,U00868,9/19/2026 16:59,desktop,direct
S00266,U00451,8/21/2026 20:18,mobile,referral
S00267,U01159,9/10/2026 9:53,mobile,referral
S00268,U01322,8/12/2026 11:06,mobile,google
S00269,U00390,9/8/2026 19:02,mobile,direct
S00270,U05550,8/25/2026 18:59,mobile,google
S00271,U05180,9/25/2026 7:20,mobile,linkedin
S00272,U00255,9/12/2026 10:35,mobile,google
S00273,U00369,8/5/2026 10:38,mobile,referral
S00274,U01875,9/22/2026 7:05,mobile,direct
S00275,U04400,9/13/2026 17:34,desktop,google
S00276,U04904,8/13/2026 7:52,mobile,google
S00277,U02479,8/17/2026 20:27,mobile,linkedin
S00278,U00046,8/11/2026 16:22,mobile,direct
S00279,U00733,8/19/2026 19:11,desktop,referral
S00280,U02910,9/26/2026 14:57,desktop,google
S00281,U00397,9/24/2026 22:31,mobile,linkedin
S00282,U04009,9/3/2026 11:19,mobile,linkedin
S00283,U05708,8/22/2026 15:55,mobile,linkedin
S00284,U02743,8/22/2026 7:06,mobile,linkedin
S00285,U01310,9/27/2026 20:19,mobile,google
S00286,U04881,8/12/2026 16:05,mobile,google
S00287,U02149,9/15/2026 9:48,mobile,linkedin
S00288,U05594,9/29/2026 20:04,mobile,facebook
S00289,U02972,9/21/2026 22:49,mobile,google
S00290,U00808,9/13/2026 8:05,mobile,google
S00291,U03759,9/23/2026 20:31,desktop,direct
S00292,U00614,8/14/2026 18:47,mobile,referral
S00293,U03289,9/29/2026 12:40,desktop,linkedin
S00294,U05533,8/6/2026 17:09,mobile,google
S00295,U02732,8/1/2026 19:33,desktop,direct
S00296,U05815,8/12/2026 14:40,desktop,linkedin
S00297,U01752,9/6/2026 17:39,desktop,direct
S00298,U04640,8/15/2026 7:46,desktop,google
S00299,U05393,9/8/2026 21:48,desktop,google
S00300,U05705,8/7/2026 21:46,desktop,google
S00301,U04154,9/11/2026 10:21,desktop,direct
S00302,U01609,8/14/2026 14:38,mobile,linkedin
S00303,U05465,9/1/2026 10:49,mobile,google
S00304,U03921,8/8/2026 13:23,mobile,linkedin
S00305,U01354,9/28/2026 11:24,desktop,direct
S00306,U02753,8/23/2026 20:47,mobile,google
S00307,U05524,9/6/2026 18:06,mobile,direct
S00308,U04754,8/30/2026 20:31,mobile,direct
S00309,U02571,9/5/2026 19:41,mobile,google
S00310,U03807,8/28/2026 18:38,mobile,referral
S00311,U05495,8/5/2026 9:39,mobile,facebook
S00312,U00681,9/19/2026 20:16,mobile,google
S00313,U04165,9/8/2026 19:31,mobile,google
S00314,U01919,8/16/2026 8:59,mobile,google
S00315,U02213,8/6/2026 8:24,mobile,google
S00316,U00147,9/23/2026 19:10,mobile,linkedin
S00317,U04523,8/20/2026 13:14,mobile,facebook
S00318,U00988,9/24/2026 12:14,desktop,facebook
S00319,U02021,9/15/2026 13:20,mobile,google
S00320,U00485,9/27/2026 20:52,desktop,linkedin
S00321,U03707,9/9/2026 12:49,desktop,google
S00322,U03999,8/11/2026 12:55,mobile,linkedin
S00323,U03289,8/3/2026 13:23,mobile,google
S00324,U05265,8/15/2026 7:52,mobile,referral
S00325,U02325,8/27/2026 7:35,desktop,facebook
S00326,U01662,9/7/2026 13:37,desktop,google
S00327,U01139,9/23/2026 7:16,desktop,direct
S00328,U02308,8/9/2026 19:06,mobile,linkedin
S00329,U03144,9/8/2026 13:47,mobile,facebook
S00330,U01651,8/6/2026 15:00,mobile,linkedin
S00331,U04628,8/29/2026 12:22,desktop,google
S00332,U01125,8/5/2026 19:13,mobile,direct
S00333,U04835,8/23/2026 13:50,desktop,google
S00334,U03036,9/6/2026 7:33,desktop,linkedin
S00335,U04664,9/14/2026 14:48,mobile,google
S00336,U03076,9/18/2026 9:50,mobile,direct
S00337,U00239,9/1/2026 16:31,mobile,facebook
S00338,U04257,8/16/2026 16:01,desktop,google
S00339,U05254,9/24/2026 14:35,mobile,linkedin
S00340,U01484,9/26/2026 13:09,desktop,direct
S00341,U04430,9/28/2026 16:32,mobile,google
S00342,U02957,9/17/2026 17:52,desktop,linkedin
S00343,U03725,9/16/2026 21:03,desktop,direct
S00344,U01573,8/5/2026 22:24,mobile,google
S00345,U05478,9/4/2026 8:19,desktop,facebook
S00346,U04130,8/25/2026 17:33,desktop,linkedin
S00347,U00009,8/16/2026 8:21,desktop,direct
S00348,U05633,8/5/2026 13:40,mobile,google
S00349,U00817,8/13/2026 18:51,mobile,google
S00350,U01605,9/24/2026 15:40,mobile,google
S00351,U02259,9/24/2026 19:55,mobile,facebook
S00352,U02856,9/14/2026 21:36,mobile,facebook
S00353,U01338,8/7/2026 22:34,mobile,facebook
S00354,U00895,9/11/2026 17:46,mobile,google
S00355,U01940,8/8/2026 17:46,mobile,linkedin
S00356,U03812,9/10/2026 19:51,mobile,direct
S00357,U02541,8/3/2026 10:43,desktop,direct
S00358,U04224,8/18/2026 11:49,desktop,google
S00359,U02014,8/8/2026 12:27,mobile,facebook
S00360,U02775,9/26/2026 18:54,mobile,google
S00361,U03225,9/4/2026 12:37,desktop,google
S00362,U01873,9/25/2026 9:13,mobile,facebook
S00363,U00903,8/2/2026 19:46,mobile,linkedin
S00364,U04869,9/14/2026 18:59,mobile,google
S00365,U02779,8/29/2026 16:30,desktop,linkedin
S00366,U05325,8/29/2026 21:06,mobile,referral
S00367,U04811,9/22/2026 19:40,desktop,google
S00368,U02162,8/3/2026 21:24,desktop,direct
S00369,U00496,9/26/2026 11:09,mobile,google
S00370,U02958,8/2/2026 8:51,desktop,google
S00371,U05884,8/22/2026 12:27,desktop,linkedin
S00372,U04345,8/9/2026 20:16,mobile,linkedin
S00373,U01380,9/1/2026 21:47,mobile,google
S00374,U03154,9/5/2026 8:45,mobile,linkedin
S00375,U03303,9/8/2026 20:41,mobile,direct
S00376,U03818,9/17/2026 14:39,mobile,linkedin
S00377,U01519,9/15/2026 20:05,desktop,direct
S00378,U04130,9/26/2026 17:55,mobile,facebook
S00379,U05212,8/27/2026 7:57,mobile,linkedin
S00380,U02825,8/11/2026 14:44,desktop,linkedin
S00381,U03264,8/10/2026 8:25,mobile,linkedin
S00382,U00321,8/17/2026 12:26,desktop,linkedin
S00383,U01380,9/6/2026 19:07,desktop,google
S00384,U01433,8/4/2026 17:56,mobile,google
S00385,U02411,9/27/2026 18:16,mobile,google
S00386,U03018,9/29/2026 17:34,desktop,linkedin
S00387,U05597,8/10/2026 7:14,desktop,referral
S00388,U05449,9/16/2026 16:19,desktop,linkedin
S00389,U02879,9/5/2026 14:45,mobile,linkedin
S00390,U05945,8/29/2026 15:27,desktop,linkedin
S00391,U04720,9/14/2026 10:24,mobile,direct
S00392,U04586,9/4/2026 18:17,mobile,linkedin
S00393,U02437,8/20/2026 16:43,mobile,linkedin
S00394,U01172,9/3/2026 13:26,desktop,direct
S00395,U05757,8/9/2026 7:54,mobile,google
S00396,U04153,8/16/2026 8:06,mobile,linkedin
S00397,U05564,9/28/2026 12:44,desktop,linkedin
S00398,U02783,8/12/2026 15:35,mobile,direct
S00399,U01995,9/5/2026 22:57,mobile,referral
S00400,U04276,8/18/2026 18:34,mobile,direct
S00401,U00867,8/28/2026 14:45,mobile,linkedin
S00402,U02614,8/15/2026 11:47,desktop,google
S00403,U05928,9/4/2026 9:41,desktop,linkedin
S00404,U04325,9/3/2026 9:15,mobile,facebook
S00405,U03443,9/7/2026 8:09,desktop,referral
S00406,U03021,8/19/2026 21:35,desktop,facebook
S00407,U03409,9/4/2026 7:15,mobile,google
S00408,U04924,9/13/2026 20:49,desktop,direct
S00409,U04138,9/13/2026 16:20,mobile,facebook
S00410,U01331,9/4/2026 16:53,desktop,direct
S00411,U03403,8/18/2026 22:20,desktop,direct
S00412,U04682,9/1/2026 19:35,desktop,linkedin
S00413,U05360,9/2/2026 9:21,mobile,direct
S00414,U05767,9/27/2026 22:30,desktop,google
S00415,U05676,8/23/2026 9:49,mobile,google
S00416,U00922,8/20/2026 16:06,mobile,facebook
S00417,U02563,9/14/2026 17:15,mobile,referral
S00418,U02625,9/8/2026 10:54,desktop,facebook
S00419,U02901,8/26/2026 17:05,mobile,google
S00420,U02010,8/1/2026 17:13,desktop,google
S00421,U01135,9/12/2026 22:40,desktop,google
S00422,U02128,9/14/2026 21:38,mobile,facebook
S00423,U02460,9/25/2026 13:23,mobile,direct
S00424,U01181,8/31/2026 18:02,mobile,referral
S00425,U04213,8/31/2026 20:08,mobile,google
S00426,U04912,8/13/2026 7:25,desktop,linkedin
S00427,U04510,8/28/2026 17:57,mobile,direct
S00428,U04051,8/1/2026 21:40,desktop,google
S00429,U05656,8/31/2026 8:55,mobile,referral
S00430,U04856,9/12/2026 19:03,desktop,linkedin
S00431,U02634,9/17/2026 7:57,desktop,google
S00432,U04656,9/9/2026 13:25,desktop,google
S00433,U04472,9/18/2026 20:06,desktop,facebook
S00434,U03533,9/9/2026 22:47,desktop,direct
S00435,U03722,9/16/2026 18:38,mobile,direct
S00436,U04159,8/27/2026 18:32,mobile,direct
S00437,U03359,9/6/2026 11:08,mobile,linkedin
S00438,U01190,9/8/2026 20:12,mobile,direct
S00439,U00768,9/4/2026 17:32,desktop,referral
S00440,U03356,9/4/2026 22:05,mobile,google
S00441,U05403,9/16/2026 16:38,desktop,direct
S00442,U03612,8/15/2026 7:37,mobile,google
S00443,U00245,8/20/2026 15:10,desktop,google
S00444,U04019,9/1/2026 19:23,mobile,linkedin
S00445,U04830,9/8/2026 19:36,mobile,facebook
S00446,U02527,8/31/2026 13:10,desktop,google
S00447,U05317,8/12/2026 9:44,desktop,linkedin
S00448,U05146,9/19/2026 20:54,mobile,direct
S00449,U04098,9/2/2026 20:10,mobile,google
S00450,U04788,8/27/2026 21:03,mobile,direct
S00451,U02463,9/22/2026 17:43,mobile,referral
S00452,U02476,8/27/2026 20:15,desktop,google
S00453,U04201,8/10/2026 13:26,desktop,google
S00454,U05038,9/29/2026 19:28,mobile,referral
S00455,U02362,8/23/2026 14:48,mobile,google
S00456,U02672,9/23/2026 19:42,mobile,google
S00457,U00779,9/1/2026 9:20,desktop,referral
S00458,U00701,8/15/2026 11:44,mobile,facebook
S00459,U02118,8/23/2026 10:25,desktop,direct
S00460,U00930,9/24/2026 13:30,mobile,linkedin
S00461,U04876,9/26/2026 20:01,mobile,facebook
S00462,U01616,8/9/2026 8:50,mobile,direct
S00463,U02078,9/29/2026 18:41,desktop,direct
S00464,U03706,9/21/2026 20:17,mobile,facebook
S00465,U03894,9/8/2026 17:44,mobile,direct
S00466,U04600,8/11/2026 17:20,desktop,linkedin
S00467,U05680,9/5/2026 9:12,desktop,linkedin
S00468,U02584,8/26/2026 16:48,desktop,linkedin
S00469,U02329,8/8/2026 10:37,mobile,linkedin
S00470,U03945,9/29/2026 10:56,mobile,google
S00471,U05595,9/6/2026 20:47,mobile,linkedin
S00472,U05111,8/6/2026 16:50,mobile,facebook
S00473,U02689,8/21/2026 22:53,mobile,linkedin
S00474,U05500,9/20/2026 14:16,mobile,google
S00475,U00767,8/27/2026 12:43,mobile,google
S00476,U05911,8/30/2026 22:55,mobile,google
S00477,U02561,8/9/2026 16:57,mobile,direct
S00478,U04518,8/7/2026 20:48,mobile,linkedin
S00479,U01748,9/28/2026 7:42,mobile,google
S00480,U02931,9/27/2026 15:24,mobile,facebook
S00481,U05520,8/6/2026 20:04,mobile,google
S00482,U01217,9/2/2026 19:56,mobile,google
S00483,U04775,9/10/2026 18:26,mobile,facebook
S00484,U03705,9/22/2026 9:37,mobile,linkedin
S00485,U02623,9/3/2026 15:44,mobile,direct
S00486,U05142,9/22/2026 8:37,mobile,facebook
S00487,U04088,8/8/2026 19:49,mobile,referral
S00488,U04445,8/1/2026 17:05,mobile,google
S00489,U02824,8/28/2026 10:06,mobile,direct
S00490,U02000,8/16/2026 18:37,mobile,direct
S00491,U00212,9/15/2026 18:30,desktop,google
S00492,U00316,8/21/2026 7:50,desktop,referral
S00493,U01725,8/25/2026 8:25,desktop,linkedin
S00494,U02297,9/2/2026 10:12,mobile,facebook
S00495,U04921,9/27/2026 8:07,desktop,linkedin
S00496,U04394,8/5/2026 15:35,mobile,linkedin
S00497,U01643,9/3/2026 21:04,mobile,google
S00498,U02918,8/24/2026 8:00,mobile,facebook
S00499,U05836,8/3/2026 16:49,mobile,linkedin
S00500,U03382,9/18/2026 13:47,mobile,google
S00501,U04494,9/24/2026 20:22,desktop,google
S00502,U02831,8/11/2026 14:42,desktop,direct
S00503,U02977,9/15/2026 17:41,desktop,google
S00504,U00597,9/12/2026 21:44,mobile,linkedin
S00505,U02611,9/12/2026 9:10,mobile,direct
S00506,U04602,8/28/2026 12:03,desktop,google
S00507,U05109,8/20/2026 11:18,mobile,linkedin
S00508,U03234,8/5/2026 9:41,desktop,google
S00509,U03472,8/3/2026 17:21,mobile,referral
S00510,U02416,8/11/2026 7:07,mobile,facebook
S00511,U04708,9/1/2026 13:10,mobile,google
S00512,U00275,8/9/2026 8:56,desktop,linkedin
S00513,U05420,9/11/2026 16:50,mobile,linkedin
S00514,U01360,9/7/2026 19:00,mobile,referral
S00515,U03360,8/21/2026 14:28,mobile,linkedin
S00516,U05986,8/6/2026 14:07,mobile,linkedin
S00517,U00575,9/1/2026 14:11,mobile,referral
S00518,U04878,9/19/2026 10:10,desktop,google
S00519,U00547,8/24/2026 13:00,mobile,linkedin
S00520,U01222,9/18/2026 21:55,desktop,google
S00521,U02601,8/18/2026 7:39,desktop,linkedin
S00522,U03342,8/5/2026 19:36,mobile,google
S00523,U00287,9/8/2026 9:38,mobile,referral
S00524,U04296,9/23/2026 8:49,mobile,linkedin
S00525,U03964,9/23/2026 11:34,mobile,google
S00526,U05007,9/27/2026 11:18,mobile,facebook
S00527,U02112,8/7/2026 12:03,desktop,facebook
S00528,U01123,8/3/2026 20:35,desktop,direct
S00529,U03026,9/4/2026 21:28,desktop,direct
S00530,U02885,9/27/2026 18:04,mobile,google
S00531,U05692,9/29/2026 9:20,desktop,direct
S00532,U05282,8/17/2026 22:07,desktop,google
S00533,U02391,8/23/2026 20:33,mobile,google
S00534,U02369,9/9/2026 8:13,desktop,referral
S00535,U00731,9/24/2026 13:11,mobile,direct
S00536,U02352,8/11/2026 19:24,mobile,google
S00537,U02129,9/28/2026 8:25,mobile,google
S00538,U00877,9/19/2026 8:13,mobile,referral
S00539,U01425,8/5/2026 16:41,mobile,google
S00540,U04483,9/20/2026 12:23,desktop,google
S00541,U00911,9/8/2026 14:03,desktop,google
S00542,U03549,9/28/2026 19:00,mobile,google
S00543,U00348,8/13/2026 15:43,desktop,google
S00544,U03706,9/29/2026 18:22,desktop,referral
S00545,U01793,8/3/2026 9:01,mobile,google
S00546,U03149,8/5/2026 7:02,mobile,linkedin
S00547,U05842,8/27/2026 11:01,mobile,direct
S00548,U01597,9/9/2026 10:13,mobile,linkedin
S00549,U01855,8/11/2026 12:11,desktop,direct
S00550,U01792,8/17/2026 19:27,mobile,direct
S00551,U03649,8/24/2026 9:25,mobile,linkedin
S00552,U03710,8/8/2026 9:01,mobile,direct
S00553,U01918,8/11/2026 10:12,mobile,direct
S00554,U05693,8/9/2026 12:13,desktop,direct
S00555,U02834,9/27/2026 10:09,mobile,direct
S00556,U00570,9/26/2026 9:56,mobile,google
S00557,U05851,9/7/2026 16:16,mobile,direct
S00558,U03523,9/11/2026 8:46,mobile,direct
S00559,U03076,8/9/2026 9:27,mobile,google
S00560,U04118,8/4/2026 20:23,mobile,facebook
S00561,U04900,8/23/2026 7:17,mobile,google
S00562,U04946,9/29/2026 7:58,mobile,google
S00563,U01148,8/29/2026 8:06,desktop,facebook
S00564,U05601,9/18/2026 15:34,mobile,google
S00565,U00459,8/23/2026 18:06,desktop,linkedin
S00566,U01946,8/19/2026 18:04,desktop,google
S00567,U02909,9/18/2026 18:02,desktop,facebook
S00568,U02173,8/29/2026 7:55,mobile,linkedin
S00569,U05152,9/13/2026 12:30,mobile,direct
S00570,U03680,9/13/2026 17:08,mobile,direct
S00571,U05492,9/13/2026 17:54,mobile,direct
S00572,U01683,9/10/2026 12:20,desktop,referral
S00573,U01007,9/18/2026 20:32,mobile,facebook
S00574,U01564,8/28/2026 20:20,desktop,linkedin
S00575,U00635,8/19/2026 19:14,desktop,referral
S00576,U03709,8/31/2026 19:45,mobile,linkedin
S00577,U04784,8/20/2026 22:36,desktop,google
S00578,U03588,8/3/2026 19:42,mobile,google
S00579,U05793,8/22/2026 16:22,desktop,direct
S00580,U02134,8/31/2026 13:22,mobile,google
S00581,U05540,9/1/2026 12:47,mobile,linkedin
S00582,U03488,8/21/2026 20:09,mobile,google
S00583,U05740,9/13/2026 11:44,mobile,linkedin
S00584,U03525,8/18/2026 17:04,mobile,google
S00585,U00387,9/8/2026 15:02,desktop,facebook
S00586,U01037,8/17/2026 13:03,mobile,google
S00587,U03723,9/29/2026 14:12,mobile,google
S00588,U02715,9/8/2026 8:17,mobile,linkedin
S00589,U04644,9/3/2026 18:21,mobile,linkedin
S00590,U05706,8/26/2026 8:04,mobile,direct
S00591,U00243,9/15/2026 8:10,desktop,linkedin
S00592,U04287,8/26/2026 11:01,mobile,google
S00593,U05300,9/18/2026 15:30,mobile,facebook
S00594,U03259,8/10/2026 11:47,mobile,linkedin
S00595,U01072,9/19/2026 21:05,mobile,google
S00596,U01406,9/27/2026 21:50,mobile,direct
S00597,U01240,8/15/2026 13:17,desktop,direct
S00598,U02528,8/14/2026 22:59,mobile,direct
S00599,U03812,9/27/2026 8:25,desktop,linkedin
S00600,U03374,8/25/2026 9:17,mobile,linkedin
S00601,U04647,9/11/2026 12:33,mobile,linkedin
S00602,U02190,8/12/2026 22:05,desktop,google
S00603,U02268,8/26/2026 15:03,desktop,google
S00604,U04748,9/12/2026 18:18,desktop,referral
S00605,U01112,9/23/2026 17:26,desktop,direct
S00606,U04182,8/27/2026 14:58,desktop,linkedin
S00607,U03462,8/5/2026 21:54,desktop,google
S00608,U02068,8/25/2026 22:16,mobile,direct
S00609,U00706,9/8/2026 14:10,desktop,google
S00610,U05453,9/22/2026 18:25,mobile,google
S00611,U00915,9/20/2026 16:58,mobile,google
S00612,U03136,9/15/2026 16:29,desktop,direct
S00613,U02835,8/10/2026 8:37,desktop,direct
S00614,U05176,9/1/2026 10:21,desktop,google
S00615,U02728,9/4/2026 22:50,mobile,google
S00616,U04883,8/29/2026 10:54,desktop,direct
S00617,U01124,9/25/2026 17:25,desktop,linkedin
S00618,U00883,9/27/2026 21:35,mobile,direct
S00619,U00608,8/13/2026 16:38,mobile,google
S00620,U00299,9/27/2026 10:26,mobile,direct
S00621,U01768,9/20/2026 20:45,desktop,referral
S00622,U03702,9/12/2026 7:31,mobile,linkedin
S00623,U01789,8/23/2026 18:34,desktop,google
S00624,U02688,9/15/2026 11:15,mobile,direct
S00625,U00584,9/5/2026 17:14,desktop,google
S00626,U00675,9/23/2026 14:41,mobile,google
S00627,U02412,9/12/2026 16:06,desktop,google
S00628,U04570,9/27/2026 13:06,mobile,facebook
S00629,U05518,8/26/2026 15:27,mobile,linkedin
S00630,U04977,8/5/2026 21:58,desktop,facebook
S00631,U01067,8/30/2026 20:13,desktop,linkedin
S00632,U03135,9/29/2026 13:41,desktop,linkedin
S00633,U03416,9/9/2026 22:03,mobile,google
S00634,U05635,9/12/2026 21:13,mobile,direct
S00635,U03126,9/7/2026 17:02,mobile,google
S00636,U04766,9/5/2026 16:30,mobile,linkedin
S00637,U01453,8/4/2026 7:34,desktop,google
S00638,U05844,8/25/2026 15:23,desktop,linkedin
S00639,U01099,8/6/2026 10:24,desktop,linkedin
S00640,U04998,8/21/2026 9:33,desktop,google
S00641,U03344,9/13/2026 20:44,desktop,google
S00642,U01321,9/18/2026 11:20,desktop,referral
S00643,U02642,8/14/2026 16:50,mobile,google
S00644,U00997,9/9/2026 20:52,mobile,google
S00645,U00757,8/14/2026 16:33,mobile,google
S00646,U05980,8/13/2026 19:28,desktop,google
S00647,U05487,9/27/2026 19:24,mobile,direct
S00648,U00954,9/6/2026 14:09,mobile,google
S00649,U03613,8/12/2026 21:44,desktop,linkedin
S00650,U03831,8/9/2026 21:32,mobile,direct
S00651,U05434,8/3/2026 12:24,mobile,google
S00652,U05565,8/30/2026 20:06,desktop,referral
S00653,U05157,8/7/2026 9:55,desktop,referral
S00654,U05391,9/5/2026 8:47,mobile,google
S00655,U03775,8/27/2026 15:28,desktop,google
S00656,U00058,9/8/2026 16:41,mobile,google
S00657,U05797,8/13/2026 16:20,desktop,google
S00658,U01836,8/9/2026 19:46,mobile,linkedin
S00659,U05094,8/7/2026 13:15,mobile,linkedin
S00660,U03688,8/6/2026 19:56,mobile,linkedin
S00661,U04899,8/5/2026 21:26,mobile,google
S00662,U03506,8/16/2026 8:27,desktop,google
S00663,U03784,9/18/2026 14:11,mobile,referral
S00664,U05885,9/6/2026 10:35,mobile,referral
S00665,U03089,8/16/2026 17:30,mobile,google
S00666,U01394,9/25/2026 13:36,desktop,direct
S00667,U03974,9/15/2026 11:30,desktop,linkedin
S00668,U00629,9/16/2026 11:01,desktop,direct
S00669,U01426,9/23/2026 12:40,mobile,linkedin
S00670,U02774,9/14/2026 8:44,mobile,facebook
S00671,U02171,9/27/2026 8:40,mobile,google
S00672,U00125,8/20/2026 17:03,mobile,google
S00673,U01697,9/21/2026 22:05,desktop,referral
S00674,U01472,8/7/2026 15:07,desktop,google
S00675,U04420,8/19/2026 21:50,mobile,google
S00676,U01029,9/23/2026 9:28,mobile,direct
S00677,U00467,8/9/2026 22:34,desktop,direct
S00678,U03065,8/31/2026 16:22,mobile,direct
S00679,U02978,8/21/2026 18:53,mobile,direct
S00680,U05846,8/7/2026 7:59,mobile,direct
S00681,U04792,8/15/2026 16:39,mobile,google
S00682,U01831,9/2/2026 13:07,mobile,linkedin
S00683,U03682,9/7/2026 21:22,mobile,direct
S00684,U02154,9/10/2026 19:40,mobile,facebook
S00685,U01770,8/8/2026 20:49,mobile,google
S00686,U03345,8/20/2026 21:14,mobile,google
S00687,U02553,8/7/2026 18:31,mobile,direct
S00688,U01116,8/1/2026 10:55,desktop,google
S00689,U05036,8/24/2026 11:31,desktop,google
S00690,U00553,9/7/2026 20:45,mobile,facebook
S00691,U02655,8/23/2026 16:37,mobile,linkedin
S00692,U03671,8/3/2026 21:16,desktop,google
S00693,U00912,8/14/2026 19:43,mobile,google
S00694,U02852,8/26/2026 16:42,mobile,google
S00695,U00611,8/22/2026 9:26,desktop,direct
S00696,U02102,9/19/2026 22:42,mobile,linkedin
S00697,U05362,9/5/2026 10:53,desktop,google
S00698,U01103,9/29/2026 10:56,mobile,google
S00699,U04743,8/11/2026 9:20,desktop,google
S00700,U01664,8/23/2026 8:06,mobile,google
S00701,U02552,8/6/2026 13:00,mobile,google
S00702,U04624,8/2/2026 20:29,mobile,linkedin
S00703,U00667,9/25/2026 20:51,mobile,google
S00704,U01122,8/30/2026 14:51,desktop,google
S00705,U03305,9/9/2026 12:02,mobile,linkedin
S00706,U04632,8/17/2026 12:32,mobile,linkedin
S00707,U04988,8/4/2026 21:42,desktop,google
S00708,U00294,9/23/2026 7:53,desktop,google
S00709,U03356,9/9/2026 7:55,mobile,google
S00710,U00621,9/12/2026 8:02,mobile,google
S00711,U04066,9/2/2026 21:12,desktop,direct
S00712,U01754,8/25/2026 8:27,desktop,google
S00713,U00476,8/26/2026 22:03,desktop,direct
S00714,U00730,9/15/2026 9:56,desktop,direct
S00715,U00138,8/14/2026 15:46,desktop,google
S00716,U00519,8/21/2026 22:31,mobile,google
S00717,U00736,8/19/2026 8:51,mobile,google
S00718,U05402,9/1/2026 11:30,mobile,google
S00719,U05343,9/28/2026 18:38,desktop,linkedin
S00720,U04850,9/25/2026 20:04,desktop,google
S00721,U00315,9/2/2026 21:31,mobile,facebook
S00722,U02134,8/13/2026 7:18,mobile,linkedin
S00723,U01323,9/26/2026 19:25,mobile,direct
S00724,U05882,8/19/2026 12:08,desktop,direct
S00725,U02745,8/22/2026 15:55,mobile,linkedin
S00726,U02879,9/23/2026 21:29,mobile,referral
S00727,U02094,8/16/2026 21:26,mobile,referral
S00728,U01807,8/28/2026 9:57,mobile,google
S00729,U02614,9/25/2026 14:31,mobile,google
S00730,U02515,8/20/2026 11:32,mobile,google
S00731,U04784,9/7/2026 16:50,mobile,google
S00732,U03437,8/3/2026 20:13,mobile,linkedin
S00733,U00719,9/29/2026 12:05,mobile,google
S00734,U03865,8/26/2026 8:56,mobile,linkedin
S00735,U04488,9/10/2026 8:01,mobile,direct
S00736,U04017,8/31/2026 7:51,desktop,google
S00737,U05962,8/27/2026 12:51,mobile,linkedin
S00738,U02250,8/25/2026 22:27,mobile,google
S00739,U03575,8/2/2026 11:01,mobile,direct
S00740,U00974,8/17/2026 13:28,mobile,direct
S00741,U02169,8/23/2026 17:47,mobile,google
S00742,U02978,8/23/2026 17:31,mobile,direct
S00743,U02402,8/17/2026 11:19,desktop,google
S00744,U01409,9/8/2026 9:02,mobile,direct
S00745,U01073,9/19/2026 9:30,mobile,linkedin
S00746,U00143,9/23/2026 10:31,mobile,linkedin
S00747,U00607,9/28/2026 8:22,mobile,direct
S00748,U02874,9/8/2026 14:21,mobile,facebook
S00749,U00975,8/25/2026 17:19,desktop,direct
S00750,U05308,9/8/2026 17:48,desktop,linkedin
S00751,U04822,8/8/2026 21:32,mobile,direct
S00752,U03464,9/19/2026 11:41,mobile,linkedin
S00753,U00396,9/2/2026 17:28,mobile,direct
S00754,U02731,8/10/2026 21:09,mobile,facebook
S00755,U03880,8/26/2026 7:27,desktop,google
S00756,U04863,8/19/2026 19:29,mobile,google
S00757,U04623,8/21/2026 8:24,mobile,google
S00758,U00923,8/4/2026 15:49,desktop,google
S00759,U01323,8/1/2026 20:17,mobile,linkedin
S00760,U05317,8/21/2026 14:20,mobile,google
S00761,U01985,8/19/2026 15:57,desktop,linkedin
S00762,U00418,9/29/2026 16:54,mobile,google
S00763,U05327,8/16/2026 16:14,mobile,google
S00764,U04300,8/20/2026 18:42,mobile,direct
S00765,U01021,9/24/2026 20:44,desktop,linkedin
S00766,U01207,9/21/2026 9:09,mobile,linkedin
S00767,U01268,8/4/2026 13:39,mobile,direct
S00768,U01055,8/6/2026 20:38,mobile,referral
S00769,U01924,8/6/2026 13:06,mobile,linkedin
S00770,U01955,8/28/2026 14:49,mobile,google
S00771,U02709,9/4/2026 18:52,mobile,google
S00772,U03853,8/22/2026 21:57,mobile,referral
S00773,U05381,8/1/2026 11:01,mobile,direct
S00774,U05425,8/13/2026 22:17,desktop,direct
S00775,U00563,9/6/2026 18:21,mobile,direct
S00776,U01671,8/23/2026 7:29,desktop,google
S00777,U05744,8/8/2026 20:47,mobile,linkedin
S00778,U02445,9/9/2026 13:09,mobile,direct
S00779,U03305,9/6/2026 11:30,desktop,facebook
S00780,U03826,8/30/2026 15:25,desktop,google
S00781,U03460,9/26/2026 16:13,mobile,linkedin
S00782,U02043,9/20/2026 15:38,desktop,google
S00783,U04087,8/3/2026 7:53,mobile,referral
S00784,U05162,9/24/2026 20:09,mobile,google
S00785,U03183,8/3/2026 12:28,desktop,direct
S00786,U04265,8/29/2026 9:15,mobile,google
S00787,U01169,9/24/2026 16:03,desktop,linkedin
S00788,U00062,9/28/2026 16:57,mobile,direct
S00789,U00243,8/2/2026 8:39,desktop,google
S00790,U00303,8/5/2026 22:04,mobile,facebook
S00791,U00288,8/15/2026 16:36,mobile,facebook
S00792,U00911,8/17/2026 22:56,mobile,facebook
S00793,U03083,8/17/2026 17:43,mobile,google
S00794,U03890,8/26/2026 7:09,mobile,direct
S00795,U01163,8/20/2026 10:20,mobile,linkedin
S00796,U05088,9/4/2026 22:33,mobile,linkedin
S00797,U00543,9/21/2026 15:57,mobile,linkedin
S00798,U04704,9/2/2026 8:57,mobile,linkedin
S00799,U04220,8/20/2026 8:11,desktop,google
S00800,U00191,9/4/2026 15:35,desktop,linkedin
S00801,U05486,9/7/2026 16:30,desktop,google
S00802,U03798,9/23/2026 10:56,mobile,google
S00803,U01613,9/26/2026 10:07,desktop,google
S00804,U02869,8/17/2026 16:42,mobile,google
S00805,U00111,9/25/2026 13:58,mobile,direct
S00806,U01866,9/19/2026 7:35,mobile,linkedin
S00807,U05974,8/8/2026 7:55,desktop,google
S00808,U01526,9/3/2026 10:48,mobile,direct
S00809,U04077,8/10/2026 16:01,mobile,facebook
S00810,U04455,8/30/2026 11:48,desktop,facebook
S00811,U01876,8/3/2026 7:14,mobile,facebook
S00812,U01503,8/18/2026 21:38,mobile,referral
S00813,U04830,9/5/2026 18:05,desktop,linkedin
S00814,U01971,8/19/2026 16:20,mobile,referral
S00815,U03959,8/1/2026 10:54,mobile,referral
S00816,U05816,8/24/2026 18:19,desktop,google
S00817,U02576,9/2/2026 22:08,desktop,facebook
S00818,U05239,9/15/2026 17:48,mobile,direct
S00819,U04648,8/9/2026 11:43,mobile,direct
S00820,U04987,8/29/2026 13:16,mobile,facebook
S00821,U02020,8/12/2026 21:51,mobile,linkedin
S00822,U01093,8/10/2026 7:13,mobile,linkedin
S00823,U05476,8/8/2026 10:32,mobile,direct
S00824,U01608,9/15/2026 8:42,desktop,direct
S00825,U00392,9/25/2026 17:15,desktop,facebook
S00826,U03176,9/9/2026 14:20,mobile,facebook
S00827,U01247,8/23/2026 9:07,mobile,direct
S00828,U00050,9/26/2026 22:03,mobile,referral
S00829,U02576,8/30/2026 15:49,desktop,google
S00830,U04681,9/1/2026 10:58,mobile,referral
S00831,U02987,9/8/2026 22:08,mobile,google
S00832,U01441,9/9/2026 18:10,mobile,linkedin
S00833,U03623,8/30/2026 9:04,mobile,google
S00834,U01347,8/29/2026 20:13,desktop,linkedin
S00835,U04593,8/20/2026 7:56,desktop,linkedin
S00836,U04314,9/10/2026 21:30,mobile,google
S00837,U01865,9/10/2026 13:17,desktop,direct
S00838,U04052,8/27/2026 11:41,desktop,direct
S00839,U05093,9/12/2026 7:51,mobile,google
S00840,U02769,8/9/2026 21:54,mobile,direct
S00841,U05019,8/25/2026 15:57,mobile,google
S00842,U02521,9/29/2026 16:43,desktop,google
S00843,U04363,9/14/2026 20:36,mobile,google
S00844,U04063,9/13/2026 15:08,mobile,linkedin
S00845,U02627,9/21/2026 11:38,mobile,direct
S00846,U01587,9/6/2026 19:27,desktop,linkedin
S00847,U05750,9/9/2026 15:28,mobile,facebook
S00848,U05201,8/29/2026 10:49,desktop,linkedin
S00849,U00609,9/19/2026 20:30,mobile,direct
S00850,U05774,9/12/2026 20:00,desktop,referral
S00851,U05938,9/1/2026 10:57,mobile,linkedin
S00852,U01799,8/8/2026 17:23,mobile,google
S00853,U05254,9/18/2026 21:44,desktop,google
S00854,U00968,8/20/2026 19:47,desktop,linkedin
S00855,U02137,8/22/2026 10:10,mobile,linkedin
S00856,U01897,8/8/2026 20:41,mobile,google
S00857,U00259,8/14/2026 7:54,desktop,facebook
S00858,U04030,8/8/2026 16:52,desktop,referral
S00859,U02351,8/6/2026 15:10,mobile,google
S00860,U05335,8/2/2026 7:35,mobile,google
S00861,U03021,8/18/2026 18:36,desktop,google
S00862,U03221,9/15/2026 11:45,desktop,linkedin
S00863,U01734,9/21/2026 20:38,desktop,facebook
S00864,U03098,8/14/2026 21:02,mobile,linkedin
S00865,U04561,8/26/2026 16:26,mobile,google
S00866,U02124,9/19/2026 17:01,desktop,linkedin
S00867,U01464,9/12/2026 7:50,desktop,google
S00868,U04753,9/24/2026 21:14,desktop,linkedin
S00869,U02118,8/26/2026 17:54,mobile,linkedin
S00870,U00151,8/11/2026 13:09,mobile,direct
S00871,U01351,8/9/2026 8:22,desktop,linkedin
S00872,U03671,9/12/2026 15:04,mobile,facebook
S00873,U05825,8/2/2026 21:24,desktop,google
S00874,U05721,8/28/2026 20:48,mobile,direct
S00875,U05602,8/22/2026 8:34,desktop,google
S00876,U00531,9/25/2026 19:11,desktop,google
S00877,U00313,9/29/2026 8:18,mobile,facebook
S00878,U02657,8/30/2026 13:02,mobile,direct
S00879,U03342,9/4/2026 14:09,mobile,google
S00880,U03833,8/23/2026 7:21,mobile,linkedin
S00881,U04607,9/16/2026 9:11,mobile,direct
S00882,U03001,8/18/2026 21:05,mobile,referral
S00883,U01821,9/14/2026 17:04,desktop,direct
S00884,U04809,9/24/2026 19:34,mobile,google
S00885,U04889,8/11/2026 16:08,mobile,linkedin
S00886,U00378,8/14/2026 14:11,mobile,google
S00887,U04970,8/23/2026 7:17,mobile,google
S00888,U00937,9/19/2026 15:44,mobile,linkedin
S00889,U04740,9/8/2026 19:19,mobile,direct
S00890,U01221,8/12/2026 10:16,desktop,google
S00891,U04326,8/23/2026 14:51,mobile,direct
S00892,U04364,9/8/2026 13:35,desktop,direct
S00893,U00535,9/27/2026 20:56,mobile,direct
S00894,U02145,8/28/2026 9:36,mobile,google
S00895,U04268,8/5/2026 8:41,desktop,linkedin
S00896,U04176,8/7/2026 10:22,desktop,google
S00897,U01290,8/2/2026 9:29,mobile,google
S00898,U05565,8/8/2026 20:32,mobile,google
S00899,U03311,8/25/2026 11:10,mobile,google
S00900,U03467,8/17/2026 12:47,mobile,google
S00901,U00438,8/19/2026 11:06,mobile,google
S00902,U01498,9/15/2026 20:02,mobile,facebook
S00903,U00926,8/29/2026 17:37,mobile,direct
S00904,U03165,9/13/2026 14:34,mobile,google
S00905,U04154,9/2/2026 19:46,desktop,referral
S00906,U03117,8/13/2026 8:07,desktop,google
S00907,U02067,9/26/2026 17:51,mobile,linkedin
S00908,U04612,8/29/2026 12:47,mobile,facebook
S00909,U02381,9/20/2026 13:04,mobile,linkedin
S00910,U03288,8/6/2026 9:31,mobile,google
S00911,U01189,9/20/2026 8:33,desktop,google
S00912,U00506,9/12/2026 18:05,desktop,linkedin
S00913,U00098,8/15/2026 20:36,desktop,direct
S00914,U00605,9/17/2026 21:34,desktop,linkedin
S00915,U05186,9/14/2026 10:53,desktop,linkedin
S00916,U04320,9/23/2026 19:12,desktop,google
S00917,U05087,8/13/2026 8:46,mobile,linkedin
S00918,U03769,9/23/2026 19:27,mobile,google
S00919,U03025,9/15/2026 16:03,mobile,facebook
S00920,U00677,8/21/2026 20:47,mobile,direct
S00921,U05057,8/22/2026 8:04,mobile,linkedin
S00922,U03862,8/16/2026 19:25,desktop,direct
S00923,U00729,8/29/2026 14:28,mobile,google
S00924,U00908,9/23/2026 16:05,mobile,google
S00925,U03033,9/20/2026 15:37,mobile,linkedin
S00926,U04351,8/9/2026 18:25,mobile,linkedin
S00927,U04731,8/8/2026 16:35,mobile,direct
S00928,U03719,8/4/2026 13:39,desktop,referral
S00929,U00467,9/6/2026 13:57,mobile,google
S00930,U05826,8/19/2026 8:07,desktop,google
S00931,U01343,9/15/2026 18:35,mobile,linkedin
S00932,U05793,9/15/2026 18:17,mobile,google
S00933,U00110,8/12/2026 16:04,mobile,google
S00934,U01186,9/11/2026 18:32,desktop,referral
S00935,U04934,9/15/2026 11:18,desktop,facebook
S00936,U03193,9/29/2026 10:34,mobile,referral
S00937,U05604,9/13/2026 21:47,desktop,google
S00938,U05516,8/22/2026 22:15,mobile,google
S00939,U05329,9/29/2026 20:38,desktop,linkedin
S00940,U01572,8/17/2026 7:50,mobile,referral
S00941,U02279,9/18/2026 15:46,mobile,google
S00942,U05033,8/23/2026 18:46,desktop,google
S00943,U05378,9/26/2026 7:35,mobile,google
S00944,U02755,9/16/2026 22:29,mobile,direct
S00945,U04737,9/5/2026 19:35,mobile,direct
S00946,U00921,8/13/2026 11:56,mobile,direct
S00947,U00947,8/12/2026 15:06,desktop,google
S00948,U05760,9/26/2026 21:35,desktop,direct
S00949,U02228,9/18/2026 20:39,desktop,linkedin
S00950,U00601,8/31/2026 20:13,mobile,google
S00951,U05350,9/22/2026 22:44,mobile,google
S00952,U05655,9/16/2026 18:54,mobile,linkedin
S00953,U05742,8/24/2026 21:57,mobile,google
S00954,U00553,9/19/2026 22:15,mobile,referral
S00955,U00775,9/17/2026 7:18,desktop,linkedin
S00956,U04299,8/29/2026 17:27,desktop,google
S00957,U05113,8/2/2026 12:20,desktop,direct
S00958,U01127,9/14/2026 14:55,mobile,direct
S00959,U01840,8/21/2026 9:41,mobile,google
S00960,U04398,8/22/2026 17:48,mobile,linkedin
S00961,U03261,9/12/2026 20:21,mobile,google
S00962,U01903,9/18/2026 13:35,mobile,google
S00963,U02611,8/6/2026 18:10,mobile,direct
S00964,U03487,9/19/2026 12:11,mobile,linkedin
S00965,U00006,8/18/2026 18:59,desktop,google
S00966,U01669,9/3/2026 8:18,mobile,google
S00967,U05365,9/22/2026 21:04,desktop,linkedin
S00968,U03840,8/14/2026 13:02,mobile,google
S00969,U05126,8/14/2026 15:04,mobile,facebook
S00970,U00355,9/28/2026 19:51,mobile,linkedin
S00971,U01332,8/23/2026 7:28,mobile,facebook
S00972,U05767,9/26/2026 22:07,mobile,linkedin
S00973,U04173,8/22/2026 16:49,mobile,facebook
S00974,U01363,9/7/2026 22:36,desktop,google
S00975,U02526,8/31/2026 15:49,mobile,google
S00976,U01050,9/29/2026 10:18,mobile,google
S00977,U00009,9/3/2026 16:19,mobile,google
S00978,U03761,8/31/2026 16:08,mobile,facebook
S00979,U00987,8/28/2026 21:43,mobile,direct
S00980,U05669,8/23/2026 16:12,mobile,direct
S00981,U00990,8/27/2026 13:30,desktop,linkedin
S00982,U01210,8/28/2026 9:49,desktop,linkedin
S00983,U02424,9/15/2026 12:12,desktop,direct
S00984,U02763,8/3/2026 16:18,mobile,facebook
S00985,U05760,8/31/2026 12:54,mobile,linkedin
S00986,U03904,9/2/2026 12:48,desktop,direct
S00987,U01046,9/15/2026 7:13,mobile,google
S00988,U04305,9/9/2026 22:04,mobile,referral
S00989,U04530,8/26/2026 20:23,mobile,google
S00990,U02761,8/7/2026 11:04,desktop,linkedin
S00991,U02425,8/23/2026 9:11,mobile,facebook
S00992,U01513,8/16/2026 20:21,desktop,google
S00993,U04609,8/13/2026 20:23,desktop,google
S00994,U03618,9/13/2026 21:20,mobile,google
S00995,U03925,8/29/2026 15:45,desktop,linkedin
S00996,U03922,9/17/2026 18:46,mobile,referral
S00997,U02085,8/9/2026 18:40,mobile,facebook
S00998,U01212,9/29/2026 10:26,mobile,linkedin
S00999,U04603,8/29/2026 15:23,desktop,referral
S01000,U03896,8/16/2026 11:09,mobile,direct
S01001,U03192,8/22/2026 19:03,mobile,facebook
S01002,U02538,9/20/2026 22:32,mobile,google
S01003,U01508,9/12/2026 8:13,mobile,linkedin
S01004,U04587,8/11/2026 8:12,mobile,google
S01005,U03719,9/29/2026 11:13,mobile,google
S01006,U03053,8/8/2026 8:52,mobile,direct
S01007,U01367,8/17/2026 7:08,desktop,google
S01008,U00533,9/13/2026 22:39,mobile,linkedin
S01009,U04069,9/1/2026 16:19,desktop,direct
S01010,U03726,8/27/2026 19:25,mobile,google
S01011,U04202,9/25/2026 16:03,desktop,linkedin
S01012,U03752,9/17/2026 18:56,mobile,direct
S01013,U01341,9/27/2026 17:58,mobile,facebook
S01014,U05569,8/17/2026 9:33,desktop,google
S01015,U04196,9/21/2026 9:24,mobile,referral
S01016,U03773,8/13/2026 14:49,mobile,facebook
S01017,U05877,9/18/2026 12:56,desktop,direct
S01018,U05017,9/2/2026 20:27,desktop,linkedin
S01019,U05744,9/5/2026 11:53,mobile,direct
S01020,U01337,8/7/2026 12:15,mobile,facebook
S01021,U05509,9/22/2026 15:27,desktop,google
S01022,U03796,8/17/2026 10:05,desktop,referral
S01023,U05418,9/5/2026 20:44,desktop,facebook
S01024,U02091,8/10/2026 7:10,mobile,linkedin
S01025,U01852,9/25/2026 20:33,desktop,direct
S01026,U02074,8/20/2026 16:57,mobile,linkedin
S01027,U01157,9/15/2026 21:12,desktop,direct
S01028,U01083,9/15/2026 11:42,mobile,facebook
S01029,U02553,9/3/2026 21:24,desktop,google
S01030,U05518,8/8/2026 20:49,mobile,google
S01031,U00423,8/17/2026 14:18,mobile,google
S01032,U02322,9/6/2026 11:32,desktop,facebook
S01033,U04127,9/2/2026 10:09,mobile,linkedin
S01034,U02464,9/5/2026 9:25,desktop,facebook
S01035,U05399,8/15/2026 16:19,mobile,linkedin
S01036,U04796,9/2/2026 22:22,desktop,google
S01037,U00763,8/6/2026 16:03,mobile,facebook
S01038,U03364,8/30/2026 22:26,mobile,linkedin
S01039,U05357,8/6/2026 19:05,mobile,google
S01040,U05619,9/9/2026 17:57,mobile,google
S01041,U03813,9/4/2026 18:35,mobile,google
S01042,U04153,9/21/2026 21:51,desktop,google
S01043,U03398,8/28/2026 20:43,desktop,google
S01044,U04364,8/10/2026 9:35,desktop,linkedin
S01045,U03798,8/15/2026 16:21,mobile,google
S01046,U01260,9/18/2026 14:21,mobile,google
S01047,U01405,9/27/2026 21:04,mobile,google
S01048,U03139,8/4/2026 10:15,desktop,linkedin
S01049,U00711,9/10/2026 20:07,desktop,referral
S01050,U01660,8/29/2026 14:39,mobile,linkedin
S01051,U05834,8/16/2026 21:54,desktop,google
S01052,U03213,8/31/2026 19:39,mobile,linkedin
S01053,U01506,9/26/2026 12:31,mobile,facebook
S01054,U05059,8/12/2026 20:31,mobile,direct
S01055,U05256,9/20/2026 9:59,mobile,facebook
S01056,U04159,8/6/2026 7:03,desktop,referral
S01057,U04898,9/13/2026 15:06,desktop,direct
S01058,U03378,8/5/2026 13:13,mobile,referral
S01059,U04083,8/4/2026 9:00,mobile,google
S01060,U05224,8/3/2026 22:54,desktop,facebook
S01061,U05007,9/18/2026 7:37,desktop,facebook
S01062,U01247,9/4/2026 16:25,mobile,facebook
S01063,U01566,9/11/2026 11:10,mobile,linkedin
S01064,U03026,8/10/2026 11:44,mobile,direct
S01065,U02201,9/25/2026 10:22,mobile,google
S01066,U05119,9/18/2026 13:13,desktop,linkedin
S01067,U05805,8/30/2026 17:40,mobile,google
S01068,U04512,9/23/2026 12:09,desktop,linkedin
S01069,U00133,8/9/2026 18:32,mobile,direct
S01070,U02242,8/18/2026 14:09,mobile,google
S01071,U00014,8/3/2026 19:33,desktop,google
S01072,U04279,8/10/2026 14:06,mobile,google
S01073,U02871,9/20/2026 12:50,mobile,direct
S01074,U04421,8/25/2026 15:06,desktop,direct
S01075,U01682,9/8/2026 17:59,desktop,direct
S01076,U04210,9/22/2026 14:25,mobile,google
S01077,U01386,9/15/2026 21:29,mobile,facebook
S01078,U03996,8/24/2026 15:15,mobile,direct
S01079,U04361,8/21/2026 11:44,mobile,google
S01080,U02316,8/7/2026 7:26,mobile,google
S01081,U01241,9/19/2026 13:16,mobile,linkedin
S01082,U01081,9/29/2026 7:52,desktop,google
S01083,U03895,8/31/2026 7:34,desktop,google
S01084,U02562,8/30/2026 12:56,desktop,google
S01085,U03606,9/20/2026 11:38,desktop,google
S01086,U00101,8/21/2026 21:09,desktop,google
S01087,U02742,8/25/2026 18:40,desktop,google
S01088,U05938,9/23/2026 19:39,desktop,facebook
S01089,U05939,8/23/2026 15:43,mobile,linkedin
S01090,U02314,9/25/2026 8:45,mobile,linkedin
S01091,U04396,8/10/2026 20:36,mobile,direct
S01092,U04693,8/30/2026 14:55,desktop,linkedin
S01093,U03806,8/30/2026 13:51,mobile,google
S01094,U02095,8/19/2026 16:40,mobile,google
S01095,U04398,9/27/2026 9:37,mobile,google
S01096,U03377,8/29/2026 14:41,mobile,linkedin
S01097,U01951,9/22/2026 16:41,mobile,linkedin
S01098,U02665,8/14/2026 18:09,desktop,linkedin
S01099,U01296,8/21/2026 15:00,desktop,linkedin
S01100,U01032,8/29/2026 22:57,mobile,referral
S01101,U02077,9/3/2026 22:50,mobile,google
S01102,U02238,8/14/2026 8:32,mobile,linkedin
S01103,U01895,8/19/2026 8:19,desktop,linkedin
S01104,U01308,9/7/2026 15:14,desktop,direct
S01105,U05916,8/17/2026 20:14,mobile,direct
S01106,U00066,9/15/2026 15:11,desktop,direct
S01107,U02308,8/29/2026 10:28,mobile,google
S01108,U02944,9/28/2026 15:59,mobile,linkedin
S01109,U04719,8/15/2026 22:05,desktop,facebook
S01110,U03868,9/20/2026 9:40,mobile,linkedin
S01111,U04289,8/30/2026 14:07,mobile,referral
S01112,U02145,8/6/2026 17:12,mobile,google
S01113,U01349,9/12/2026 13:17,mobile,linkedin
S01114,U04747,8/13/2026 7:42,desktop,linkedin
S01115,U02755,8/9/2026 17:42,desktop,linkedin
S01116,U04328,9/1/2026 18:51,mobile,facebook
S01117,U01669,9/17/2026 17:28,mobile,google
S01118,U04016,8/16/2026 17:36,desktop,linkedin
S01119,U01532,9/7/2026 17:30,mobile,linkedin
S01120,U04058,8/1/2026 12:17,desktop,facebook
S01121,U03950,8/12/2026 7:15,desktop,linkedin
S01122,U05670,9/15/2026 22:49,mobile,referral
S01123,U02743,8/1/2026 10:16,desktop,facebook
S01124,U01004,8/22/2026 20:15,mobile,google
S01125,U05969,8/31/2026 15:39,mobile,facebook
S01126,U03860,8/4/2026 15:37,mobile,referral
S01127,U04589,9/28/2026 7:20,mobile,google
S01128,U03226,8/31/2026 22:50,desktop,linkedin
S01129,U01987,8/21/2026 15:27,desktop,google
S01130,U05447,9/28/2026 20:16,desktop,direct
S01131,U00109,9/3/2026 19:26,desktop,google
S01132,U02364,9/10/2026 9:12,mobile,direct
S01133,U04527,8/6/2026 22:09,mobile,linkedin
S01134,U02447,8/10/2026 16:27,desktop,linkedin
S01135,U00196,8/3/2026 9:57,desktop,google
S01136,U05798,8/31/2026 16:17,mobile,direct
S01137,U05860,9/20/2026 16:51,mobile,linkedin
S01138,U03070,9/24/2026 17:26,mobile,direct
S01139,U00100,9/4/2026 12:08,mobile,google
S01140,U03434,8/4/2026 22:03,desktop,google
S01141,U01444,9/7/2026 10:47,mobile,linkedin
S01142,U05500,9/8/2026 14:52,desktop,referral
S01143,U04694,9/5/2026 20:25,desktop,google
S01144,U03674,9/13/2026 8:14,desktop,direct
S01145,U04010,9/3/2026 13:27,mobile,google
S01146,U00956,9/12/2026 14:40,mobile,direct
S01147,U01987,8/30/2026 19:21,desktop,google
S01148,U01071,8/10/2026 19:36,desktop,linkedin
S01149,U05082,8/5/2026 19:45,mobile,google
S01150,U02110,9/24/2026 12:44,desktop,google
S01151,U05515,8/27/2026 14:51,mobile,google
S01152,U03073,8/20/2026 7:26,desktop,google
S01153,U02107,8/18/2026 20:09,mobile,linkedin
S01154,U04527,8/4/2026 11:51,mobile,referral
S01155,U04472,9/26/2026 14:28,mobile,linkedin
S01156,U00079,8/5/2026 17:54,mobile,facebook
S01157,U04508,8/14/2026 19:25,mobile,linkedin
S01158,U01983,8/28/2026 8:22,mobile,google
S01159,U03393,8/22/2026 19:16,mobile,google
S01160,U03040,8/3/2026 13:00,desktop,linkedin
S01161,U01752,8/20/2026 13:41,mobile,google
S01162,U01312,9/16/2026 9:07,desktop,facebook
S01163,U00411,8/16/2026 18:28,desktop,direct
S01164,U00023,9/21/2026 14:36,mobile,linkedin
S01165,U00107,8/22/2026 8:39,mobile,linkedin
S01166,U02619,8/1/2026 9:15,desktop,linkedin
S01167,U02648,8/7/2026 18:32,desktop,linkedin
S01168,U04140,9/18/2026 8:44,mobile,google
S01169,U00246,8/25/2026 15:20,desktop,google
S01170,U05038,9/28/2026 18:09,mobile,google
S01171,U00911,9/17/2026 21:35,mobile,google
S01172,U05449,8/2/2026 9:31,desktop,direct
S01173,U00602,8/19/2026 11:44,mobile,google
S01174,U04810,9/13/2026 9:28,desktop,google
S01175,U03010,8/4/2026 21:04,mobile,facebook
S01176,U04111,9/29/2026 16:28,desktop,referral
S01177,U03267,8/10/2026 22:43,mobile,linkedin
S01178,U03623,9/17/2026 7:41,mobile,linkedin
S01179,U02407,9/20/2026 18:17,mobile,direct
S01180,U02664,8/31/2026 7:31,mobile,google
S01181,U00810,9/18/2026 8:44,desktop,linkedin
S01182,U04893,9/23/2026 13:54,mobile,google
S01183,U02924,9/14/2026 12:52,mobile,linkedin
S01184,U00538,9/12/2026 12:50,mobile,referral
S01185,U01854,8/24/2026 8:05,mobile,direct
S01186,U04606,8/18/2026 15:42,desktop,referral
S01187,U00507,9/22/2026 12:27,mobile,direct
S01188,U05467,8/14/2026 22:53,desktop,linkedin
S01189,U03336,8/25/2026 19:37,mobile,direct
S01190,U01720,8/31/2026 13:57,desktop,direct
S01191,U01613,8/24/2026 19:14,mobile,linkedin
S01192,U03670,8/23/2026 16:13,mobile,google
S01193,U01865,9/5/2026 14:55,desktop,linkedin
S01194,U05795,8/20/2026 21:42,desktop,google
S01195,U02394,9/29/2026 16:23,desktop,linkedin
S01196,U00238,8/11/2026 14:43,mobile,google
S01197,U03394,8/24/2026 16:03,mobile,linkedin
S01198,U00505,9/20/2026 19:29,desktop,google
S01199,U05769,8/29/2026 18:51,mobile,google
S01200,U03887,9/12/2026 15:46,desktop,linkedin
S01201,U02083,9/8/2026 9:49,mobile,google
S01202,U01499,8/20/2026 17:11,mobile,referral
S01203,U02801,9/14/2026 13:53,desktop,linkedin
S01204,U03797,8/15/2026 21:55,desktop,google
S01205,U05700,9/14/2026 21:32,mobile,google
S01206,U05968,8/8/2026 7:00,mobile,facebook
S01207,U03436,9/11/2026 22:59,mobile,direct
S01208,U02706,8/7/2026 21:24,mobile,linkedin
S01209,U05622,9/22/2026 21:30,mobile,google
S01210,U05125,9/7/2026 14:57,mobile,direct
S01211,U00965,8/3/2026 11:19,desktop,referral
S01212,U04968,8/7/2026 16:42,desktop,linkedin
S01213,U01077,8/12/2026 21:07,mobile,google
S01214,U04788,9/27/2026 14:12,mobile,google
S01215,U00692,9/5/2026 22:45,mobile,google
S01216,U02347,8/17/2026 11:10,mobile,direct
S01217,U02183,8/17/2026 20:38,mobile,referral
S01218,U04224,8/2/2026 8:03,mobile,referral
S01219,U05198,8/13/2026 20:25,desktop,direct
S01220,U03012,9/21/2026 22:07,mobile,google
S01221,U03506,9/5/2026 18:14,mobile,referral
S01222,U05902,8/23/2026 16:58,mobile,google
S01223,U00411,8/2/2026 13:35,desktop,google
S01224,U03683,8/21/2026 20:58,desktop,direct
S01225,U02120,8/23/2026 9:01,mobile,google
S01226,U01598,8/8/2026 11:39,desktop,facebook
S01227,U01255,9/6/2026 9:05,mobile,referral
S01228,U00508,9/9/2026 11:26,mobile,direct
S01229,U05920,9/29/2026 15:22,desktop,direct
S01230,U00174,8/22/2026 12:22,mobile,linkedin
S01231,U03434,8/17/2026 13:43,mobile,google
S01232,U03389,9/19/2026 10:41,mobile,direct
S01233,U02821,8/22/2026 12:38,mobile,linkedin
S01234,U00733,9/7/2026 14:58,desktop,facebook
S01235,U00746,9/14/2026 10:25,mobile,google
S01236,U03261,9/22/2026 21:58,mobile,google
S01237,U03378,8/20/2026 21:21,mobile,google
S01238,U04677,9/7/2026 21:01,mobile,direct
S01239,U00727,8/8/2026 7:01,mobile,direct
S01240,U00211,9/16/2026 14:55,mobile,referral
S01241,U03689,8/3/2026 19:43,desktop,google
S01242,U03063,9/11/2026 12:34,mobile,linkedin
S01243,U02344,8/13/2026 10:42,mobile,google
S01244,U04206,8/28/2026 16:47,mobile,google
S01245,U05319,8/5/2026 7:02,mobile,google
S01246,U00618,9/11/2026 16:47,mobile,linkedin
S01247,U00257,8/29/2026 14:13,mobile,linkedin
S01248,U02795,9/9/2026 17:56,mobile,google
S01249,U00317,8/21/2026 17:55,desktop,direct
S01250,U03739,8/1/2026 15:34,desktop,facebook
S01251,U04878,9/4/2026 16:20,mobile,google
S01252,U00023,9/11/2026 7:25,mobile,google
S01253,U02076,9/9/2026 22:42,mobile,direct
S01254,U02642,8/16/2026 8:13,mobile,direct
S01255,U02691,9/12/2026 22:37,mobile,facebook
S01256,U01156,9/2/2026 22:34,desktop,google
S01257,U00242,8/13/2026 18:29,desktop,linkedin
S01258,U00074,8/7/2026 18:56,desktop,facebook
S01259,U00646,8/20/2026 7:28,mobile,linkedin
S01260,U01613,8/2/2026 22:10,desktop,linkedin
S01261,U01451,9/12/2026 15:27,mobile,referral
S01262,U02075,8/1/2026 12:25,mobile,google
S01263,U05654,8/3/2026 17:43,mobile,direct
S01264,U01684,8/10/2026 15:33,desktop,facebook
S01265,U02581,8/20/2026 12:47,mobile,google
S01266,U03590,8/2/2026 12:09,desktop,direct
S01267,U02141,9/7/2026 8:53,mobile,linkedin
S01268,U00392,8/8/2026 21:32,desktop,facebook
S01269,U01968,9/18/2026 17:39,mobile,facebook
S01270,U02854,9/3/2026 11:36,mobile,facebook
S01271,U00770,8/6/2026 18:34,desktop,google
S01272,U03270,8/25/2026 18:06,mobile,direct
S01273,U03445,8/9/2026 9:14,mobile,referral
S01274,U01527,9/28/2026 9:48,mobile,direct
S01275,U03688,9/5/2026 10:41,mobile,linkedin
S01276,U05817,9/18/2026 8:41,mobile,google
S01277,U00903,8/23/2026 20:10,mobile,facebook
S01278,U05234,8/9/2026 9:29,mobile,google
S01279,U02707,8/15/2026 19:58,desktop,google
S01280,U05937,8/26/2026 15:28,mobile,referral
S01281,U00274,9/16/2026 8:52,mobile,referral
S01282,U03402,8/26/2026 20:30,mobile,referral
S01283,U04628,9/25/2026 9:46,mobile,linkedin
S01284,U02318,8/22/2026 22:59,mobile,google
S01285,U00998,8/14/2026 7:13,desktop,linkedin
S01286,U00283,8/30/2026 16:57,desktop,google
S01287,U04324,8/7/2026 12:01,mobile,facebook
S01288,U03098,9/10/2026 15:32,mobile,linkedin
S01289,U03027,8/7/2026 20:26,mobile,linkedin
S01290,U01021,9/8/2026 19:35,mobile,google
S01291,U00484,8/23/2026 11:30,mobile,linkedin
S01292,U04579,8/22/2026 8:01,desktop,facebook
S01293,U01378,9/6/2026 11:32,mobile,direct
S01294,U03213,9/12/2026 19:57,mobile,google
S01295,U00855,9/25/2026 15:14,mobile,google
S01296,U02576,8/18/2026 19:08,mobile,linkedin
S01297,U05907,9/18/2026 14:54,mobile,google
S01298,U03694,9/20/2026 15:28,mobile,referral
S01299,U01034,9/29/2026 8:02,desktop,direct
S01300,U00092,9/27/2026 7:22,mobile,google
S01301,U00781,9/17/2026 18:15,mobile,direct
S01302,U03088,8/18/2026 10:14,mobile,google
S01303,U05671,9/11/2026 12:46,desktop,google
S01304,U05600,9/17/2026 12:54,mobile,linkedin
S01305,U00278,8/18/2026 17:07,desktop,google
S01306,U04456,9/18/2026 22:03,desktop,linkedin
S01307,U01329,9/12/2026 19:07,mobile,facebook
S01308,U01793,8/30/2026 17:12,desktop,referral
S01309,U01110,9/21/2026 20:21,mobile,google
S01310,U05766,8/6/2026 15:09,desktop,direct
S01311,U00839,9/11/2026 9:19,mobile,google
S01312,U00494,9/17/2026 14:48,desktop,linkedin
S01313,U05675,8/3/2026 22:38,mobile,google
S01314,U05022,8/25/2026 19:28,mobile,linkedin
S01315,U01479,9/1/2026 12:35,mobile,google
S01316,U03721,8/13/2026 12:10,desktop,referral
S01317,U03010,9/22/2026 21:41,mobile,facebook
S01318,U02894,9/7/2026 8:30,mobile,google
S01319,U00098,8/17/2026 21:55,desktop,direct
S01320,U03785,8/27/2026 17:49,desktop,google
S01321,U04551,8/7/2026 19:55,mobile,direct
S01322,U00052,8/6/2026 12:15,mobile,google
S01323,U02520,9/14/2026 17:22,mobile,google
S01324,U01515,9/29/2026 12:12,desktop,direct
S01325,U05133,8/17/2026 7:16,mobile,linkedin
S01326,U01589,8/15/2026 14:16,desktop,linkedin
S01327,U04424,9/11/2026 22:40,mobile,linkedin
S01328,U04601,8/31/2026 10:53,mobile,google
S01329,U02670,8/9/2026 9:35,mobile,google
S01330,U04793,9/10/2026 21:44,mobile,linkedin
S01331,U04244,8/13/2026 21:33,desktop,direct
S01332,U04637,8/7/2026 20:33,mobile,google
S01333,U02290,8/28/2026 22:37,mobile,google
S01334,U05882,9/14/2026 22:51,desktop,linkedin
S01335,U02207,9/1/2026 21:41,desktop,direct
S01336,U04258,9/8/2026 22:25,desktop,facebook
S01337,U04395,8/15/2026 18:54,mobile,linkedin
S01338,U05057,8/30/2026 12:01,mobile,linkedin
S01339,U02044,9/12/2026 14:19,desktop,linkedin
S01340,U01193,9/1/2026 13:05,mobile,google
S01341,U00788,8/15/2026 15:09,mobile,google
S01342,U00794,9/27/2026 18:10,desktop,google
S01343,U02830,8/5/2026 10:52,mobile,facebook
S01344,U01068,9/24/2026 7:15,mobile,google
S01345,U04983,9/13/2026 16:38,desktop,direct
S01346,U00730,8/7/2026 22:54,mobile,linkedin
S01347,U05230,8/16/2026 20:47,mobile,linkedin
S01348,U00974,8/23/2026 7:10,mobile,facebook
S01349,U00894,9/27/2026 16:34,mobile,direct
S01350,U00327,9/1/2026 15:30,mobile,google
S01351,U00183,8/16/2026 13:47,desktop,direct
S01352,U02806,9/25/2026 17:41,desktop,linkedin
S01353,U04930,8/8/2026 13:49,mobile,google
S01354,U00809,9/18/2026 21:37,mobile,direct
S01355,U01471,9/19/2026 21:31,desktop,direct
S01356,U05576,8/24/2026 17:18,mobile,google
S01357,U01167,8/3/2026 14:20,mobile,referral
S01358,U01363,9/23/2026 16:33,mobile,direct
S01359,U04843,9/28/2026 21:24,desktop,linkedin
S01360,U00103,8/23/2026 11:48,mobile,google
S01361,U04389,8/12/2026 20:53,desktop,google
S01362,U00301,8/17/2026 16:27,mobile,linkedin
S01363,U03252,8/9/2026 8:00,mobile,direct
S01364,U03171,9/6/2026 18:59,mobile,linkedin
S01365,U02882,9/1/2026 10:14,mobile,direct
S01366,U03653,8/22/2026 15:14,mobile,google
S01367,U01147,9/9/2026 22:12,mobile,direct
S01368,U04230,9/7/2026 19:28,mobile,facebook
S01369,U00990,8/1/2026 18:11,mobile,direct
S01370,U05216,8/25/2026 8:06,mobile,direct
S01371,U03472,9/21/2026 20:44,mobile,facebook
S01372,U01262,9/17/2026 12:21,desktop,google
S01373,U00189,9/21/2026 7:48,mobile,direct
S01374,U02987,9/27/2026 22:21,desktop,referral
S01375,U05209,8/4/2026 10:03,desktop,linkedin
S01376,U03254,8/17/2026 12:10,mobile,google
S01377,U03442,8/28/2026 9:16,desktop,referral
S01378,U01889,8/31/2026 16:56,desktop,google
S01379,U00766,9/17/2026 20:53,mobile,google
S01380,U03567,9/13/2026 15:19,mobile,google
S01381,U00001,9/12/2026 20:54,mobile,linkedin
S01382,U02447,8/10/2026 21:59,mobile,linkedin
S01383,U00611,9/10/2026 20:57,mobile,linkedin
S01384,U00758,9/17/2026 9:36,desktop,referral
S01385,U02090,9/15/2026 10:17,desktop,linkedin
S01386,U01664,9/4/2026 11:47,mobile,linkedin
S01387,U05193,8/6/2026 17:12,desktop,facebook
S01388,U04659,8/9/2026 20:47,mobile,facebook
S01389,U00778,9/14/2026 12:00,desktop,google
S01390,U02819,9/22/2026 17:39,mobile,google
S01391,U01302,9/19/2026 9:59,desktop,direct
S01392,U04124,8/26/2026 15:41,desktop,facebook
S01393,U05220,9/5/2026 19:28,mobile,linkedin
S01394,U05926,8/11/2026 13:19,mobile,google
S01395,U00761,9/5/2026 9:36,desktop,direct
S01396,U00975,8/12/2026 13:34,mobile,direct
S01397,U02836,9/17/2026 19:11,mobile,linkedin
S01398,U04848,9/17/2026 21:57,desktop,facebook
S01399,U00711,8/4/2026 16:51,mobile,direct
S01400,U05482,9/26/2026 17:44,mobile,direct
S01401,U02931,9/17/2026 13:42,mobile,direct
S01402,U04703,8/23/2026 21:51,mobile,direct
S01403,U01492,8/28/2026 20:55,desktop,linkedin
S01404,U05671,8/5/2026 22:33,mobile,linkedin
S01405,U03208,9/26/2026 20:48,mobile,direct
S01406,U00724,8/7/2026 15:45,mobile,linkedin
S01407,U00773,9/25/2026 22:22,desktop,linkedin
S01408,U01804,9/9/2026 16:45,mobile,google
S01409,U03153,9/25/2026 16:37,desktop,direct
S01410,U00269,8/23/2026 17:30,desktop,direct
S01411,U02219,9/23/2026 9:58,desktop,google
S01412,U05158,8/26/2026 20:25,desktop,google
S01413,U04306,8/22/2026 12:48,desktop,google
S01414,U03247,8/21/2026 17:32,desktop,referral
S01415,U00365,9/27/2026 20:30,mobile,facebook
S01416,U00245,8/28/2026 8:50,desktop,linkedin
S01417,U02741,8/29/2026 11:48,mobile,linkedin
S01418,U02454,9/8/2026 22:04,mobile,direct
S01419,U00641,9/3/2026 12:46,desktop,linkedin
S01420,U02770,9/2/2026 17:34,desktop,referral
S01421,U03288,8/23/2026 15:59,desktop,google
S01422,U03798,8/10/2026 20:55,mobile,google
S01423,U03549,9/29/2026 15:09,mobile,linkedin
S01424,U02249,8/30/2026 13:47,mobile,google
S01425,U02421,9/28/2026 7:15,mobile,linkedin
S01426,U01407,8/28/2026 14:35,mobile,direct
S01427,U01629,9/5/2026 16:21,mobile,google
S01428,U03987,9/2/2026 18:01,mobile,linkedin
S01429,U01425,9/27/2026 19:28,desktop,direct
S01430,U03003,8/7/2026 19:25,mobile,facebook
S01431,U04963,9/1/2026 14:20,desktop,linkedin
S01432,U01024,8/10/2026 8:15,mobile,google
S01433,U05167,9/22/2026 11:04,mobile,linkedin
S01434,U03524,9/1/2026 13:31,mobile,linkedin
S01435,U03306,9/25/2026 22:39,mobile,direct
S01436,U04168,8/17/2026 19:19,desktop,linkedin
S01437,U00086,8/10/2026 21:18,mobile,google
S01438,U03198,9/7/2026 22:52,mobile,direct
S01439,U00132,8/9/2026 9:07,desktop,linkedin
S01440,U03397,8/23/2026 7:11,desktop,google
S01441,U05363,8/19/2026 16:11,mobile,linkedin
S01442,U04194,8/14/2026 11:14,mobile,referral
S01443,U04848,8/8/2026 20:54,mobile,direct
S01444,U02594,9/9/2026 14:26,mobile,google
S01445,U03732,9/15/2026 7:08,mobile,direct
S01446,U02528,8/24/2026 10:34,mobile,google
S01447,U04952,8/17/2026 12:27,desktop,linkedin
S01448,U00454,8/10/2026 7:25,mobile,linkedin
S01449,U02464,9/10/2026 12:04,mobile,google
S01450,U03560,9/18/2026 15:37,mobile,google
S01451,U02208,9/2/2026 21:17,desktop,referral
S01452,U02818,8/26/2026 17:23,mobile,google
S01453,U01891,9/8/2026 8:29,desktop,facebook
S01454,U00051,9/24/2026 13:39,desktop,direct
S01455,U05428,9/29/2026 19:17,mobile,linkedin
S01456,U05610,8/12/2026 12:55,mobile,google
S01457,U02474,8/29/2026 16:00,mobile,google
S01458,U00557,9/22/2026 22:46,mobile,google
S01459,U03966,9/7/2026 9:12,desktop,linkedin
S01460,U02100,9/18/2026 14:38,mobile,referral
S01461,U00739,9/29/2026 16:45,desktop,facebook
S01462,U02051,8/7/2026 19:46,mobile,google
S01463,U05756,9/6/2026 20:23,mobile,google
S01464,U04613,9/1/2026 11:35,mobile,google
S01465,U02176,8/18/2026 14:28,desktop,referral
S01466,U04792,9/9/2026 20:16,desktop,google
S01467,U03032,8/7/2026 20:25,mobile,google
S01468,U04716,8/30/2026 20:10,mobile,direct
S01469,U01835,8/25/2026 17:40,desktop,linkedin
S01470,U00499,8/24/2026 11:16,mobile,google
S01471,U04809,9/6/2026 12:53,desktop,direct
S01472,U04117,9/26/2026 17:29,mobile,google
S01473,U03893,9/26/2026 11:04,mobile,google
S01474,U05359,9/12/2026 17:54,mobile,google
S01475,U04675,8/20/2026 15:14,mobile,google
S01476,U02014,9/27/2026 14:04,mobile,referral
S01477,U04353,9/29/2026 12:41,mobile,linkedin
S01478,U01971,9/20/2026 19:22,desktop,direct
S01479,U04623,9/22/2026 14:26,mobile,google
S01480,U04391,9/19/2026 11:54,mobile,direct
S01481,U05502,9/15/2026 13:08,mobile,referral
S01482,U05174,9/13/2026 14:44,mobile,google
S01483,U05283,9/8/2026 16:52,mobile,referral
S01484,U00682,9/8/2026 22:50,mobile,direct
S01485,U00444,8/24/2026 12:26,mobile,direct
S01486,U04734,9/23/2026 9:51,mobile,google
S01487,U05782,9/8/2026 22:38,desktop,direct
S01488,U03486,9/6/2026 9:21,mobile,linkedin
S01489,U02063,9/14/2026 21:27,desktop,referral
S01490,U04175,8/5/2026 9:16,mobile,facebook
S01491,U02911,9/25/2026 12:49,mobile,linkedin
S01492,U05116,9/4/2026 22:58,desktop,referral
S01493,U05366,9/26/2026 9:39,desktop,facebook
S01494,U00042,8/7/2026 9:33,desktop,linkedin
S01495,U05811,8/15/2026 16:44,mobile,google
S01496,U01390,9/26/2026 10:02,mobile,google
S01497,U03399,9/11/2026 7:23,desktop,google
S01498,U05307,9/8/2026 18:06,mobile,google
S01499,U01558,8/25/2026 22:21,mobile,referral
S01500,U03985,9/3/2026 19:09,desktop,google
S01501,U05125,9/2/2026 22:25,desktop,direct
S01502,U04298,8/12/2026 15:25,desktop,direct
S01503,U02294,9/3/2026 16:49,mobile,direct
S01504,U00862,8/31/2026 22:43,mobile,google
S01505,U04866,8/19/2026 15:03,desktop,linkedin
S01506,U05452,8/21/2026 7:37,mobile,direct
S01507,U03636,9/16/2026 10:49,desktop,linkedin
S01508,U00251,9/10/2026 16:55,mobile,google
S01509,U04513,8/29/2026 20:43,mobile,direct
S01510,U05494,9/6/2026 16:42,desktop,google
S01511,U04461,8/15/2026 13:29,mobile,linkedin
S01512,U01405,8/30/2026 12:08,mobile,linkedin
S01513,U00986,9/3/2026 17:55,mobile,google
S01514,U01239,8/16/2026 21:23,desktop,facebook
S01515,U02430,8/11/2026 11:26,desktop,google
S01516,U02327,9/1/2026 15:50,mobile,referral
S01517,U03002,9/26/2026 13:50,mobile,facebook
S01518,U01664,8/28/2026 10:56,desktop,google
S01519,U00182,9/24/2026 13:29,mobile,google
S01520,U03101,9/21/2026 8:24,mobile,google
S01521,U01505,9/14/2026 15:28,mobile,facebook
S01522,U04015,9/23/2026 8:42,mobile,direct
S01523,U05051,8/25/2026 14:35,desktop,google
S01524,U01303,9/15/2026 21:21,desktop,linkedin
S01525,U01634,8/9/2026 9:19,desktop,google
S01526,U00123,8/20/2026 11:00,mobile,linkedin
S01527,U02016,9/3/2026 18:32,mobile,linkedin
S01528,U02810,8/3/2026 21:30,mobile,google
S01529,U02349,9/15/2026 22:17,mobile,facebook
S01530,U05391,9/25/2026 8:55,mobile,google
S01531,U00443,8/7/2026 10:49,mobile,linkedin
S01532,U03229,9/29/2026 22:44,mobile,direct
S01533,U05160,8/6/2026 15:05,mobile,referral
S01534,U02085,8/8/2026 20:20,desktop,linkedin
S01535,U01756,9/15/2026 7:13,mobile,facebook
S01536,U02308,9/11/2026 8:51,mobile,google
S01537,U05672,9/26/2026 10:16,desktop,facebook
S01538,U04764,8/26/2026 8:22,desktop,google
S01539,U03143,9/4/2026 21:15,desktop,direct
S01540,U05516,8/9/2026 19:51,mobile,google
S01541,U05056,9/11/2026 13:14,desktop,referral
S01542,U04724,9/29/2026 8:14,mobile,referral
S01543,U05292,9/5/2026 8:41,mobile,linkedin
S01544,U04858,9/25/2026 11:11,mobile,linkedin
S01545,U02952,8/24/2026 18:37,mobile,linkedin
S01546,U03772,9/28/2026 19:49,mobile,google
S01547,U05608,9/2/2026 15:37,mobile,direct
S01548,U03247,8/9/2026 21:31,desktop,direct
S01549,U01800,8/22/2026 21:51,mobile,linkedin
S01550,U04393,8/30/2026 19:16,mobile,google
S01551,U01767,8/5/2026 8:15,mobile,facebook
S01552,U03608,9/23/2026 21:14,mobile,google
S01553,U03383,8/15/2026 21:32,mobile,direct
S01554,U05858,9/10/2026 15:57,mobile,google
S01555,U05439,9/25/2026 16:35,mobile,google
S01556,U04684,8/27/2026 19:28,desktop,google
S01557,U04545,9/6/2026 16:28,desktop,google
S01558,U02253,9/1/2026 12:30,mobile,direct
S01559,U04004,9/15/2026 18:09,desktop,linkedin
S01560,U03027,8/3/2026 19:33,desktop,direct
S01561,U00639,8/22/2026 9:15,desktop,direct
S01562,U01658,9/6/2026 17:52,mobile,google
S01563,U05515,8/6/2026 9:46,desktop,google
S01564,U03035,9/21/2026 16:11,desktop,direct
S01565,U05237,9/7/2026 8:43,desktop,direct
S01566,U04517,8/1/2026 22:52,mobile,linkedin
S01567,U05959,8/1/2026 17:41,mobile,google
S01568,U05537,8/10/2026 14:30,mobile,facebook
S01569,U01534,9/9/2026 15:03,mobile,google
S01570,U03648,9/1/2026 16:54,mobile,direct
S01571,U00483,8/29/2026 8:59,mobile,google
S01572,U05662,9/3/2026 15:09,mobile,direct
S01573,U02199,8/30/2026 18:27,mobile,linkedin
S01574,U04278,8/21/2026 11:10,desktop,direct
S01575,U03252,8/1/2026 14:40,mobile,google
S01576,U01691,8/2/2026 12:17,mobile,linkedin
S01577,U03183,9/11/2026 9:34,desktop,google
S01578,U00788,9/14/2026 22:39,desktop,direct
S01579,U01500,8/15/2026 16:29,desktop,google
S01580,U02633,8/15/2026 13:16,desktop,google
S01581,U05350,8/25/2026 12:24,desktop,direct
S01582,U01516,9/8/2026 17:52,mobile,google
S01583,U01885,9/5/2026 8:43,mobile,google
S01584,U04912,9/3/2026 16:04,mobile,facebook
S01585,U03440,8/3/2026 10:41,mobile,facebook
S01586,U02938,8/26/2026 21:14,desktop,facebook
S01587,U01380,9/15/2026 19:32,mobile,google
S01588,U00813,9/5/2026 19:07,mobile,linkedin
S01589,U05095,9/18/2026 9:19,mobile,direct
S01590,U01670,9/11/2026 8:17,mobile,google
S01591,U02174,9/23/2026 14:20,mobile,direct
S01592,U00187,9/4/2026 12:41,mobile,google
S01593,U00343,9/4/2026 18:35,desktop,facebook
S01594,U04976,9/3/2026 18:23,mobile,direct
S01595,U03152,8/16/2026 13:21,desktop,linkedin
S01596,U00123,8/27/2026 9:34,desktop,linkedin
S01597,U05912,8/11/2026 12:11,mobile,google
S01598,U03208,8/26/2026 15:03,mobile,google
S01599,U00673,8/9/2026 11:03,desktop,direct
S01600,U00166,8/30/2026 12:05,mobile,linkedin
S01601,U04499,9/27/2026 10:51,desktop,linkedin
S01602,U05995,8/28/2026 8:02,mobile,google
S01603,U05783,9/14/2026 16:37,desktop,direct
S01604,U02413,8/27/2026 22:57,desktop,linkedin
S01605,U00620,9/24/2026 22:13,mobile,google
S01606,U00166,8/13/2026 21:52,mobile,referral
S01607,U00786,9/20/2026 17:32,desktop,linkedin
S01608,U04697,9/13/2026 18:57,mobile,linkedin
S01609,U00478,9/23/2026 8:01,mobile,referral
S01610,U01164,8/8/2026 10:12,mobile,google
S01611,U01548,9/23/2026 18:17,mobile,referral
S01612,U04589,9/24/2026 22:48,desktop,direct
S01613,U00754,8/18/2026 21:31,desktop,direct
S01614,U00274,9/7/2026 17:05,mobile,google
S01615,U04200,9/5/2026 8:44,desktop,google
S01616,U04072,8/3/2026 22:27,mobile,linkedin
S01617,U02098,9/1/2026 12:05,mobile,google
S01618,U03416,9/9/2026 7:40,mobile,google
S01619,U02895,8/13/2026 19:17,desktop,linkedin
S01620,U00385,8/22/2026 9:46,mobile,direct
S01621,U02810,9/5/2026 11:49,mobile,google
S01622,U02338,9/25/2026 17:50,mobile,direct
S01623,U00089,8/4/2026 22:26,desktop,referral
S01624,U04353,9/26/2026 21:30,mobile,direct
S01625,U03695,9/18/2026 9:37,mobile,direct
S01626,U05139,9/20/2026 9:48,desktop,direct
S01627,U05864,8/3/2026 19:56,mobile,google
S01628,U03650,9/4/2026 12:04,mobile,google
S01629,U05664,8/23/2026 8:14,mobile,referral
S01630,U02847,9/25/2026 16:24,mobile,direct
S01631,U03405,9/14/2026 17:30,mobile,direct
S01632,U04295,9/8/2026 22:59,desktop,referral
S01633,U03188,8/2/2026 14:46,desktop,google
S01634,U05158,9/22/2026 19:47,desktop,google
S01635,U00361,8/30/2026 15:33,desktop,direct
S01636,U04636,8/10/2026 21:46,mobile,google
S01637,U00241,9/22/2026 14:47,mobile,linkedin
S01638,U01358,9/24/2026 17:48,desktop,facebook
S01639,U04976,8/30/2026 22:24,mobile,linkedin
S01640,U05930,9/9/2026 21:02,desktop,google
S01641,U05484,9/6/2026 13:24,desktop,direct
S01642,U01790,8/19/2026 15:06,mobile,google
S01643,U04052,9/14/2026 16:29,mobile,facebook
S01644,U03632,9/29/2026 8:59,mobile,google
S01645,U05608,9/26/2026 10:44,mobile,facebook
S01646,U01884,9/11/2026 18:21,mobile,linkedin
S01647,U01387,8/22/2026 8:08,mobile,linkedin
S01648,U04074,9/24/2026 16:37,desktop,linkedin
S01649,U05856,9/25/2026 14:45,desktop,google
S01650,U03775,8/1/2026 14:45,desktop,linkedin
S01651,U02005,8/21/2026 20:32,mobile,facebook
S01652,U04728,9/3/2026 11:23,mobile,facebook
S01653,U05065,9/4/2026 19:39,mobile,google
S01654,U00008,9/12/2026 19:32,mobile,direct
S01655,U01679,8/31/2026 22:52,desktop,facebook
S01656,U00468,8/1/2026 20:07,mobile,facebook
S01657,U01296,8/10/2026 15:06,mobile,linkedin
S01658,U04810,9/15/2026 12:49,desktop,google
S01659,U03850,9/11/2026 19:29,mobile,referral
S01660,U04499,9/9/2026 21:50,mobile,linkedin
S01661,U02281,8/27/2026 11:29,mobile,google
S01662,U00016,8/17/2026 12:54,mobile,direct
S01663,U02312,8/19/2026 14:57,desktop,google
S01664,U01592,9/11/2026 8:43,mobile,facebook
S01665,U05817,8/31/2026 12:01,desktop,google
S01666,U02452,8/8/2026 9:39,desktop,direct
S01667,U01534,8/24/2026 19:21,desktop,referral
S01668,U02809,9/19/2026 14:54,mobile,referral
S01669,U05796,9/5/2026 16:39,mobile,referral
S01670,U03044,9/21/2026 8:16,desktop,facebook
S01671,U04682,8/31/2026 16:10,mobile,google
S01672,U00624,8/30/2026 18:29,mobile,referral
S01673,U03786,9/26/2026 18:01,desktop,referral
S01674,U02404,8/31/2026 19:43,mobile,linkedin
S01675,U01442,8/9/2026 8:49,desktop,linkedin
S01676,U02906,8/25/2026 15:47,desktop,google
S01677,U00701,9/8/2026 14:42,desktop,linkedin
S01678,U03228,8/21/2026 21:17,mobile,direct
S01679,U04983,8/25/2026 18:02,desktop,linkedin
S01680,U02314,9/22/2026 22:16,mobile,linkedin
S01681,U03957,8/27/2026 7:24,desktop,linkedin
S01682,U02440,8/19/2026 14:09,desktop,google
S01683,U02359,8/7/2026 18:15,desktop,referral
S01684,U05558,8/25/2026 8:25,mobile,google
S01685,U01755,9/15/2026 17:25,mobile,google
S01686,U02111,8/18/2026 10:42,mobile,google
S01687,U02860,8/29/2026 8:11,mobile,facebook
S01688,U04151,9/9/2026 17:31,mobile,facebook
S01689,U05021,9/25/2026 13:49,mobile,google
S01690,U05642,9/18/2026 13:29,mobile,google
S01691,U04296,8/18/2026 12:12,desktop,linkedin
S01692,U01699,8/10/2026 17:57,desktop,google
S01693,U04884,9/10/2026 16:53,mobile,direct
S01694,U00959,8/16/2026 17:40,desktop,google
S01695,U05364,8/24/2026 19:36,desktop,linkedin
S01696,U02295,8/7/2026 16:41,mobile,linkedin
S01697,U02881,9/16/2026 8:11,mobile,linkedin
S01698,U02163,8/10/2026 9:31,desktop,linkedin
S01699,U05595,8/23/2026 22:51,desktop,google
S01700,U01176,8/25/2026 11:34,desktop,google
S01701,U02771,8/3/2026 13:50,desktop,google
S01702,U02938,9/16/2026 13:02,desktop,google
S01703,U02679,9/7/2026 22:50,mobile,referral
S01704,U05734,9/2/2026 20:11,mobile,google
S01705,U04191,8/11/2026 14:44,mobile,google
S01706,U02474,8/4/2026 17:54,desktop,google
S01707,U05505,8/4/2026 15:49,mobile,direct
S01708,U05501,9/7/2026 17:19,mobile,referral
S01709,U05086,9/14/2026 22:15,desktop,direct
S01710,U05613,9/17/2026 17:45,mobile,linkedin
S01711,U04507,9/18/2026 8:48,desktop,facebook
S01712,U05251,8/24/2026 15:03,mobile,linkedin
S01713,U03067,8/1/2026 20:06,desktop,facebook
S01714,U02798,8/15/2026 7:38,desktop,direct
S01715,U05415,9/17/2026 12:42,mobile,google
S01716,U01795,9/15/2026 10:13,desktop,linkedin
S01717,U02950,8/31/2026 18:32,mobile,google
S01718,U02238,8/2/2026 9:14,mobile,google
S01719,U00031,9/16/2026 16:59,desktop,facebook
S01720,U00917,9/18/2026 8:01,desktop,google
S01721,U03412,8/14/2026 21:47,mobile,direct
S01722,U00816,9/18/2026 12:06,mobile,referral
S01723,U04556,9/8/2026 13:31,desktop,linkedin
S01724,U05639,9/23/2026 19:36,mobile,google
S01725,U05469,9/7/2026 13:04,mobile,linkedin
S01726,U05516,8/6/2026 8:50,mobile,facebook
S01727,U05525,9/8/2026 21:28,mobile,google
S01728,U03953,8/7/2026 8:46,desktop,google
S01729,U03946,8/16/2026 14:57,mobile,linkedin
S01730,U04385,9/22/2026 8:59,mobile,referral
S01731,U01637,9/28/2026 18:09,desktop,google
S01732,U02558,8/29/2026 11:19,mobile,google
S01733,U04730,8/18/2026 21:55,desktop,referral
S01734,U00199,8/24/2026 10:14,mobile,google
S01735,U05849,8/15/2026 17:42,desktop,google
S01736,U01928,9/4/2026 7:13,desktop,linkedin
S01737,U05779,8/26/2026 8:48,desktop,google
S01738,U00427,8/4/2026 11:25,mobile,google
S01739,U01693,9/6/2026 21:08,mobile,direct
S01740,U03634,9/8/2026 22:56,desktop,direct
S01741,U00036,9/10/2026 16:49,mobile,linkedin
S01742,U05453,9/26/2026 12:23,mobile,linkedin
S01743,U02186,9/12/2026 11:59,mobile,linkedin
S01744,U00731,9/10/2026 10:22,desktop,direct
S01745,U03468,8/13/2026 12:26,desktop,facebook
S01746,U03676,8/28/2026 14:55,mobile,direct
S01747,U01643,8/27/2026 17:57,desktop,direct
S01748,U02721,9/27/2026 10:40,mobile,facebook
S01749,U05790,8/29/2026 7:34,mobile,facebook
S01750,U00497,9/11/2026 15:57,mobile,google
S01751,U04647,9/2/2026 10:53,desktop,referral
S01752,U03114,8/4/2026 13:24,mobile,facebook
S01753,U01615,9/26/2026 18:23,desktop,google
S01754,U02162,9/10/2026 21:20,desktop,google
S01755,U00682,8/14/2026 15:32,mobile,linkedin
S01756,U02101,8/4/2026 21:50,mobile,linkedin
S01757,U04678,9/26/2026 11:18,mobile,direct
S01758,U02639,8/19/2026 18:24,desktop,linkedin
S01759,U02574,8/2/2026 22:40,desktop,google
S01760,U04485,9/6/2026 10:27,desktop,google
S01761,U02117,8/1/2026 18:48,mobile,facebook
S01762,U02985,8/13/2026 14:34,mobile,google
S01763,U00414,9/23/2026 21:05,mobile,direct
S01764,U01459,8/3/2026 11:53,mobile,google
S01765,U04763,9/15/2026 22:22,mobile,linkedin
S01766,U02697,9/7/2026 19:46,mobile,linkedin
S01767,U01990,8/19/2026 18:16,desktop,google
S01768,U03612,8/18/2026 7:28,mobile,direct
S01769,U04702,8/29/2026 8:19,mobile,direct
S01770,U03811,9/1/2026 17:35,desktop,google
S01771,U03029,9/23/2026 14:39,mobile,google
S01772,U00656,8/16/2026 12:10,desktop,direct
S01773,U00718,9/5/2026 20:28,mobile,direct
S01774,U04628,9/11/2026 14:41,desktop,linkedin
S01775,U01800,8/1/2026 14:20,mobile,direct
S01776,U05153,9/23/2026 12:10,mobile,google
S01777,U04064,9/29/2026 22:42,desktop,google
S01778,U02710,8/6/2026 12:50,mobile,direct
S01779,U02055,8/16/2026 11:09,mobile,direct
S01780,U03834,9/17/2026 17:47,mobile,facebook
S01781,U00047,9/18/2026 7:32,mobile,google
S01782,U03333,8/10/2026 16:31,desktop,linkedin
S01783,U00756,9/25/2026 16:02,mobile,direct
S01784,U01016,8/20/2026 10:54,mobile,google
S01785,U04019,8/18/2026 19:18,mobile,linkedin
S01786,U00430,8/22/2026 7:41,desktop,direct
S01787,U03567,9/10/2026 22:42,mobile,google
S01788,U03234,8/13/2026 20:41,desktop,google
S01789,U01388,9/2/2026 9:48,desktop,google
S01790,U02450,8/5/2026 14:52,mobile,facebook
S01791,U01746,8/9/2026 10:09,desktop,google
S01792,U03212,9/16/2026 16:53,mobile,google
S01793,U05963,8/24/2026 12:38,mobile,google
S01794,U01996,9/17/2026 14:48,desktop,google
S01795,U04946,9/14/2026 22:18,desktop,google
S01796,U04566,9/29/2026 16:54,mobile,linkedin
S01797,U02744,8/9/2026 20:52,mobile,google
S01798,U03325,9/26/2026 17:01,mobile,google
S01799,U00204,9/23/2026 14:35,mobile,google
S01800,U04486,8/27/2026 7:14,mobile,linkedin
S01801,U00757,8/9/2026 8:25,mobile,google
S01802,U00314,8/9/2026 15:31,mobile,linkedin
S01803,U04922,8/31/2026 15:03,mobile,direct
S01804,U03703,8/1/2026 15:02,desktop,direct
S01805,U03231,8/6/2026 20:31,desktop,google
S01806,U02711,9/1/2026 8:31,desktop,facebook
S01807,U03536,9/3/2026 17:32,mobile,direct
S01808,U00609,9/21/2026 18:56,mobile,google
S01809,U05184,9/28/2026 17:19,mobile,linkedin
S01810,U01305,8/17/2026 10:46,mobile,direct
S01811,U05066,8/20/2026 13:30,mobile,google
S01812,U05285,8/12/2026 7:52,mobile,linkedin
S01813,U04596,8/14/2026 9:50,desktop,direct
S01814,U05965,8/27/2026 19:51,mobile,google
S01815,U00036,9/29/2026 16:52,desktop,referral
S01816,U01630,9/23/2026 20:50,mobile,google
S01817,U01108,9/24/2026 18:04,desktop,google
S01818,U03419,8/28/2026 10:51,mobile,google
S01819,U02702,9/9/2026 20:00,mobile,linkedin
S01820,U04282,9/13/2026 18:00,mobile,facebook
S01821,U01851,8/15/2026 10:03,desktop,facebook
S01822,U01244,8/28/2026 7:04,mobile,facebook
S01823,U02347,9/3/2026 19:13,mobile,linkedin
S01824,U05428,8/23/2026 18:32,mobile,linkedin
S01825,U01848,8/29/2026 8:26,desktop,linkedin
S01826,U02108,8/27/2026 14:26,mobile,google
S01827,U05893,8/4/2026 21:37,mobile,facebook
S01828,U00586,9/16/2026 19:40,mobile,linkedin
S01829,U01899,9/24/2026 20:04,desktop,linkedin
S01830,U01648,9/15/2026 13:17,mobile,linkedin
S01831,U04298,9/26/2026 8:56,mobile,direct
S01832,U03893,8/26/2026 12:37,desktop,google
S01833,U01424,8/4/2026 17:59,mobile,direct
S01834,U02181,8/17/2026 20:27,mobile,direct
S01835,U00451,9/21/2026 17:18,mobile,facebook
S01836,U05118,8/9/2026 7:37,mobile,google
S01837,U00419,9/2/2026 16:26,mobile,google
S01838,U03450,8/1/2026 9:59,mobile,linkedin
S01839,U00879,8/20/2026 16:45,desktop,facebook
S01840,U03792,8/7/2026 13:35,desktop,referral
S01841,U05109,8/7/2026 15:31,mobile,linkedin
S01842,U00283,8/10/2026 16:32,mobile,google
S01843,U01228,9/2/2026 17:12,mobile,google
S01844,U03971,9/11/2026 7:04,desktop,direct
S01845,U02949,8/18/2026 22:27,mobile,google
S01846,U00641,9/19/2026 16:12,mobile,linkedin
S01847,U02709,8/24/2026 15:06,mobile,facebook
S01848,U00136,9/14/2026 13:03,desktop,linkedin
S01849,U05133,9/1/2026 8:40,mobile,google
S01850,U02515,9/13/2026 17:04,desktop,google
S01851,U05426,9/28/2026 12:48,mobile,google
S01852,U04360,9/29/2026 21:30,desktop,direct
S01853,U03731,9/5/2026 17:31,mobile,google
S01854,U05893,9/27/2026 14:03,desktop,google
S01855,U05259,9/12/2026 7:30,desktop,google
S01856,U02835,8/17/2026 15:52,desktop,google
S01857,U00941,9/26/2026 20:31,mobile,direct
S01858,U03212,8/9/2026 14:24,mobile,linkedin
S01859,U00608,8/29/2026 17:24,mobile,linkedin
S01860,U03294,8/10/2026 8:53,mobile,linkedin
S01861,U00596,9/17/2026 13:30,mobile,google
S01862,U03164,9/23/2026 19:41,desktop,linkedin
S01863,U02262,9/19/2026 13:46,desktop,google
S01864,U00043,8/7/2026 21:09,mobile,referral
S01865,U00084,8/17/2026 13:33,mobile,google
S01866,U00377,8/21/2026 19:59,desktop,linkedin
S01867,U05019,8/7/2026 17:18,desktop,google
S01868,U04380,9/1/2026 22:09,mobile,direct
S01869,U02675,8/3/2026 15:31,mobile,google
S01870,U01712,9/6/2026 14:29,desktop,referral
S01871,U00676,9/4/2026 12:39,mobile,google
S01872,U05839,9/5/2026 17:26,mobile,facebook
S01873,U04093,9/24/2026 22:40,desktop,direct
S01874,U05928,9/17/2026 9:41,desktop,google
S01875,U01427,8/16/2026 21:58,desktop,google
S01876,U03472,9/4/2026 22:37,desktop,google
S01877,U05899,9/18/2026 19:18,mobile,facebook
S01878,U03289,9/21/2026 16:17,mobile,facebook
S01879,U03305,9/8/2026 20:48,mobile,google
S01880,U03524,8/6/2026 11:11,mobile,google
S01881,U01568,8/27/2026 17:08,mobile,google
S01882,U02581,9/21/2026 19:53,mobile,google
S01883,U05568,8/5/2026 19:53,mobile,direct
S01884,U02103,9/5/2026 16:23,desktop,google
S01885,U05295,9/2/2026 13:10,mobile,google
S01886,U02910,8/14/2026 22:11,mobile,facebook
S01887,U01390,8/21/2026 17:46,mobile,direct
S01888,U01978,9/28/2026 19:19,mobile,direct
S01889,U00471,9/5/2026 16:58,desktop,google
S01890,U04261,9/26/2026 21:02,mobile,facebook
S01891,U05995,8/29/2026 14:38,mobile,linkedin
S01892,U05174,9/20/2026 15:44,desktop,linkedin
S01893,U02939,9/7/2026 19:51,mobile,google
S01894,U04164,9/24/2026 15:16,mobile,facebook
S01895,U01800,8/20/2026 10:55,mobile,linkedin
S01896,U02024,8/23/2026 19:07,mobile,facebook
S01897,U04778,8/3/2026 13:00,desktop,direct
S01898,U00663,8/14/2026 8:40,mobile,direct
S01899,U02360,8/9/2026 12:57,mobile,direct
S01900,U01137,8/11/2026 7:51,mobile,referral
S01901,U03502,8/19/2026 21:03,mobile,google
S01902,U04716,9/22/2026 22:44,mobile,google
S01903,U05066,8/23/2026 11:15,desktop,direct
S01904,U04141,9/19/2026 21:39,mobile,linkedin
S01905,U02470,9/18/2026 18:22,mobile,linkedin
S01906,U00759,9/28/2026 22:17,mobile,direct
S01907,U03176,8/31/2026 9:36,mobile,linkedin
S01908,U03641,9/20/2026 7:59,mobile,direct
S01909,U05701,8/26/2026 21:43,desktop,google
S01910,U00476,9/7/2026 11:18,desktop,facebook
S01911,U04425,9/18/2026 16:32,mobile,google
S01912,U02012,8/9/2026 21:25,mobile,direct
S01913,U02166,8/4/2026 12:29,desktop,facebook
S01914,U00675,8/10/2026 8:25,mobile,google
S01915,U02575,9/13/2026 19:39,mobile,google
S01916,U05048,8/29/2026 14:13,mobile,google
S01917,U04871,8/17/2026 7:21,desktop,linkedin
S01918,U05068,9/16/2026 12:27,desktop,linkedin
S01919,U03423,8/1/2026 15:28,mobile,google
S01920,U05526,8/11/2026 21:04,desktop,facebook
S01921,U03689,8/29/2026 10:37,mobile,google
S01922,U00245,9/24/2026 15:17,mobile,linkedin
S01923,U03995,9/14/2026 9:54,mobile,linkedin
S01924,U05127,9/11/2026 11:38,mobile,google
S01925,U00738,9/12/2026 11:13,mobile,google
S01926,U02112,8/19/2026 15:23,mobile,referral
S01927,U04896,8/27/2026 17:37,mobile,direct
S01928,U03163,9/23/2026 8:47,desktop,google
S01929,U03894,9/13/2026 8:12,mobile,direct
S01930,U04007,9/5/2026 18:41,mobile,linkedin
S01931,U01977,8/5/2026 11:42,desktop,google
S01932,U00681,9/13/2026 16:53,mobile,direct
S01933,U02851,8/22/2026 8:13,desktop,linkedin
S01934,U00874,8/24/2026 16:36,desktop,google
S01935,U03118,9/10/2026 21:33,desktop,facebook
S01936,U03645,8/24/2026 14:00,mobile,google
S01937,U00708,9/4/2026 16:14,mobile,google
S01938,U05158,8/1/2026 11:42,mobile,google
S01939,U05463,8/12/2026 11:34,mobile,direct
S01940,U03682,9/2/2026 8:02,mobile,direct
S01941,U00625,9/27/2026 14:39,mobile,facebook
S01942,U05757,9/15/2026 22:09,mobile,google
S01943,U00250,8/26/2026 8:51,mobile,direct
S01944,U04097,9/28/2026 13:39,mobile,linkedin
S01945,U05551,8/17/2026 20:23,desktop,google
S01946,U00242,9/23/2026 14:56,desktop,google
S01947,U04290,8/25/2026 19:10,mobile,facebook
S01948,U04204,8/6/2026 13:00,desktop,google
S01949,U03123,8/1/2026 16:38,mobile,direct
S01950,U04153,9/28/2026 22:48,desktop,linkedin
S01951,U03690,9/8/2026 16:33,desktop,google
S01952,U03898,8/9/2026 19:44,mobile,referral
S01953,U00534,9/29/2026 18:05,desktop,facebook
S01954,U00271,8/3/2026 8:31,desktop,linkedin
S01955,U03517,8/21/2026 9:33,desktop,direct
S01956,U04743,9/14/2026 16:43,desktop,linkedin
S01957,U03676,8/4/2026 12:34,mobile,direct
S01958,U05727,9/24/2026 14:45,mobile,google
S01959,U03515,9/10/2026 14:44,desktop,linkedin
S01960,U05138,9/26/2026 19:41,mobile,google
S01961,U05480,9/20/2026 22:51,mobile,linkedin
S01962,U05619,9/19/2026 22:57,mobile,linkedin
S01963,U04092,8/14/2026 8:16,mobile,google
S01964,U05157,8/13/2026 18:54,mobile,referral
S01965,U02101,8/15/2026 18:36,desktop,google
S01966,U00627,8/10/2026 20:50,mobile,google
S01967,U04387,9/9/2026 13:49,desktop,google
S01968,U01614,8/4/2026 15:02,desktop,direct
S01969,U03562,8/26/2026 14:13,mobile,google
S01970,U05057,9/4/2026 12:58,mobile,linkedin
S01971,U01000,9/2/2026 10:56,mobile,direct
S01972,U04059,8/30/2026 17:17,desktop,google
S01973,U01189,8/14/2026 7:16,desktop,referral
S01974,U04734,8/7/2026 18:59,mobile,google
S01975,U01886,9/29/2026 20:27,mobile,direct
S01976,U03742,8/28/2026 10:38,mobile,google
S01977,U00489,9/5/2026 10:25,mobile,direct
S01978,U05244,9/4/2026 15:03,desktop,facebook
S01979,U03489,8/23/2026 20:32,desktop,google
S01980,U01906,9/13/2026 8:49,mobile,google
S01981,U03740,8/23/2026 13:54,desktop,google
S01982,U02207,8/25/2026 10:27,mobile,google
S01983,U02062,9/18/2026 20:37,desktop,referral
S01984,U01088,8/20/2026 21:06,mobile,linkedin
S01985,U01294,9/11/2026 8:20,mobile,linkedin
S01986,U04994,9/9/2026 9:18,desktop,referral
S01987,U03497,8/2/2026 9:30,mobile,facebook
S01988,U01938,9/11/2026 19:58,desktop,facebook
S01989,U00544,9/18/2026 21:24,desktop,google
S01990,U03966,8/17/2026 12:57,mobile,google
S01991,U04205,9/24/2026 9:31,mobile,google
S01992,U02812,8/2/2026 17:36,desktop,google
S01993,U03001,8/11/2026 21:14,mobile,google
S01994,U01480,9/26/2026 21:33,mobile,google
S01995,U00037,9/21/2026 14:07,mobile,google
S01996,U02930,9/15/2026 19:29,desktop,linkedin
S01997,U00475,9/6/2026 22:17,mobile,google
S01998,U01004,8/13/2026 20:12,mobile,google
S01999,U00471,8/30/2026 14:35,desktop,google
S02000,U04646,9/3/2026 11:10,mobile,linkedin
S02001,U00756,8/6/2026 12:57,desktop,direct
S02002,U01703,9/5/2026 12:47,mobile,direct
S02003,U02496,8/6/2026 22:48,desktop,google
S02004,U05432,8/8/2026 18:43,desktop,google
S02005,U00788,8/11/2026 20:44,mobile,google
S02006,U05559,8/12/2026 19:26,desktop,google
S02007,U00765,8/5/2026 14:37,mobile,linkedin
S02008,U02886,9/27/2026 19:38,mobile,referral
S02009,U05051,9/18/2026 17:14,mobile,google
S02010,U02294,8/31/2026 18:50,desktop,google
S02011,U01094,8/23/2026 11:48,mobile,direct
S02012,U04900,8/12/2026 10:42,mobile,linkedin
S02013,U03536,9/26/2026 9:53,mobile,google
S02014,U00342,9/17/2026 11:37,mobile,google
S02015,U03671,9/15/2026 22:39,mobile,referral
S02016,U05967,8/29/2026 22:04,mobile,google
S02017,U03255,8/2/2026 9:20,mobile,direct
S02018,U03924,9/8/2026 15:51,mobile,direct
S02019,U01222,8/30/2026 22:02,mobile,google
S02020,U00674,8/18/2026 19:04,mobile,direct
S02021,U00522,8/19/2026 16:47,desktop,google
S02022,U01951,8/4/2026 16:35,mobile,google
S02023,U05422,9/22/2026 12:13,mobile,google
S02024,U01316,8/10/2026 21:47,mobile,referral
S02025,U00562,9/18/2026 8:19,mobile,google
S02026,U00179,9/28/2026 20:54,mobile,google
S02027,U04821,8/3/2026 20:56,desktop,referral
S02028,U03624,9/7/2026 11:10,mobile,google
S02029,U02948,8/5/2026 15:11,mobile,facebook
S02030,U02434,9/19/2026 21:09,mobile,direct
S02031,U02838,8/31/2026 14:35,mobile,linkedin
S02032,U02000,8/2/2026 11:48,mobile,direct
S02033,U03887,9/16/2026 8:07,mobile,direct
S02034,U05806,9/15/2026 14:03,mobile,google
S02035,U04082,9/25/2026 11:26,mobile,referral
S02036,U00256,8/30/2026 20:37,desktop,referral
S02037,U01040,9/25/2026 20:46,desktop,facebook
S02038,U00624,9/9/2026 12:11,mobile,direct
S02039,U02693,9/1/2026 10:22,mobile,linkedin
S02040,U04537,8/22/2026 11:39,desktop,linkedin
S02041,U03331,8/18/2026 13:25,mobile,google
S02042,U04760,9/7/2026 17:41,desktop,linkedin
S02043,U00611,9/14/2026 9:26,mobile,direct
S02044,U04444,8/3/2026 22:59,desktop,direct
S02045,U01294,8/25/2026 18:12,desktop,google
S02046,U01251,8/3/2026 9:05,mobile,linkedin
S02047,U03328,8/24/2026 12:02,mobile,direct
S02048,U00229,9/17/2026 18:13,mobile,linkedin
S02049,U01555,9/11/2026 15:03,mobile,referral
S02050,U05743,8/8/2026 15:25,mobile,direct
S02051,U04223,9/13/2026 7:39,desktop,google
S02052,U02409,8/1/2026 13:34,mobile,google
S02053,U03591,8/1/2026 16:49,mobile,direct
S02054,U03091,9/24/2026 18:59,desktop,linkedin
S02055,U03161,8/2/2026 14:09,mobile,facebook
S02056,U00437,8/16/2026 15:52,mobile,google
S02057,U04586,8/8/2026 10:33,desktop,google
S02058,U01523,9/4/2026 19:45,mobile,linkedin
S02059,U02804,9/1/2026 18:09,mobile,direct
S02060,U01336,9/20/2026 18:54,mobile,referral
S02061,U05005,9/29/2026 17:41,desktop,facebook
S02062,U00340,9/14/2026 22:45,mobile,linkedin
S02063,U00307,8/29/2026 21:04,mobile,facebook
S02064,U01363,8/3/2026 19:58,mobile,google
S02065,U01786,9/25/2026 12:21,mobile,linkedin
S02066,U00160,9/3/2026 8:04,desktop,referral
S02067,U03123,8/14/2026 7:00,mobile,linkedin
S02068,U00622,9/2/2026 19:28,desktop,referral
S02069,U00313,8/24/2026 21:23,mobile,google
S02070,U03316,8/22/2026 17:23,mobile,google
S02071,U05174,8/28/2026 18:32,desktop,linkedin
S02072,U02778,9/15/2026 8:26,mobile,facebook
S02073,U00740,8/10/2026 16:02,mobile,google
S02074,U02464,9/27/2026 16:41,desktop,facebook
S02075,U03507,8/4/2026 9:30,mobile,google
S02076,U04453,8/9/2026 19:00,mobile,direct
S02077,U05251,9/10/2026 12:21,desktop,linkedin
S02078,U02270,8/9/2026 10:09,mobile,google
S02079,U02365,9/16/2026 18:08,mobile,direct
S02080,U01027,9/14/2026 13:57,mobile,direct
S02081,U03100,8/26/2026 15:34,mobile,linkedin
S02082,U05510,8/28/2026 15:40,mobile,google
S02083,U01623,9/29/2026 16:57,desktop,google
S02084,U05924,9/17/2026 13:36,mobile,referral
S02085,U01647,9/7/2026 20:02,desktop,direct
S02086,U00099,8/9/2026 21:00,mobile,facebook
S02087,U05224,9/5/2026 14:44,mobile,direct
S02088,U02886,8/3/2026 9:42,mobile,facebook
S02089,U02560,8/16/2026 11:27,desktop,google
S02090,U02436,9/11/2026 19:20,mobile,linkedin
S02091,U04887,8/25/2026 11:06,mobile,direct
S02092,U03452,9/29/2026 19:26,desktop,google
S02093,U01252,9/26/2026 17:35,mobile,google
S02094,U04697,8/6/2026 14:10,mobile,direct
S02095,U03121,9/23/2026 9:01,desktop,facebook
S02096,U00433,9/21/2026 15:37,mobile,direct
S02097,U04149,8/7/2026 18:05,mobile,google
S02098,U05226,8/24/2026 9:27,mobile,referral
S02099,U01801,9/26/2026 20:11,mobile,google
S02100,U02501,8/2/2026 10:07,mobile,google
S02101,U04053,8/4/2026 13:36,desktop,referral
S02102,U02921,8/31/2026 15:30,mobile,direct
S02103,U01831,9/27/2026 18:49,desktop,referral
S02104,U00840,8/17/2026 10:35,desktop,facebook
S02105,U03950,9/16/2026 12:22,mobile,direct
S02106,U04702,9/11/2026 19:54,desktop,google
S02107,U05666,8/9/2026 12:16,desktop,google
S02108,U01740,8/18/2026 16:51,desktop,referral
S02109,U04516,9/7/2026 13:21,mobile,facebook
S02110,U01016,8/29/2026 7:54,mobile,google
S02111,U05174,8/15/2026 15:13,mobile,google
S02112,U01798,8/13/2026 12:43,mobile,google
S02113,U01747,9/3/2026 11:14,mobile,google
S02114,U00166,9/19/2026 20:44,mobile,facebook
S02115,U03808,8/25/2026 19:23,mobile,google
S02116,U02345,9/25/2026 11:26,desktop,linkedin
S02117,U01050,9/10/2026 15:22,mobile,referral
S02118,U01949,8/25/2026 18:30,mobile,linkedin
S02119,U01057,9/12/2026 7:51,mobile,linkedin
S02120,U03027,8/27/2026 8:30,mobile,google
S02121,U04293,9/15/2026 15:38,mobile,google
S02122,U05857,9/28/2026 21:53,mobile,google
S02123,U02526,9/17/2026 21:50,mobile,google
S02124,U03195,8/9/2026 14:11,mobile,google
S02125,U03379,8/5/2026 18:15,mobile,google
S02126,U03228,9/18/2026 14:51,mobile,google
S02127,U00937,9/20/2026 21:28,mobile,google
S02128,U04980,9/4/2026 16:07,mobile,referral
S02129,U00310,8/15/2026 21:15,mobile,google
S02130,U03049,9/22/2026 12:48,mobile,linkedin
S02131,U00334,8/27/2026 21:53,mobile,facebook
S02132,U05230,8/18/2026 18:36,desktop,google
S02133,U04613,8/22/2026 19:16,desktop,linkedin
S02134,U05113,8/18/2026 7:14,desktop,facebook
S02135,U03025,8/17/2026 19:54,mobile,linkedin
S02136,U04749,8/20/2026 9:35,mobile,google
S02137,U04666,9/10/2026 21:58,mobile,direct
S02138,U01769,8/1/2026 10:01,desktop,direct
S02139,U02910,8/22/2026 20:12,desktop,google
S02140,U01844,8/11/2026 17:09,desktop,google
S02141,U05938,9/8/2026 13:16,desktop,google
S02142,U01889,9/29/2026 21:14,mobile,facebook
S02143,U04124,9/17/2026 13:12,desktop,google
S02144,U02139,8/15/2026 8:01,desktop,google
S02145,U00377,8/31/2026 8:12,mobile,linkedin
S02146,U00252,8/2/2026 20:38,desktop,referral
S02147,U05752,8/25/2026 13:09,mobile,google
S02148,U00140,8/17/2026 20:06,desktop,google
S02149,U05883,8/31/2026 7:19,desktop,linkedin
S02150,U03766,8/25/2026 8:13,mobile,direct
S02151,U02045,9/10/2026 22:48,desktop,linkedin
S02152,U00622,9/2/2026 9:17,mobile,facebook
S02153,U04969,9/26/2026 18:00,desktop,google
S02154,U01792,8/5/2026 12:36,desktop,google
S02155,U02298,9/26/2026 15:00,mobile,google
S02156,U04200,9/17/2026 8:50,desktop,google
S02157,U01285,9/12/2026 11:16,mobile,linkedin
S02158,U00123,9/19/2026 19:07,mobile,direct
S02159,U02366,8/4/2026 15:34,mobile,google
S02160,U04519,8/13/2026 15:03,mobile,direct
S02161,U01592,8/1/2026 22:07,mobile,google
S02162,U03395,9/17/2026 13:34,mobile,linkedin
S02163,U04590,8/22/2026 19:51,mobile,google
S02164,U04678,8/22/2026 18:35,mobile,linkedin
S02165,U00182,9/6/2026 14:22,desktop,google
S02166,U04856,8/26/2026 11:41,mobile,referral
S02167,U00098,9/8/2026 12:39,desktop,facebook
S02168,U00020,9/26/2026 20:56,mobile,facebook
S02169,U00797,8/20/2026 11:53,mobile,facebook
S02170,U02760,9/23/2026 17:27,mobile,google
S02171,U00085,9/1/2026 8:59,mobile,linkedin
S02172,U05094,8/23/2026 12:32,mobile,google
S02173,U01035,9/25/2026 21:57,mobile,facebook
S02174,U02032,8/30/2026 15:38,mobile,google
S02175,U04656,8/8/2026 20:09,mobile,google
S02176,U00585,8/18/2026 11:09,mobile,direct
S02177,U03258,9/20/2026 19:10,mobile,google
S02178,U00247,8/31/2026 22:45,desktop,direct
S02179,U04672,9/3/2026 21:48,mobile,google
S02180,U01659,9/10/2026 13:58,desktop,direct
S02181,U00045,8/12/2026 17:54,desktop,facebook
S02182,U03203,8/6/2026 21:20,desktop,linkedin
S02183,U01437,8/27/2026 20:01,desktop,google
S02184,U01867,9/25/2026 22:38,mobile,google
S02185,U05996,8/8/2026 7:30,mobile,google
S02186,U00609,9/13/2026 15:34,mobile,google
S02187,U05256,9/28/2026 19:39,desktop,linkedin
S02188,U05930,8/6/2026 18:40,mobile,google
S02189,U05055,8/8/2026 9:27,mobile,google
S02190,U00739,9/22/2026 16:09,desktop,google
S02191,U05914,8/7/2026 9:38,mobile,referral
S02192,U05430,9/14/2026 8:27,mobile,google
S02193,U03051,9/17/2026 8:47,desktop,google
S02194,U05365,8/19/2026 22:14,mobile,linkedin
S02195,U00661,8/18/2026 11:21,mobile,google
S02196,U04448,9/1/2026 14:18,desktop,referral
S02197,U05849,8/31/2026 11:06,mobile,google
S02198,U01411,9/21/2026 21:18,mobile,direct
S02199,U03584,9/5/2026 21:13,mobile,direct
S02200,U03797,9/28/2026 17:29,desktop,facebook
S02201,U00868,8/15/2026 20:15,mobile,direct
S02202,U01505,8/17/2026 8:40,desktop,direct
S02203,U03172,8/15/2026 22:59,desktop,linkedin
S02204,U01245,9/9/2026 13:40,mobile,linkedin
S02205,U02446,8/3/2026 13:24,mobile,direct
S02206,U02402,9/21/2026 10:08,mobile,linkedin
S02207,U01133,9/16/2026 21:01,desktop,linkedin
S02208,U02531,9/29/2026 9:43,mobile,google
S02209,U02447,9/27/2026 20:43,mobile,google
S02210,U00709,8/5/2026 18:26,mobile,google
S02211,U02342,9/14/2026 19:21,desktop,google
S02212,U04608,8/31/2026 7:28,mobile,linkedin
S02213,U05370,9/14/2026 18:48,desktop,google
S02214,U00619,9/22/2026 22:27,mobile,linkedin
S02215,U03132,9/4/2026 13:18,desktop,direct
S02216,U04922,8/1/2026 14:11,mobile,linkedin
S02217,U02846,9/21/2026 8:47,mobile,direct
S02218,U01542,8/27/2026 14:50,desktop,google
S02219,U00552,8/28/2026 17:46,desktop,google
S02220,U04091,9/5/2026 11:47,mobile,direct
S02221,U01457,9/24/2026 18:51,mobile,facebook
S02222,U05735,9/1/2026 8:22,mobile,direct
S02223,U05111,8/13/2026 17:47,mobile,direct
S02224,U02670,9/13/2026 16:24,mobile,direct
S02225,U04666,9/7/2026 10:40,desktop,direct
S02226,U03805,8/4/2026 12:30,mobile,direct
S02227,U00191,9/1/2026 10:50,desktop,direct
S02228,U01723,9/17/2026 16:59,mobile,google
S02229,U04861,9/23/2026 17:11,mobile,google
S02230,U05869,8/17/2026 15:53,desktop,google
S02231,U02524,9/1/2026 10:06,mobile,linkedin
S02232,U01937,9/19/2026 10:28,desktop,direct
S02233,U03003,9/5/2026 19:58,mobile,google
S02234,U01861,8/26/2026 14:23,desktop,google
S02235,U02859,8/12/2026 13:58,desktop,direct
S02236,U04333,8/3/2026 11:55,desktop,google
S02237,U05812,9/11/2026 21:52,mobile,facebook
S02238,U00558,9/27/2026 10:50,mobile,google
S02239,U01731,9/6/2026 19:18,mobile,google
S02240,U05059,9/16/2026 19:18,mobile,linkedin
S02241,U05628,9/10/2026 10:53,mobile,google
S02242,U04804,8/21/2026 7:11,mobile,google
S02243,U01398,9/1/2026 10:59,mobile,google
S02244,U03927,8/17/2026 11:18,mobile,google
S02245,U02706,8/14/2026 18:55,mobile,google
S02246,U03852,9/5/2026 15:29,mobile,direct
S02247,U04380,9/8/2026 13:53,mobile,google
S02248,U02141,9/29/2026 14:37,mobile,linkedin
S02249,U01523,8/15/2026 22:14,mobile,google
S02250,U05865,8/18/2026 22:02,mobile,referral
S02251,U02873,8/10/2026 7:24,mobile,direct
S02252,U02166,9/26/2026 20:29,desktop,referral
S02253,U02237,9/16/2026 12:46,mobile,facebook
S02254,U02902,8/20/2026 19:01,mobile,google
S02255,U05569,9/28/2026 22:45,desktop,direct
S02256,U05100,9/12/2026 15:13,mobile,google
S02257,U01903,8/29/2026 16:59,desktop,facebook
S02258,U05547,8/23/2026 13:51,desktop,linkedin
S02259,U01835,9/4/2026 8:11,mobile,google
S02260,U01167,8/6/2026 7:35,mobile,facebook
S02261,U04209,8/11/2026 12:45,desktop,facebook
S02262,U02044,9/26/2026 20:08,desktop,referral
S02263,U03076,8/13/2026 12:27,mobile,google
S02264,U04973,8/10/2026 13:53,mobile,google
S02265,U00480,9/21/2026 15:29,mobile,google
S02266,U00512,9/26/2026 12:08,mobile,linkedin
S02267,U04756,9/19/2026 14:50,desktop,linkedin
S02268,U04777,8/7/2026 16:42,mobile,google
S02269,U00749,9/20/2026 20:37,desktop,direct
S02270,U05771,8/17/2026 19:03,desktop,google
S02271,U04076,8/1/2026 20:05,mobile,direct
S02272,U04481,9/25/2026 15:22,mobile,facebook
S02273,U01781,8/17/2026 18:10,desktop,linkedin
S02274,U05305,9/9/2026 9:23,desktop,google
S02275,U00162,8/5/2026 9:21,desktop,google
S02276,U04323,8/12/2026 21:44,mobile,google
S02277,U04458,9/22/2026 16:39,mobile,direct
S02278,U01575,9/5/2026 8:48,mobile,linkedin
S02279,U03470,9/29/2026 13:31,desktop,google
S02280,U03008,8/11/2026 22:30,desktop,referral
S02281,U04763,9/23/2026 7:20,mobile,direct
S02282,U01105,9/22/2026 14:04,mobile,facebook
S02283,U00561,9/25/2026 20:23,mobile,linkedin
S02284,U04489,8/3/2026 22:08,desktop,referral
S02285,U00449,8/7/2026 12:53,mobile,google
S02286,U00884,9/1/2026 21:38,mobile,google
S02287,U03612,8/7/2026 18:27,desktop,facebook
S02288,U00115,8/4/2026 13:30,desktop,facebook
S02289,U04837,9/18/2026 19:28,mobile,linkedin
S02290,U00032,9/11/2026 19:48,mobile,google
S02291,U04546,9/20/2026 11:24,desktop,google
S02292,U04964,9/26/2026 8:26,desktop,direct
S02293,U02973,8/9/2026 19:29,mobile,facebook
S02294,U01649,9/19/2026 8:19,mobile,google
S02295,U04667,8/3/2026 19:27,mobile,google
S02296,U03768,8/23/2026 12:41,mobile,direct
S02297,U02069,8/18/2026 18:14,desktop,direct
S02298,U05414,8/15/2026 16:45,mobile,linkedin
S02299,U04133,9/13/2026 7:36,mobile,linkedin
S02300,U02662,8/8/2026 7:08,desktop,referral
S02301,U04172,9/18/2026 17:04,desktop,google
S02302,U02245,9/22/2026 15:14,desktop,linkedin
S02303,U04024,9/9/2026 7:41,mobile,linkedin
S02304,U00780,8/5/2026 22:36,mobile,linkedin
S02305,U02855,9/5/2026 10:49,mobile,facebook
S02306,U01801,9/7/2026 20:44,mobile,linkedin
S02307,U05437,8/23/2026 8:52,mobile,linkedin
S02308,U05791,8/23/2026 10:43,mobile,google
S02309,U00057,8/29/2026 15:27,mobile,direct
S02310,U01924,9/29/2026 15:26,desktop,google
S02311,U00624,8/1/2026 16:39,desktop,google
S02312,U04691,8/31/2026 9:44,mobile,linkedin
S02313,U05945,8/20/2026 11:13,mobile,linkedin
S02314,U01139,9/2/2026 11:12,mobile,referral
S02315,U04103,8/1/2026 14:02,mobile,direct
S02316,U03288,9/25/2026 21:46,mobile,facebook
S02317,U02559,8/28/2026 14:23,mobile,google
S02318,U01528,9/28/2026 22:57,desktop,linkedin
S02319,U00920,8/10/2026 11:01,mobile,referral
S02320,U02098,9/5/2026 10:52,desktop,linkedin
S02321,U05428,9/10/2026 8:37,mobile,facebook
S02322,U01321,9/17/2026 10:23,mobile,linkedin
S02323,U05291,8/1/2026 11:59,mobile,google
S02324,U02179,9/8/2026 13:08,mobile,linkedin
S02325,U03483,8/9/2026 18:25,mobile,google
S02326,U04115,8/26/2026 14:08,desktop,google
S02327,U04198,8/4/2026 17:58,mobile,google
S02328,U00674,8/4/2026 8:25,mobile,google
S02329,U02008,9/15/2026 22:09,mobile,google
S02330,U01357,9/13/2026 9:21,mobile,facebook
S02331,U05023,9/23/2026 7:32,mobile,linkedin
S02332,U02719,9/12/2026 13:47,mobile,facebook
S02333,U02879,9/5/2026 17:25,desktop,linkedin
S02334,U01537,8/8/2026 10:46,mobile,google
S02335,U03882,9/15/2026 9:36,mobile,google
S02336,U03616,8/14/2026 20:31,desktop,referral
S02337,U00689,8/7/2026 20:11,desktop,linkedin
S02338,U03750,9/13/2026 19:01,mobile,referral
S02339,U03663,9/5/2026 10:31,mobile,google
S02340,U04583,8/9/2026 15:34,mobile,direct
S02341,U00815,9/2/2026 18:01,mobile,direct
S02342,U04949,9/11/2026 13:55,mobile,referral
S02343,U05975,8/30/2026 9:51,desktop,google
S02344,U05738,9/13/2026 20:17,mobile,referral
S02345,U00822,8/31/2026 22:00,desktop,linkedin
S02346,U01485,8/22/2026 9:39,mobile,facebook
S02347,U03187,8/14/2026 18:14,desktop,linkedin
S02348,U00061,8/16/2026 21:11,desktop,linkedin
S02349,U01100,9/18/2026 15:39,mobile,google
S02350,U02803,8/23/2026 7:47,mobile,facebook
S02351,U03274,9/12/2026 18:02,mobile,google
S02352,U00571,8/22/2026 21:46,desktop,linkedin
S02353,U03229,9/1/2026 11:11,mobile,linkedin
S02354,U01444,9/6/2026 9:13,mobile,direct
S02355,U03444,8/29/2026 11:02,mobile,linkedin
S02356,U03551,9/14/2026 19:59,desktop,direct
S02357,U02486,9/25/2026 15:54,mobile,linkedin
S02358,U01553,9/21/2026 7:17,mobile,direct
S02359,U04271,9/25/2026 16:24,desktop,direct
S02360,U01582,8/2/2026 20:02,mobile,direct
S02361,U04268,9/15/2026 9:57,desktop,facebook
S02362,U05353,9/13/2026 16:20,mobile,linkedin
S02363,U04934,8/25/2026 10:39,mobile,google
S02364,U04667,8/19/2026 7:18,desktop,direct
S02365,U05393,8/4/2026 13:24,desktop,google
S02366,U00085,9/20/2026 19:23,desktop,google
S02367,U05724,9/20/2026 17:42,mobile,direct
S02368,U02372,8/5/2026 8:37,mobile,linkedin
S02369,U02121,9/4/2026 9:58,mobile,linkedin
S02370,U04023,9/3/2026 15:38,mobile,referral
S02371,U01486,8/11/2026 12:07,mobile,google
S02372,U03835,9/2/2026 12:18,mobile,google
S02373,U02821,9/18/2026 13:58,mobile,google
S02374,U01080,8/20/2026 19:08,mobile,google
S02375,U02058,9/13/2026 16:12,mobile,direct
S02376,U01867,9/28/2026 20:39,mobile,direct
S02377,U01856,8/28/2026 8:38,desktop,linkedin
S02378,U02287,8/7/2026 14:25,mobile,google
S02379,U03572,8/18/2026 15:48,mobile,linkedin
S02380,U00209,8/9/2026 19:07,desktop,google
S02381,U01428,8/22/2026 15:14,desktop,direct
S02382,U01495,9/8/2026 21:39,mobile,linkedin
S02383,U01697,8/13/2026 20:24,mobile,google
S02384,U04798,8/31/2026 18:01,mobile,facebook
S02385,U01903,9/29/2026 13:21,mobile,direct
S02386,U05039,8/16/2026 12:09,desktop,google
S02387,U01564,9/22/2026 15:32,desktop,direct
S02388,U01459,8/19/2026 14:24,mobile,linkedin
S02389,U05302,9/6/2026 7:28,desktop,google
S02390,U00215,8/10/2026 10:40,mobile,google
S02391,U05718,8/17/2026 20:21,mobile,direct
S02392,U02552,9/22/2026 14:20,desktop,referral
S02393,U02312,9/5/2026 22:11,mobile,linkedin
S02394,U03021,9/4/2026 10:56,mobile,linkedin
S02395,U00028,8/31/2026 22:29,mobile,direct
S02396,U04463,8/15/2026 19:54,desktop,linkedin
S02397,U03384,9/25/2026 12:44,mobile,google
S02398,U03840,8/24/2026 16:45,mobile,linkedin
S02399,U00090,8/1/2026 22:48,mobile,facebook
S02400,U00698,9/24/2026 17:07,mobile,facebook
S02401,U04906,8/3/2026 21:54,mobile,referral
S02402,U05109,9/23/2026 8:45,desktop,google
S02403,U02933,8/16/2026 9:37,desktop,linkedin
S02404,U03413,8/5/2026 7:01,desktop,linkedin
S02405,U05255,8/14/2026 12:12,desktop,google
S02406,U02067,9/9/2026 19:37,mobile,google
S02407,U03494,9/2/2026 22:25,mobile,direct
S02408,U00761,8/10/2026 15:40,mobile,direct
S02409,U05946,8/19/2026 13:45,mobile,direct
S02410,U03442,8/13/2026 21:54,desktop,google
S02411,U02973,9/9/2026 16:24,desktop,linkedin
S02412,U01206,9/21/2026 15:35,desktop,google
S02413,U05440,8/16/2026 8:21,mobile,google
S02414,U02197,9/23/2026 10:26,mobile,linkedin
S02415,U00413,8/25/2026 18:09,mobile,google
S02416,U03152,8/5/2026 18:10,mobile,referral
S02417,U03037,8/20/2026 14:56,mobile,linkedin
S02418,U05742,9/22/2026 18:12,mobile,google
S02419,U05119,9/18/2026 18:03,mobile,google
S02420,U05054,9/13/2026 8:02,desktop,direct
S02421,U04513,8/24/2026 20:21,mobile,google
S02422,U01850,9/16/2026 18:05,mobile,google
S02423,U01551,9/12/2026 10:30,desktop,linkedin
S02424,U04033,9/17/2026 10:24,mobile,google
S02425,U05644,9/3/2026 22:19,desktop,linkedin
S02426,U03567,8/31/2026 11:04,desktop,linkedin
S02427,U05755,9/28/2026 7:31,mobile,google
S02428,U03832,9/26/2026 7:30,desktop,direct
S02429,U04427,9/2/2026 10:39,mobile,linkedin
S02430,U01194,8/13/2026 17:02,desktop,linkedin
S02431,U03665,8/25/2026 14:18,desktop,google
S02432,U04640,8/31/2026 18:42,desktop,direct
S02433,U00110,9/10/2026 10:42,mobile,google
S02434,U04430,8/20/2026 10:41,mobile,linkedin
S02435,U05065,8/3/2026 13:28,desktop,google
S02436,U01245,9/19/2026 19:40,desktop,referral
S02437,U04359,9/26/2026 15:02,mobile,google
S02438,U05016,8/5/2026 19:11,desktop,facebook
S02439,U02632,8/20/2026 8:29,mobile,facebook
S02440,U03725,8/27/2026 13:33,desktop,linkedin
S02441,U02440,9/15/2026 13:59,desktop,google
S02442,U00956,9/16/2026 8:05,mobile,linkedin
S02443,U04321,8/21/2026 12:01,mobile,referral
S02444,U02380,8/19/2026 11:28,mobile,linkedin
S02445,U03106,8/25/2026 14:17,mobile,linkedin
S02446,U04664,8/15/2026 9:38,mobile,google
S02447,U04122,8/27/2026 11:18,mobile,facebook
S02448,U01553,8/16/2026 22:20,mobile,google
S02449,U01674,8/4/2026 9:17,mobile,google
S02450,U00005,9/12/2026 20:05,mobile,google
S02451,U01040,9/17/2026 15:41,desktop,linkedin
S02452,U01713,8/18/2026 8:15,desktop,facebook
S02453,U01562,8/25/2026 13:24,desktop,direct
S02454,U02835,8/25/2026 15:12,desktop,google
S02455,U01896,8/2/2026 11:26,mobile,google
S02456,U03387,9/2/2026 11:16,mobile,direct
S02457,U03085,8/28/2026 18:23,mobile,linkedin
S02458,U04369,9/26/2026 7:30,mobile,google
S02459,U00501,8/23/2026 21:51,mobile,linkedin
S02460,U02496,9/17/2026 12:09,mobile,direct
S02461,U05885,8/24/2026 13:06,desktop,referral
S02462,U02823,8/12/2026 9:02,desktop,direct
S02463,U05874,8/21/2026 21:05,mobile,google
S02464,U01934,9/22/2026 10:33,mobile,direct
S02465,U03242,8/16/2026 19:51,mobile,google
S02466,U05589,9/20/2026 12:13,desktop,facebook
S02467,U01878,9/9/2026 7:30,desktop,linkedin
S02468,U03338,9/14/2026 13:32,mobile,google
S02469,U02466,9/15/2026 15:22,mobile,linkedin
S02470,U04562,9/1/2026 14:29,mobile,google
S02471,U03327,9/6/2026 22:47,mobile,google
S02472,U00092,8/5/2026 15:19,desktop,linkedin
S02473,U00557,9/11/2026 19:27,desktop,direct
S02474,U03477,9/12/2026 12:55,mobile,facebook
S02475,U01908,8/7/2026 9:19,mobile,linkedin
S02476,U05110,9/1/2026 14:58,mobile,google
S02477,U00534,8/31/2026 15:57,mobile,linkedin
S02478,U02973,8/19/2026 13:41,mobile,linkedin
S02479,U04573,8/4/2026 19:15,mobile,google
S02480,U05890,8/1/2026 22:25,desktop,facebook
S02481,U00856,8/13/2026 8:17,mobile,referral
S02482,U00290,8/14/2026 8:04,mobile,google
S02483,U05397,8/13/2026 11:22,mobile,direct
S02484,U04209,9/6/2026 16:22,mobile,direct
S02485,U04019,8/26/2026 7:40,desktop,google
S02486,U01388,8/7/2026 10:05,mobile,direct
S02487,U01695,8/6/2026 13:32,desktop,google
S02488,U05020,9/9/2026 13:00,desktop,google
S02489,U02110,9/26/2026 20:32,mobile,referral
S02490,U03293,9/19/2026 15:44,mobile,direct
S02491,U02979,9/15/2026 20:57,desktop,google
S02492,U03106,8/20/2026 19:09,mobile,linkedin
S02493,U01975,9/12/2026 13:37,mobile,referral
S02494,U01892,8/5/2026 22:38,desktop,linkedin
S02495,U02655,8/11/2026 20:29,desktop,facebook
S02496,U00369,8/9/2026 14:53,mobile,facebook
S02497,U04497,8/12/2026 20:36,mobile,google
S02498,U05333,8/22/2026 11:06,mobile,direct
S02499,U04465,8/3/2026 10:19,desktop,direct
S02500,U03234,9/18/2026 19:39,mobile,direct
S02501,U00982,9/12/2026 19:37,mobile,google
S02502,U00799,9/8/2026 10:32,desktop,google
S02503,U05171,8/11/2026 19:03,desktop,google
S02504,U03831,9/22/2026 15:07,desktop,linkedin
S02505,U00208,8/1/2026 15:56,mobile,direct
S02506,U04571,9/29/2026 20:32,mobile,direct
S02507,U01962,9/13/2026 9:33,desktop,linkedin
S02508,U03146,8/13/2026 13:27,desktop,google
S02509,U05479,8/12/2026 11:38,mobile,google
S02510,U03789,9/11/2026 15:54,desktop,direct
S02511,U04617,9/18/2026 9:31,mobile,linkedin
S02512,U02769,8/28/2026 8:54,mobile,direct
S02513,U03970,8/4/2026 18:08,mobile,google
S02514,U05526,8/30/2026 7:53,mobile,linkedin
S02515,U02178,8/29/2026 13:40,mobile,facebook
S02516,U03959,8/20/2026 22:46,desktop,google
S02517,U03397,9/24/2026 22:58,mobile,google
S02518,U04969,8/21/2026 9:51,mobile,direct
S02519,U02409,8/15/2026 21:50,mobile,linkedin
S02520,U03317,9/10/2026 12:22,mobile,referral
S02521,U01014,9/7/2026 10:10,mobile,facebook
S02522,U01551,9/7/2026 15:04,mobile,direct
S02523,U03480,8/31/2026 14:48,mobile,google
S02524,U02200,8/20/2026 12:59,mobile,linkedin
S02525,U03682,8/16/2026 13:50,desktop,facebook
S02526,U00431,8/8/2026 8:33,mobile,linkedin
S02527,U05093,8/12/2026 11:13,desktop,referral
S02528,U04554,9/4/2026 10:09,desktop,direct
S02529,U04333,8/25/2026 21:54,desktop,google
S02530,U02036,9/14/2026 14:53,mobile,linkedin
S02531,U00462,9/18/2026 15:44,mobile,direct
S02532,U02046,9/3/2026 14:01,mobile,google
S02533,U05639,8/7/2026 21:09,desktop,google
S02534,U05170,8/1/2026 19:46,mobile,direct
S02535,U04791,8/14/2026 18:01,desktop,google
S02536,U03841,8/17/2026 11:59,mobile,google
S02537,U01826,8/5/2026 11:56,desktop,direct
S02538,U00770,9/16/2026 22:02,mobile,direct
S02539,U01405,8/23/2026 21:52,mobile,linkedin
S02540,U05367,9/14/2026 11:31,mobile,referral
S02541,U05048,8/13/2026 12:22,mobile,referral
S02542,U03588,8/1/2026 12:18,mobile,linkedin
S02543,U05251,8/9/2026 19:32,mobile,google
S02544,U00520,8/29/2026 22:11,mobile,direct
S02545,U02679,8/29/2026 21:12,mobile,google
S02546,U05598,8/27/2026 20:26,mobile,facebook
S02547,U04083,9/27/2026 12:34,desktop,linkedin
S02548,U01738,9/9/2026 12:04,mobile,linkedin
S02549,U04222,9/13/2026 21:13,mobile,linkedin
S02550,U05025,8/8/2026 13:19,mobile,linkedin
S02551,U00922,8/28/2026 10:26,mobile,referral
S02552,U00494,9/7/2026 20:28,mobile,google
S02553,U05112,9/5/2026 14:40,desktop,referral
S02554,U03328,9/26/2026 8:22,desktop,google
S02555,U03223,8/29/2026 21:20,mobile,direct
S02556,U05576,8/23/2026 11:42,desktop,facebook
S02557,U03314,9/26/2026 11:56,mobile,linkedin
S02558,U00258,8/21/2026 15:30,mobile,google
S02559,U00220,9/4/2026 11:19,mobile,facebook
S02560,U03537,8/2/2026 20:15,mobile,facebook
S02561,U02841,8/10/2026 18:03,mobile,google
S02562,U02808,8/4/2026 16:02,desktop,linkedin
S02563,U01565,8/26/2026 10:12,desktop,facebook
S02564,U05289,9/25/2026 14:50,mobile,google
S02565,U03656,8/5/2026 11:21,mobile,direct
S02566,U04715,9/28/2026 22:23,mobile,linkedin
S02567,U00180,9/22/2026 19:40,mobile,google
S02568,U05745,8/1/2026 8:51,mobile,facebook
S02569,U05745,8/1/2026 15:26,desktop,google
S02570,U00214,9/24/2026 19:28,desktop,referral
S02571,U04118,9/5/2026 15:22,mobile,linkedin
S02572,U05357,8/11/2026 9:01,mobile,linkedin
S02573,U02512,9/27/2026 9:14,desktop,linkedin
S02574,U02413,9/3/2026 18:43,desktop,linkedin
S02575,U04985,9/8/2026 15:23,mobile,facebook
S02576,U03061,9/10/2026 15:41,mobile,direct
S02577,U03321,8/13/2026 11:19,desktop,direct
S02578,U00580,8/22/2026 11:14,desktop,linkedin
S02579,U04791,8/8/2026 13:30,mobile,google
S02580,U01069,9/1/2026 15:41,desktop,google
S02581,U05512,9/29/2026 14:29,mobile,direct
S02582,U02617,9/7/2026 21:04,desktop,linkedin
S02583,U01655,9/11/2026 10:01,mobile,linkedin
S02584,U04863,8/12/2026 14:33,mobile,linkedin
S02585,U02787,9/2/2026 10:45,mobile,linkedin
S02586,U01589,9/29/2026 7:06,mobile,direct
S02587,U03354,8/6/2026 13:38,mobile,linkedin
S02588,U00081,8/13/2026 7:54,mobile,referral
S02589,U02569,9/13/2026 12:57,mobile,google
S02590,U04720,8/1/2026 17:07,mobile,linkedin
S02591,U05451,8/13/2026 13:00,desktop,google
S02592,U03020,9/26/2026 17:50,desktop,facebook
S02593,U00185,8/2/2026 11:43,desktop,linkedin
S02594,U00975,8/26/2026 13:25,mobile,linkedin
S02595,U03447,8/20/2026 21:00,mobile,facebook
S02596,U02188,8/24/2026 10:53,desktop,linkedin
S02597,U00837,8/16/2026 15:00,mobile,google
S02598,U02128,8/17/2026 18:27,mobile,linkedin
S02599,U05659,9/15/2026 12:47,desktop,google
S02600,U01511,8/2/2026 11:51,desktop,facebook
S02601,U01205,8/8/2026 18:09,mobile,direct
S02602,U01399,8/16/2026 8:11,desktop,direct
S02603,U04138,9/19/2026 11:14,mobile,facebook
S02604,U01999,8/24/2026 13:33,desktop,direct
S02605,U04297,8/3/2026 10:28,mobile,linkedin
S02606,U00914,9/1/2026 15:37,mobile,google
S02607,U02590,9/7/2026 16:54,mobile,google
S02608,U02936,8/28/2026 22:27,mobile,referral
S02609,U02633,8/6/2026 16:37,desktop,referral
S02610,U02177,9/22/2026 16:28,mobile,direct
S02611,U00907,9/21/2026 18:36,desktop,google
S02612,U00658,9/24/2026 10:19,desktop,google
S02613,U04320,9/27/2026 14:31,mobile,facebook
S02614,U03647,8/20/2026 20:18,desktop,google
S02615,U05732,8/26/2026 9:48,mobile,linkedin
S02616,U02536,9/27/2026 11:39,mobile,google
S02617,U03249,8/27/2026 10:31,mobile,google
S02618,U01338,9/21/2026 22:20,desktop,direct
S02619,U05063,9/8/2026 12:40,desktop,referral
S02620,U01876,9/25/2026 12:12,desktop,direct
S02621,U00578,8/1/2026 20:02,desktop,linkedin
S02622,U04991,9/12/2026 21:33,desktop,linkedin
S02623,U03906,9/18/2026 7:04,mobile,facebook
S02624,U00057,8/12/2026 21:03,desktop,linkedin
S02625,U04409,9/14/2026 18:18,mobile,linkedin
S02626,U02433,8/12/2026 20:49,mobile,direct
S02627,U01290,9/24/2026 8:23,mobile,google
S02628,U02092,9/24/2026 7:37,mobile,google
S02629,U04483,8/1/2026 12:22,mobile,facebook
S02630,U02126,8/31/2026 20:35,mobile,linkedin
S02631,U03218,8/23/2026 14:58,mobile,google
S02632,U03499,9/23/2026 18:32,mobile,google
S02633,U04040,8/20/2026 10:55,desktop,referral
S02634,U02775,9/13/2026 12:20,mobile,direct
S02635,U03118,8/8/2026 21:02,mobile,direct
S02636,U04130,8/13/2026 14:50,mobile,google
S02637,U05088,9/29/2026 19:28,mobile,referral
S02638,U04567,8/24/2026 17:14,mobile,facebook
S02639,U05757,9/15/2026 9:48,desktop,linkedin
S02640,U05957,9/28/2026 22:05,mobile,google
S02641,U01422,9/27/2026 22:08,desktop,direct
S02642,U04944,8/2/2026 19:28,desktop,facebook
S02643,U04704,8/14/2026 14:30,mobile,direct
S02644,U02296,9/12/2026 13:51,desktop,referral
S02645,U01426,9/25/2026 11:45,mobile,direct
S02646,U04137,9/28/2026 17:19,desktop,google
S02647,U02592,9/13/2026 11:57,desktop,linkedin
S02648,U00333,8/7/2026 9:58,desktop,facebook
S02649,U02194,9/14/2026 7:58,desktop,google
S02650,U04580,8/17/2026 13:46,desktop,google
S02651,U02697,9/18/2026 20:02,desktop,direct
S02652,U03696,9/2/2026 19:39,mobile,linkedin
S02653,U02180,8/12/2026 20:35,desktop,facebook
S02654,U00930,9/20/2026 16:42,desktop,google
S02655,U01608,9/29/2026 20:52,mobile,google
S02656,U00026,8/31/2026 19:31,desktop,google
S02657,U02539,9/18/2026 19:54,mobile,direct
S02658,U04083,8/4/2026 15:09,mobile,direct
S02659,U03690,8/17/2026 8:22,mobile,linkedin
S02660,U03341,8/8/2026 13:04,mobile,linkedin
S02661,U05232,8/18/2026 20:33,desktop,google
S02662,U00684,8/23/2026 18:52,mobile,direct
S02663,U03490,8/26/2026 7:12,mobile,referral
S02664,U05920,8/20/2026 8:30,mobile,direct
S02665,U05306,9/2/2026 17:32,mobile,google
S02666,U05868,8/14/2026 22:39,desktop,direct
S02667,U00714,8/21/2026 18:42,desktop,google
S02668,U05170,9/20/2026 22:10,mobile,google
S02669,U02026,9/3/2026 8:03,mobile,google
S02670,U05207,8/2/2026 21:05,mobile,google
S02671,U00715,8/20/2026 9:03,mobile,google
S02672,U04405,9/19/2026 21:08,mobile,direct
S02673,U03971,8/11/2026 22:35,mobile,google
S02674,U05133,9/25/2026 15:10,mobile,direct
S02675,U04181,8/18/2026 15:31,mobile,referral
S02676,U05786,9/7/2026 14:58,mobile,linkedin
S02677,U03722,8/29/2026 15:51,mobile,linkedin
S02678,U00597,9/7/2026 20:07,desktop,direct
S02679,U01755,9/17/2026 11:30,desktop,google
S02680,U03296,8/9/2026 11:31,mobile,linkedin
S02681,U03092,8/22/2026 22:29,desktop,linkedin
S02682,U00792,9/4/2026 20:35,desktop,facebook
S02683,U00059,8/16/2026 15:38,mobile,facebook
S02684,U01444,8/23/2026 10:12,mobile,facebook
S02685,U03015,9/23/2026 22:17,mobile,direct
S02686,U00249,8/14/2026 21:03,desktop,linkedin
S02687,U00125,8/12/2026 12:15,mobile,facebook
S02688,U03409,9/4/2026 15:39,desktop,facebook
S02689,U01459,8/6/2026 13:42,mobile,linkedin
S02690,U03594,8/1/2026 20:29,mobile,referral
S02691,U01914,9/22/2026 17:59,desktop,facebook
S02692,U01969,8/17/2026 14:53,mobile,linkedin
S02693,U01647,8/8/2026 22:29,desktop,google
S02694,U03238,9/9/2026 16:44,desktop,google
S02695,U02585,8/29/2026 14:44,desktop,direct
S02696,U03575,8/28/2026 21:49,mobile,google
S02697,U02207,8/27/2026 14:11,desktop,linkedin
S02698,U05552,8/9/2026 13:41,mobile,linkedin
S02699,U01210,9/21/2026 13:13,mobile,facebook
S02700,U03800,8/1/2026 10:31,desktop,facebook
S02701,U01542,8/29/2026 11:28,desktop,direct
S02702,U04282,8/17/2026 8:27,mobile,linkedin
S02703,U02775,9/8/2026 18:39,mobile,google
S02704,U01918,9/2/2026 16:26,desktop,direct
S02705,U04975,8/24/2026 21:55,desktop,google
S02706,U01735,9/2/2026 16:46,mobile,linkedin
S02707,U01952,8/14/2026 8:17,desktop,referral
S02708,U01316,8/8/2026 16:55,mobile,linkedin
S02709,U05367,9/24/2026 9:48,mobile,direct
S02710,U03903,9/6/2026 7:35,desktop,direct
S02711,U05142,9/9/2026 17:36,desktop,facebook
S02712,U01590,9/29/2026 7:26,mobile,linkedin
S02713,U02679,9/24/2026 13:32,mobile,linkedin
S02714,U02094,9/5/2026 21:19,mobile,google
S02715,U00766,9/17/2026 11:05,desktop,linkedin
S02716,U05077,9/1/2026 18:07,mobile,google
S02717,U01738,8/15/2026 13:01,mobile,linkedin
S02718,U04596,9/7/2026 8:48,desktop,direct
S02719,U04102,9/24/2026 10:09,mobile,google
S02720,U01898,9/22/2026 8:11,mobile,linkedin
S02721,U03225,8/31/2026 9:24,mobile,google
S02722,U03232,9/26/2026 9:35,desktop,google
S02723,U00766,8/12/2026 21:07,mobile,google
S02724,U05506,8/3/2026 19:54,mobile,google
S02725,U04834,8/25/2026 12:39,mobile,referral
S02726,U00040,8/13/2026 18:34,desktop,referral
S02727,U00549,9/27/2026 10:16,desktop,direct
S02728,U03377,8/7/2026 17:13,mobile,linkedin
S02729,U04155,9/2/2026 10:14,mobile,direct
S02730,U03160,9/16/2026 17:15,desktop,facebook
S02731,U02057,8/7/2026 12:43,mobile,linkedin
S02732,U00919,8/3/2026 20:44,mobile,google
S02733,U01257,9/3/2026 20:21,mobile,direct
S02734,U05119,9/24/2026 12:20,mobile,referral
S02735,U05128,8/1/2026 7:39,mobile,google
S02736,U00481,8/2/2026 12:09,mobile,linkedin
S02737,U03449,9/25/2026 11:30,mobile,google
S02738,U02195,9/6/2026 13:48,mobile,linkedin
S02739,U02773,9/12/2026 16:11,desktop,direct
S02740,U00115,8/17/2026 22:50,mobile,google
S02741,U04919,8/19/2026 8:00,mobile,referral
S02742,U01227,8/29/2026 15:52,desktop,direct
S02743,U01869,8/13/2026 9:44,mobile,google
S02744,U01949,8/27/2026 15:45,desktop,facebook
S02745,U03897,9/27/2026 17:11,mobile,direct
S02746,U05740,9/14/2026 19:57,desktop,linkedin
S02747,U05856,9/22/2026 15:57,mobile,linkedin
S02748,U04550,8/30/2026 9:50,mobile,facebook
S02749,U04610,9/17/2026 21:37,mobile,linkedin
S02750,U02457,8/26/2026 13:29,mobile,google
S02751,U03653,9/7/2026 14:40,mobile,google
S02752,U05292,9/13/2026 17:15,desktop,google
S02753,U05845,9/19/2026 11:14,desktop,direct
S02754,U01514,9/25/2026 22:48,mobile,google
S02755,U03013,8/7/2026 7:42,desktop,direct
S02756,U05422,9/17/2026 9:28,desktop,linkedin
S02757,U03073,9/12/2026 22:50,desktop,facebook
S02758,U04471,9/14/2026 14:13,desktop,linkedin
S02759,U05969,8/1/2026 21:17,desktop,referral
S02760,U01588,8/30/2026 21:29,mobile,facebook
S02761,U00521,9/27/2026 22:50,desktop,google
S02762,U03374,9/24/2026 18:36,desktop,direct
S02763,U02983,8/14/2026 17:55,mobile,google
S02764,U01062,8/30/2026 16:49,mobile,facebook
S02765,U00283,9/21/2026 17:55,mobile,direct
S02766,U03623,9/25/2026 11:06,desktop,google
S02767,U00251,8/20/2026 20:02,mobile,google
S02768,U00467,9/18/2026 9:59,desktop,linkedin
S02769,U05052,9/20/2026 14:40,desktop,facebook
S02770,U03269,8/10/2026 12:59,desktop,direct
S02771,U03470,8/2/2026 19:11,mobile,google
S02772,U02625,8/3/2026 11:04,desktop,google
S02773,U04259,8/9/2026 10:18,desktop,linkedin
S02774,U01608,9/14/2026 19:56,mobile,linkedin
S02775,U02229,8/24/2026 14:47,desktop,google
S02776,U04177,9/11/2026 18:31,mobile,google
S02777,U00476,8/6/2026 21:03,desktop,facebook
S02778,U05590,9/6/2026 20:21,mobile,linkedin
S02779,U05166,9/14/2026 13:23,mobile,direct
S02780,U02896,9/28/2026 9:44,mobile,linkedin
S02781,U01313,8/20/2026 22:21,mobile,linkedin
S02782,U02712,9/2/2026 11:57,mobile,direct
S02783,U02570,8/29/2026 19:18,mobile,google
S02784,U03956,8/21/2026 19:17,mobile,google
S02785,U04743,9/8/2026 14:04,mobile,referral
S02786,U02974,9/3/2026 9:37,desktop,facebook
S02787,U00952,9/19/2026 14:33,desktop,direct
S02788,U02625,8/2/2026 9:19,mobile,google
S02789,U00186,8/14/2026 12:38,desktop,google
S02790,U03010,9/4/2026 13:07,mobile,google
S02791,U02460,9/4/2026 15:17,desktop,referral
S02792,U00730,9/24/2026 9:58,mobile,facebook
S02793,U00519,9/10/2026 20:32,desktop,linkedin
S02794,U00387,8/1/2026 8:15,desktop,referral
S02795,U01252,8/30/2026 22:46,desktop,google
S02796,U03404,9/20/2026 12:00,mobile,linkedin
S02797,U02117,9/22/2026 14:49,mobile,google
S02798,U02362,9/18/2026 21:00,mobile,google
S02799,U02772,8/29/2026 17:28,desktop,referral
S02800,U04441,8/7/2026 7:54,desktop,facebook
S02801,U05024,8/13/2026 16:39,desktop,google
S02802,U03760,9/20/2026 16:03,mobile,google
S02803,U03866,8/21/2026 21:55,mobile,linkedin
S02804,U02950,9/15/2026 16:00,mobile,google
S02805,U01787,8/3/2026 22:52,mobile,linkedin
S02806,U01688,8/30/2026 15:29,mobile,linkedin
S02807,U03421,9/27/2026 10:04,mobile,google
S02808,U00570,8/15/2026 15:05,desktop,google
S02809,U05094,8/2/2026 21:40,mobile,google
S02810,U03505,8/18/2026 7:16,mobile,referral
S02811,U00053,8/4/2026 13:22,mobile,linkedin
S02812,U02739,9/6/2026 7:45,desktop,linkedin
S02813,U05296,8/12/2026 20:28,desktop,google
S02814,U05963,8/15/2026 15:10,mobile,direct
S02815,U01660,9/5/2026 18:27,mobile,google
S02816,U01576,8/20/2026 22:29,mobile,google
S02817,U05651,9/9/2026 20:18,mobile,direct
S02818,U03008,9/25/2026 13:31,mobile,direct
S02819,U00112,9/25/2026 21:57,mobile,google
S02820,U00180,9/13/2026 14:33,desktop,google
S02821,U01066,9/28/2026 22:39,mobile,referral
S02822,U02463,9/14/2026 22:42,desktop,google
S02823,U05554,8/5/2026 10:32,mobile,google
S02824,U03701,9/27/2026 19:27,desktop,linkedin
S02825,U04785,9/4/2026 18:09,desktop,google
S02826,U04339,8/1/2026 19:19,desktop,direct
S02827,U05957,9/7/2026 9:41,mobile,direct
S02828,U02747,8/15/2026 15:04,mobile,linkedin
S02829,U03682,9/2/2026 9:25,desktop,linkedin
S02830,U05926,9/9/2026 21:21,desktop,linkedin
S02831,U03695,8/2/2026 20:58,mobile,direct
S02832,U05792,8/27/2026 16:17,mobile,google
S02833,U04435,8/4/2026 9:04,mobile,google
S02834,U02121,8/7/2026 17:30,desktop,direct
S02835,U05586,8/13/2026 14:01,desktop,google
S02836,U03268,9/16/2026 19:36,desktop,google
S02837,U04536,8/25/2026 8:35,desktop,google
S02838,U04080,8/3/2026 13:30,mobile,direct
S02839,U00713,9/14/2026 12:47,mobile,google
S02840,U03086,9/2/2026 22:15,mobile,direct
S02841,U04370,8/9/2026 11:46,desktop,direct
S02842,U02292,9/3/2026 22:48,mobile,direct
S02843,U04045,8/15/2026 21:45,mobile,google
S02844,U04511,9/8/2026 16:23,mobile,facebook
S02845,U04626,9/26/2026 9:47,mobile,google
S02846,U01288,8/19/2026 10:33,mobile,facebook
S02847,U03197,9/14/2026 7:16,mobile,direct
S02848,U01922,8/2/2026 19:23,mobile,google
S02849,U00454,8/25/2026 18:36,desktop,direct
S02850,U05319,9/23/2026 12:09,mobile,linkedin
S02851,U05813,8/5/2026 18:42,mobile,linkedin
S02852,U00440,9/25/2026 16:14,mobile,linkedin
S02853,U00801,8/6/2026 20:03,desktop,linkedin
S02854,U02939,8/29/2026 8:23,mobile,direct
S02855,U00834,8/11/2026 10:10,desktop,facebook
S02856,U02481,8/2/2026 19:55,desktop,google
S02857,U05703,8/21/2026 12:54,desktop,direct
S02858,U03793,9/4/2026 22:20,mobile,direct
S02859,U02659,9/13/2026 21:05,desktop,direct
S02860,U01825,8/19/2026 8:30,mobile,linkedin
S02861,U03724,8/30/2026 13:27,mobile,linkedin
S02862,U05649,8/11/2026 18:42,mobile,direct
S02863,U05831,9/13/2026 9:10,mobile,google
S02864,U04564,8/11/2026 20:46,mobile,google
S02865,U00596,9/21/2026 8:34,mobile,linkedin
S02866,U05227,8/11/2026 8:45,mobile,google
S02867,U04603,9/9/2026 15:41,mobile,google
S02868,U04054,8/20/2026 10:56,mobile,google
S02869,U05455,9/29/2026 17:13,desktop,direct
S02870,U01105,8/17/2026 13:16,mobile,referral
S02871,U04719,9/26/2026 11:19,mobile,linkedin
S02872,U02095,9/20/2026 20:23,mobile,google
S02873,U01963,8/29/2026 9:33,mobile,facebook
S02874,U04918,8/30/2026 14:53,mobile,google
S02875,U02524,8/22/2026 9:41,mobile,referral
S02876,U00699,8/26/2026 9:11,mobile,linkedin
S02877,U03756,8/28/2026 10:16,mobile,google
S02878,U03364,8/9/2026 11:06,mobile,linkedin
S02879,U01105,8/20/2026 13:35,mobile,google
S02880,U05782,9/22/2026 14:28,mobile,direct
S02881,U01771,9/28/2026 9:13,mobile,google
S02882,U03921,8/4/2026 7:37,mobile,facebook
S02883,U02085,9/13/2026 8:30,mobile,direct
S02884,U00945,8/15/2026 17:05,mobile,facebook
S02885,U04997,9/9/2026 22:34,mobile,facebook
S02886,U00022,9/7/2026 7:24,mobile,google
S02887,U01531,9/22/2026 7:33,mobile,linkedin
S02888,U05781,9/12/2026 19:29,desktop,facebook
S02889,U05432,9/19/2026 18:35,mobile,google
S02890,U02157,9/18/2026 18:44,mobile,google
S02891,U05468,9/8/2026 9:46,mobile,google
S02892,U00596,8/25/2026 20:50,desktop,google
S02893,U00462,8/21/2026 16:58,mobile,facebook
S02894,U01780,8/21/2026 9:31,mobile,linkedin
S02895,U03754,8/22/2026 8:51,desktop,direct
S02896,U04474,8/18/2026 16:38,mobile,referral
S02897,U03534,8/19/2026 19:27,desktop,google
S02898,U03447,9/4/2026 19:29,mobile,direct
S02899,U04428,8/17/2026 16:24,mobile,google
S02900,U02045,8/21/2026 15:15,mobile,google
S02901,U00610,9/12/2026 18:07,mobile,google
S02902,U02298,8/20/2026 9:05,desktop,google
S02903,U04220,8/7/2026 12:50,mobile,linkedin
S02904,U01176,8/2/2026 8:34,desktop,linkedin
S02905,U02165,9/15/2026 20:25,mobile,google
S02906,U01603,9/26/2026 16:41,desktop,google
S02907,U04696,9/10/2026 19:26,desktop,direct
S02908,U02791,8/4/2026 14:57,mobile,google
S02909,U04787,9/3/2026 21:52,desktop,facebook
S02910,U04406,8/17/2026 21:52,mobile,referral
S02911,U03924,8/20/2026 16:51,desktop,direct
S02912,U03704,9/25/2026 20:20,mobile,linkedin
S02913,U04440,9/19/2026 17:33,mobile,direct
S02914,U00941,9/14/2026 18:34,desktop,direct
S02915,U02409,8/31/2026 10:57,mobile,referral
S02916,U04274,9/4/2026 22:43,mobile,referral
S02917,U02585,9/24/2026 9:56,mobile,linkedin
S02918,U04364,9/9/2026 18:06,desktop,linkedin
S02919,U05510,9/4/2026 16:42,mobile,facebook
S02920,U02827,8/6/2026 8:28,desktop,google
S02921,U05966,9/29/2026 19:23,desktop,linkedin
S02922,U03139,9/18/2026 8:14,mobile,direct
S02923,U02810,8/22/2026 15:09,mobile,direct
S02924,U05047,8/16/2026 20:03,desktop,google
S02925,U02082,9/28/2026 9:00,mobile,google
S02926,U00539,9/27/2026 12:46,mobile,google
S02927,U01301,8/26/2026 15:07,desktop,linkedin
S02928,U02333,8/14/2026 21:47,mobile,facebook
S02929,U01799,9/17/2026 13:06,mobile,facebook
S02930,U03323,9/7/2026 8:53,desktop,google
S02931,U00576,9/24/2026 9:06,mobile,google
S02932,U00131,9/2/2026 10:10,mobile,direct
S02933,U00617,9/3/2026 20:51,mobile,direct
S02934,U03591,8/9/2026 19:22,desktop,linkedin
S02935,U02320,9/6/2026 13:41,desktop,linkedin
S02936,U04466,8/22/2026 20:33,mobile,google
S02937,U02130,8/13/2026 21:41,mobile,direct
S02938,U05286,9/16/2026 20:52,mobile,linkedin
S02939,U01900,8/21/2026 7:04,mobile,google
S02940,U05218,8/13/2026 8:35,mobile,facebook
S02941,U01086,9/27/2026 18:36,desktop,direct
S02942,U03353,9/27/2026 13:06,mobile,referral
S02943,U05196,8/30/2026 9:32,desktop,linkedin
S02944,U02039,8/18/2026 17:20,mobile,linkedin
S02945,U00900,8/10/2026 12:41,mobile,referral
S02946,U02292,9/7/2026 21:42,mobile,referral
S02947,U05260,9/6/2026 16:13,mobile,referral
S02948,U02794,9/7/2026 10:49,desktop,facebook
S02949,U05848,9/16/2026 21:57,desktop,linkedin
S02950,U01922,8/29/2026 16:36,desktop,google
S02951,U03177,9/10/2026 11:44,mobile,linkedin
S02952,U05508,9/9/2026 9:17,desktop,referral
S02953,U00126,9/17/2026 15:52,mobile,google
S02954,U01739,9/14/2026 18:57,desktop,direct
S02955,U04358,8/3/2026 20:22,mobile,referral
S02956,U02374,9/7/2026 9:02,mobile,referral
S02957,U03657,9/28/2026 13:54,mobile,referral
S02958,U04590,9/3/2026 22:59,mobile,linkedin
S02959,U02500,9/1/2026 17:34,mobile,linkedin
S02960,U03775,9/6/2026 8:28,desktop,referral
S02961,U01927,9/3/2026 21:40,desktop,google
S02962,U02258,8/25/2026 17:57,desktop,google
S02963,U04192,9/29/2026 14:21,mobile,referral
S02964,U05828,8/5/2026 19:25,mobile,direct
S02965,U01160,9/18/2026 17:22,mobile,linkedin
S02966,U02547,8/10/2026 11:07,mobile,google
S02967,U00256,8/13/2026 19:44,mobile,linkedin
S02968,U01524,9/6/2026 11:04,mobile,referral
S02969,U00979,9/8/2026 10:39,mobile,linkedin
S02970,U01258,9/25/2026 16:32,mobile,linkedin
S02971,U00496,8/18/2026 7:17,mobile,linkedin
S02972,U02686,8/2/2026 17:05,desktop,facebook
S02973,U00683,8/16/2026 15:48,mobile,facebook
S02974,U04701,9/2/2026 18:31,desktop,linkedin
S02975,U01559,8/22/2026 9:32,mobile,linkedin
S02976,U03538,8/16/2026 16:17,desktop,google
S02977,U00114,9/24/2026 14:03,desktop,linkedin
S02978,U02605,9/3/2026 9:47,desktop,google
S02979,U03454,9/10/2026 14:13,desktop,linkedin
S02980,U01052,9/14/2026 21:47,desktop,linkedin
S02981,U05223,8/25/2026 20:11,mobile,google
S02982,U04441,9/14/2026 9:39,mobile,google
S02983,U05964,9/27/2026 20:32,mobile,google
S02984,U02893,9/13/2026 16:02,mobile,google
S02985,U01334,8/18/2026 7:45,mobile,direct
S02986,U01525,9/16/2026 21:43,mobile,google
S02987,U00195,8/15/2026 15:24,mobile,google
S02988,U03592,8/5/2026 21:36,mobile,referral
S02989,U01749,8/27/2026 8:34,mobile,google
S02990,U05676,8/31/2026 9:41,mobile,facebook
S02991,U05412,8/29/2026 21:25,desktop,linkedin
S02992,U01993,8/16/2026 10:49,desktop,direct
S02993,U00517,8/17/2026 15:47,mobile,linkedin
S02994,U04523,9/25/2026 16:37,mobile,google
S02995,U00498,8/18/2026 22:10,mobile,facebook
S02996,U00382,9/16/2026 12:23,mobile,facebook
S02997,U00610,8/16/2026 19:03,desktop,google
S02998,U01213,8/7/2026 18:41,mobile,direct
S02999,U00587,8/4/2026 18:12,desktop,linkedin
S03000,U01011,8/15/2026 15:21,mobile,facebook
S03001,U01313,9/20/2026 8:08,desktop,facebook
S03002,U02436,8/28/2026 11:15,mobile,google
S03003,U03862,9/11/2026 15:58,mobile,facebook
S03004,U04734,9/27/2026 13:34,desktop,referral
S03005,U04163,8/3/2026 9:57,mobile,direct
S03006,U03981,8/7/2026 18:03,desktop,google
S03007,U05528,9/25/2026 14:22,mobile,facebook
S03008,U01708,9/4/2026 19:33,mobile,direct
S03009,U05927,9/7/2026 15:46,mobile,google
S03010,U01348,8/21/2026 12:54,desktop,facebook
S03011,U01289,9/19/2026 8:44,mobile,linkedin
S03012,U03638,9/8/2026 8:40,desktop,facebook
S03013,U05857,8/16/2026 15:06,desktop,direct
S03014,U02575,9/8/2026 12:39,desktop,google
S03015,U02868,8/1/2026 18:29,mobile,referral
S03016,U05990,8/15/2026 17:05,desktop,linkedin
S03017,U00363,8/13/2026 11:32,desktop,linkedin
S03018,U03166,9/17/2026 19:09,mobile,linkedin
S03019,U03626,9/14/2026 16:03,mobile,google
S03020,U01814,8/6/2026 21:04,mobile,direct
S03021,U04544,9/24/2026 22:14,mobile,linkedin
S03022,U01043,9/19/2026 22:23,desktop,referral
S03023,U04617,8/27/2026 9:01,mobile,referral
S03024,U04265,8/13/2026 15:28,mobile,direct
S03025,U00891,8/26/2026 7:27,mobile,google
S03026,U01216,9/5/2026 21:04,mobile,direct
S03027,U03985,9/7/2026 18:14,mobile,google
S03028,U05634,8/21/2026 11:11,desktop,facebook
S03029,U01198,8/7/2026 16:42,mobile,linkedin
S03030,U01816,9/6/2026 15:57,mobile,referral
S03031,U05413,9/12/2026 15:41,desktop,google
S03032,U02631,8/17/2026 15:37,mobile,google
S03033,U03636,9/8/2026 22:44,mobile,referral
S03034,U05959,9/4/2026 19:17,mobile,linkedin
S03035,U03577,8/31/2026 13:26,desktop,facebook
S03036,U00924,8/1/2026 19:22,desktop,facebook
S03037,U03029,8/19/2026 9:15,mobile,linkedin
S03038,U05486,8/23/2026 11:33,mobile,linkedin
S03039,U01502,9/20/2026 8:52,mobile,linkedin
S03040,U01029,9/19/2026 21:10,mobile,facebook
S03041,U00480,9/22/2026 7:22,mobile,referral
S03042,U02173,8/28/2026 21:15,desktop,google
S03043,U02331,8/20/2026 20:18,desktop,direct
S03044,U02159,8/30/2026 22:10,mobile,google
S03045,U05293,9/17/2026 19:15,desktop,linkedin
S03046,U01826,9/7/2026 14:19,desktop,facebook
S03047,U03331,9/6/2026 19:59,mobile,facebook
S03048,U00516,8/27/2026 22:47,desktop,linkedin
S03049,U01563,9/11/2026 21:16,desktop,google
S03050,U02617,9/22/2026 19:33,mobile,google
S03051,U01108,9/10/2026 19:16,desktop,google
S03052,U02508,8/25/2026 17:27,mobile,google
S03053,U03492,9/20/2026 21:16,desktop,facebook
S03054,U04804,9/26/2026 13:54,desktop,linkedin
S03055,U01738,9/17/2026 15:00,mobile,google
S03056,U04098,9/22/2026 20:28,mobile,direct
S03057,U04739,8/16/2026 11:11,mobile,google
S03058,U01635,8/26/2026 19:13,mobile,google
S03059,U01130,8/15/2026 8:45,mobile,referral
S03060,U04380,8/22/2026 16:22,mobile,google
S03061,U04109,9/14/2026 7:33,mobile,linkedin
S03062,U01708,9/10/2026 22:57,mobile,linkedin
S03063,U00320,8/1/2026 20:28,mobile,google
S03064,U00919,9/15/2026 10:59,desktop,google
S03065,U05240,8/12/2026 9:24,mobile,google
S03066,U03660,8/12/2026 17:16,mobile,google
S03067,U02048,9/2/2026 21:25,mobile,facebook
S03068,U02336,8/15/2026 12:08,mobile,linkedin
S03069,U02424,9/27/2026 22:23,desktop,linkedin
S03070,U04363,8/9/2026 14:19,mobile,linkedin
S03071,U05026,8/10/2026 14:04,mobile,referral
S03072,U02331,9/15/2026 12:25,desktop,google
S03073,U02348,8/18/2026 11:19,desktop,facebook
S03074,U03031,9/12/2026 12:21,desktop,google
S03075,U01460,9/10/2026 9:46,desktop,referral
S03076,U04205,8/12/2026 13:01,desktop,google
S03077,U02329,9/4/2026 11:38,mobile,google
S03078,U04157,9/2/2026 7:54,mobile,linkedin
S03079,U02056,8/6/2026 12:48,mobile,google
S03080,U02424,9/15/2026 7:38,mobile,direct
S03081,U05594,9/21/2026 9:53,mobile,direct
S03082,U03654,9/26/2026 18:35,mobile,direct
S03083,U00296,8/6/2026 7:24,desktop,google
S03084,U05268,8/11/2026 11:58,desktop,direct
S03085,U05149,9/19/2026 17:56,desktop,google
S03086,U05909,8/19/2026 7:20,mobile,referral
S03087,U04104,9/7/2026 18:47,mobile,direct
S03088,U01242,8/21/2026 8:18,mobile,linkedin
S03089,U03325,8/14/2026 7:52,mobile,facebook
S03090,U05315,9/7/2026 10:08,desktop,linkedin
S03091,U03617,8/13/2026 20:45,desktop,linkedin
S03092,U04854,8/9/2026 7:46,desktop,google
S03093,U04769,9/1/2026 8:34,desktop,direct
S03094,U04421,8/12/2026 22:08,desktop,google
S03095,U02872,8/12/2026 16:45,mobile,google
S03096,U04376,9/16/2026 16:05,mobile,facebook
S03097,U04962,9/1/2026 7:38,mobile,google
S03098,U05419,9/2/2026 13:18,mobile,direct
S03099,U04711,8/9/2026 16:13,mobile,google
S03100,U00786,8/10/2026 15:31,mobile,linkedin
S03101,U04544,8/24/2026 15:20,desktop,facebook
S03102,U01319,8/24/2026 8:48,mobile,google
S03103,U01992,8/28/2026 22:49,desktop,direct
S03104,U05756,8/9/2026 18:13,desktop,linkedin
S03105,U03626,9/23/2026 10:51,desktop,facebook
S03106,U03799,8/22/2026 22:30,desktop,google
S03107,U01418,9/18/2026 11:49,mobile,direct
S03108,U03642,8/25/2026 9:05,desktop,linkedin
S03109,U01635,8/29/2026 21:17,mobile,linkedin
S03110,U05026,8/7/2026 9:26,desktop,google
S03111,U04711,9/10/2026 7:58,mobile,linkedin
S03112,U05287,8/4/2026 17:03,mobile,linkedin
S03113,U02995,9/14/2026 11:13,desktop,google
S03114,U05190,9/22/2026 9:25,desktop,linkedin
S03115,U01468,8/22/2026 8:38,mobile,direct
S03116,U01255,9/23/2026 9:01,mobile,linkedin
S03117,U00940,9/11/2026 22:22,mobile,google
S03118,U03274,8/1/2026 17:43,desktop,google
S03119,U03613,8/13/2026 20:29,mobile,linkedin
S03120,U01985,9/8/2026 16:53,mobile,direct
S03121,U05767,9/12/2026 15:41,mobile,facebook
S03122,U01386,8/6/2026 10:29,mobile,linkedin
S03123,U01037,9/11/2026 22:28,mobile,direct
S03124,U04124,9/18/2026 20:10,mobile,google
S03125,U03356,8/6/2026 15:27,mobile,referral
S03126,U01494,9/22/2026 8:41,mobile,google
S03127,U01052,9/1/2026 19:09,mobile,google
S03128,U04233,9/6/2026 12:19,mobile,google
S03129,U00889,8/4/2026 10:20,desktop,google
S03130,U03291,9/6/2026 18:49,desktop,direct
S03131,U02525,8/28/2026 20:23,mobile,google
S03132,U00020,8/23/2026 16:49,desktop,google
S03133,U05564,9/16/2026 8:11,mobile,google
S03134,U01096,8/15/2026 16:36,mobile,referral
S03135,U03653,8/4/2026 21:42,desktop,direct
S03136,U03507,8/30/2026 17:58,desktop,referral
S03137,U01888,9/14/2026 11:14,desktop,facebook
S03138,U00262,8/9/2026 17:20,mobile,facebook
S03139,U05257,9/29/2026 10:59,desktop,linkedin
S03140,U03886,9/10/2026 20:59,mobile,google
S03141,U01636,9/26/2026 20:31,mobile,google
S03142,U05269,8/29/2026 16:06,mobile,google
S03143,U02748,8/8/2026 9:09,desktop,direct
S03144,U01122,8/11/2026 13:25,mobile,google
S03145,U04185,8/31/2026 8:55,desktop,google
S03146,U02127,9/5/2026 19:15,mobile,direct
S03147,U01973,9/14/2026 17:53,desktop,google
S03148,U00722,9/17/2026 11:08,desktop,google
S03149,U04872,9/15/2026 20:42,desktop,google
S03150,U00720,9/5/2026 19:09,mobile,direct
S03151,U04494,8/2/2026 21:58,mobile,google
S03152,U01401,9/1/2026 11:28,mobile,google
S03153,U02680,9/19/2026 9:47,mobile,google
S03154,U03594,9/20/2026 14:41,mobile,direct
S03155,U04932,9/20/2026 11:14,mobile,google
S03156,U04760,8/1/2026 18:49,mobile,google
S03157,U01651,8/27/2026 13:48,mobile,facebook
S03158,U02507,9/7/2026 17:02,mobile,facebook
S03159,U05244,8/15/2026 9:44,desktop,google
S03160,U02084,8/25/2026 8:22,mobile,google
S03161,U05861,8/6/2026 22:00,desktop,google
S03162,U04595,8/12/2026 14:08,desktop,direct
S03163,U04327,8/1/2026 9:13,mobile,google
S03164,U03774,9/28/2026 19:59,desktop,referral
S03165,U05859,9/21/2026 9:07,mobile,facebook
S03166,U00609,8/25/2026 22:56,desktop,linkedin
S03167,U02498,8/1/2026 13:10,mobile,google
S03168,U00578,8/21/2026 14:28,mobile,facebook
S03169,U01575,8/27/2026 11:08,mobile,direct
S03170,U04392,8/11/2026 8:22,mobile,direct
S03171,U02155,9/9/2026 13:32,desktop,google
S03172,U01550,9/29/2026 12:51,desktop,direct
S03173,U01459,9/20/2026 14:10,desktop,facebook
S03174,U04939,9/21/2026 14:50,desktop,referral
S03175,U01847,9/19/2026 17:05,desktop,linkedin
S03176,U01975,8/5/2026 8:10,mobile,linkedin
S03177,U00605,9/3/2026 12:48,desktop,linkedin
S03178,U02589,9/3/2026 20:49,mobile,direct
S03179,U02321,8/7/2026 22:13,mobile,referral
S03180,U02493,8/9/2026 15:37,mobile,linkedin
S03181,U04018,9/3/2026 12:51,desktop,google
S03182,U05997,9/12/2026 13:39,mobile,google
S03183,U03147,8/13/2026 19:30,mobile,linkedin
S03184,U02848,8/30/2026 13:21,mobile,facebook
S03185,U03639,8/5/2026 22:07,mobile,google
S03186,U02280,8/7/2026 7:27,mobile,linkedin
S03187,U02430,9/4/2026 16:41,desktop,referral
S03188,U02215,9/3/2026 15:18,desktop,linkedin
S03189,U00484,9/15/2026 14:13,mobile,google
S03190,U04217,9/24/2026 14:36,mobile,google
S03191,U00771,8/12/2026 9:32,mobile,linkedin
S03192,U04582,8/21/2026 12:32,mobile,google
S03193,U01821,9/21/2026 12:39,mobile,direct
S03194,U05874,8/4/2026 17:32,desktop,linkedin
S03195,U02563,9/19/2026 16:34,desktop,direct
S03196,U03023,9/26/2026 13:34,mobile,linkedin
S03197,U04541,8/6/2026 15:16,mobile,google
S03198,U03440,8/9/2026 16:08,mobile,google
S03199,U03689,9/11/2026 7:45,mobile,google
S03200,U04032,8/29/2026 21:09,desktop,google
S03201,U00924,9/29/2026 21:16,desktop,direct
S03202,U01825,9/2/2026 12:49,desktop,google
S03203,U03164,9/9/2026 19:10,desktop,direct
S03204,U01627,8/15/2026 13:22,desktop,google
S03205,U02304,8/20/2026 8:04,desktop,google
S03206,U03558,8/11/2026 20:51,mobile,google
S03207,U05670,8/9/2026 11:16,mobile,linkedin
S03208,U02540,8/7/2026 12:43,mobile,direct
S03209,U01951,9/23/2026 16:12,mobile,facebook
S03210,U04472,8/5/2026 14:01,mobile,google
S03211,U03600,8/31/2026 11:15,mobile,linkedin
S03212,U00983,8/31/2026 19:48,desktop,direct
S03213,U01154,8/4/2026 12:41,desktop,google
S03214,U04795,9/20/2026 16:28,mobile,google
S03215,U00475,8/31/2026 17:38,mobile,google
S03216,U05674,8/8/2026 21:56,desktop,google
S03217,U05645,8/8/2026 14:39,mobile,facebook
S03218,U00576,9/12/2026 14:31,mobile,google
S03219,U02662,9/7/2026 21:36,mobile,linkedin
S03220,U04812,8/25/2026 14:39,mobile,direct
S03221,U01621,8/25/2026 11:45,mobile,google
S03222,U04245,8/3/2026 7:41,desktop,direct
S03223,U01683,8/2/2026 12:11,desktop,google
S03224,U05747,9/2/2026 10:09,desktop,linkedin
S03225,U02044,8/22/2026 11:52,mobile,google
S03226,U04321,8/16/2026 15:38,desktop,google
S03227,U00587,8/23/2026 15:23,desktop,google
S03228,U04075,9/6/2026 9:59,mobile,direct
S03229,U05014,8/18/2026 14:25,desktop,direct
S03230,U03298,8/21/2026 14:15,mobile,direct
S03231,U03729,8/17/2026 7:41,mobile,google
S03232,U04516,9/9/2026 11:31,mobile,referral
S03233,U04432,8/4/2026 18:33,mobile,google
S03234,U05026,9/25/2026 7:19,mobile,facebook
S03235,U02794,9/3/2026 11:48,mobile,direct
S03236,U03030,8/15/2026 14:36,mobile,linkedin
S03237,U03510,9/15/2026 9:39,desktop,linkedin
S03238,U02846,9/26/2026 17:20,mobile,direct
S03239,U05110,8/4/2026 18:27,mobile,direct
S03240,U03195,8/13/2026 12:24,mobile,google
S03241,U01172,8/9/2026 10:41,desktop,direct
S03242,U05756,8/5/2026 19:25,mobile,google
S03243,U00513,9/14/2026 10:26,desktop,linkedin
S03244,U00529,8/12/2026 9:20,mobile,direct
S03245,U01749,8/24/2026 7:31,mobile,facebook
S03246,U01568,9/18/2026 8:27,mobile,linkedin
S03247,U03282,9/6/2026 20:56,mobile,google
S03248,U04739,9/10/2026 21:57,desktop,linkedin
S03249,U04721,8/6/2026 15:44,desktop,google
S03250,U02637,9/28/2026 21:44,mobile,linkedin
S03251,U01831,8/5/2026 18:18,desktop,linkedin
S03252,U01577,9/12/2026 13:30,mobile,direct
S03253,U04810,9/8/2026 18:24,mobile,google
S03254,U03583,8/25/2026 13:43,mobile,google
S03255,U00536,9/20/2026 22:23,mobile,linkedin
S03256,U03961,9/23/2026 20:36,desktop,google
S03257,U03143,8/5/2026 20:30,mobile,google
S03258,U01037,9/27/2026 15:29,mobile,google
S03259,U01503,8/15/2026 15:17,mobile,linkedin
S03260,U05186,9/17/2026 8:52,mobile,google
S03261,U05991,9/19/2026 17:26,mobile,linkedin
S03262,U02092,9/3/2026 8:50,desktop,facebook
S03263,U02638,9/21/2026 15:38,mobile,linkedin
S03264,U04080,9/19/2026 9:05,mobile,google
S03265,U04945,9/1/2026 14:36,mobile,google
S03266,U05244,8/11/2026 19:29,mobile,google
S03267,U00690,8/27/2026 11:56,mobile,linkedin
S03268,U00600,9/24/2026 16:37,desktop,direct
S03269,U03084,8/13/2026 11:09,desktop,google
S03270,U02598,9/29/2026 11:47,mobile,google
S03271,U01690,8/11/2026 9:55,desktop,google
S03272,U00077,9/9/2026 9:35,mobile,google
S03273,U01594,9/8/2026 12:57,desktop,referral
S03274,U04861,8/12/2026 8:58,desktop,google
S03275,U02936,8/29/2026 21:15,desktop,google
S03276,U04683,8/9/2026 18:51,desktop,google
S03277,U01720,8/22/2026 10:32,mobile,google
S03278,U03825,9/27/2026 21:10,mobile,google
S03279,U01380,8/4/2026 12:50,mobile,linkedin
S03280,U04416,9/22/2026 15:29,mobile,google
S03281,U01988,9/10/2026 18:11,desktop,google
S03282,U01362,9/14/2026 19:21,mobile,linkedin
S03283,U00201,8/17/2026 7:07,mobile,linkedin
S03284,U05233,9/26/2026 11:31,mobile,google
S03285,U00128,8/16/2026 12:23,mobile,facebook
S03286,U03252,8/31/2026 16:22,mobile,google
S03287,U01967,8/3/2026 20:57,mobile,referral
S03288,U00225,9/23/2026 14:00,mobile,referral
S03289,U02866,9/12/2026 14:24,mobile,linkedin
S03290,U01955,8/10/2026 8:24,mobile,google
S03291,U02551,9/9/2026 15:25,mobile,facebook
S03292,U04924,8/11/2026 14:47,desktop,google
S03293,U04328,8/27/2026 17:11,mobile,google
S03294,U04116,8/31/2026 20:32,mobile,linkedin
S03295,U03182,9/25/2026 16:04,mobile,linkedin
S03296,U04982,8/20/2026 7:49,desktop,facebook
S03297,U03860,8/1/2026 20:04,desktop,direct
S03298,U01787,8/26/2026 14:38,mobile,facebook
S03299,U04068,9/25/2026 14:47,mobile,direct
S03300,U04947,9/17/2026 20:58,mobile,direct
S03301,U04755,8/4/2026 16:26,desktop,linkedin
S03302,U03214,8/4/2026 19:38,mobile,referral
S03303,U05157,9/15/2026 21:04,mobile,referral
S03304,U02083,9/13/2026 14:53,desktop,facebook
S03305,U01878,9/3/2026 22:43,desktop,direct
S03306,U05314,8/6/2026 9:44,mobile,linkedin
S03307,U02797,8/17/2026 20:56,mobile,google
S03308,U04678,9/20/2026 20:34,mobile,facebook
S03309,U02108,8/9/2026 8:35,mobile,google
S03310,U02528,8/13/2026 9:27,mobile,google
S03311,U00454,8/28/2026 7:35,desktop,linkedin
S03312,U00049,9/14/2026 11:25,desktop,linkedin
S03313,U02417,9/19/2026 22:51,mobile,linkedin
S03314,U00710,9/5/2026 8:59,mobile,google
S03315,U01933,8/30/2026 7:32,mobile,google
S03316,U05791,8/24/2026 14:20,mobile,google
S03317,U02010,8/3/2026 12:39,desktop,google
S03318,U03735,8/17/2026 17:04,mobile,google
S03319,U03088,8/13/2026 16:42,mobile,direct
S03320,U05210,8/4/2026 20:14,mobile,google
S03321,U05734,9/14/2026 13:38,mobile,google
S03322,U00020,8/22/2026 14:22,mobile,google
S03323,U00631,8/31/2026 7:21,desktop,linkedin
S03324,U02129,8/13/2026 22:31,desktop,facebook
S03325,U04478,9/5/2026 10:24,mobile,google
S03326,U01424,8/9/2026 16:32,desktop,google
S03327,U01427,9/10/2026 21:05,mobile,direct
S03328,U02207,9/14/2026 16:40,desktop,google
S03329,U04077,8/19/2026 17:00,mobile,facebook
S03330,U00100,8/13/2026 9:48,mobile,referral
S03331,U00340,9/16/2026 18:20,desktop,linkedin
S03332,U03032,8/14/2026 10:02,mobile,referral
S03333,U05602,8/11/2026 18:04,mobile,linkedin
S03334,U03953,8/21/2026 16:13,mobile,linkedin
S03335,U04062,9/27/2026 14:49,mobile,google
S03336,U03140,8/28/2026 18:32,mobile,google
S03337,U01051,8/16/2026 18:30,mobile,google
S03338,U04308,8/31/2026 10:16,desktop,linkedin
S03339,U00287,8/21/2026 13:00,mobile,linkedin
S03340,U03834,9/9/2026 14:44,mobile,google
S03341,U04787,8/27/2026 9:25,mobile,linkedin
S03342,U01109,9/5/2026 12:41,desktop,google
S03343,U01989,8/27/2026 7:39,mobile,google
S03344,U04734,8/29/2026 14:01,mobile,google
S03345,U03841,8/27/2026 10:17,mobile,direct
S03346,U02732,8/24/2026 10:33,desktop,linkedin
S03347,U05540,9/27/2026 20:05,desktop,direct
S03348,U01788,8/16/2026 9:15,mobile,google
S03349,U01591,9/18/2026 8:55,desktop,linkedin
S03350,U02670,9/12/2026 12:07,mobile,referral
S03351,U03808,9/1/2026 7:22,mobile,google
S03352,U01313,8/20/2026 20:54,mobile,linkedin
S03353,U04234,8/30/2026 22:47,mobile,google
S03354,U00980,9/20/2026 19:53,mobile,google
S03355,U03795,8/11/2026 19:47,mobile,linkedin
S03356,U02021,9/5/2026 8:37,mobile,google
S03357,U03043,9/15/2026 15:52,mobile,linkedin
S03358,U05498,9/8/2026 8:24,mobile,referral
S03359,U00996,8/9/2026 11:48,desktop,google
S03360,U04945,8/31/2026 14:53,desktop,google
S03361,U05414,8/11/2026 17:54,mobile,facebook
S03362,U03338,9/25/2026 11:26,mobile,linkedin
S03363,U03502,8/22/2026 11:05,mobile,facebook
S03364,U01018,8/26/2026 20:10,mobile,google
S03365,U01308,9/21/2026 10:35,mobile,direct
S03366,U01037,8/26/2026 14:46,mobile,referral
S03367,U00937,8/12/2026 11:35,desktop,google
S03368,U03666,9/23/2026 20:38,desktop,facebook
S03369,U02690,9/8/2026 15:33,mobile,direct
S03370,U04830,9/6/2026 8:43,mobile,facebook
S03371,U02668,8/5/2026 9:22,desktop,google
S03372,U00221,8/27/2026 22:31,mobile,linkedin
S03373,U05552,8/28/2026 22:02,desktop,google
S03374,U04774,8/16/2026 19:16,mobile,referral
S03375,U05516,9/3/2026 8:14,mobile,google
S03376,U04189,8/15/2026 18:42,mobile,google
S03377,U01545,8/29/2026 17:34,mobile,facebook
S03378,U04487,9/18/2026 22:02,desktop,google
S03379,U04513,9/14/2026 14:46,mobile,linkedin
S03380,U04504,8/17/2026 14:31,desktop,google
S03381,U05149,8/13/2026 17:07,mobile,direct
S03382,U05563,8/1/2026 9:22,desktop,google
S03383,U02969,8/21/2026 18:55,desktop,linkedin
S03384,U00429,8/2/2026 14:57,mobile,linkedin
S03385,U05427,8/8/2026 10:00,mobile,google
S03386,U04178,9/28/2026 20:02,desktop,google
S03387,U04729,9/21/2026 11:13,mobile,google
S03388,U02375,9/3/2026 20:45,desktop,direct
S03389,U05538,9/16/2026 11:21,mobile,google
S03390,U04409,8/30/2026 14:49,mobile,google
S03391,U05877,9/6/2026 13:59,mobile,google
S03392,U05678,9/25/2026 18:43,desktop,linkedin
S03393,U01882,8/5/2026 9:58,desktop,direct
S03394,U00442,8/22/2026 10:57,mobile,linkedin
S03395,U02735,8/8/2026 10:04,desktop,facebook
S03396,U02823,9/17/2026 10:41,desktop,direct
S03397,U00395,9/19/2026 14:14,mobile,facebook
S03398,U00352,9/13/2026 16:22,mobile,direct
S03399,U00075,9/6/2026 20:49,desktop,google
S03400,U04454,8/29/2026 13:44,desktop,referral
S03401,U00210,8/2/2026 13:33,mobile,direct
S03402,U03406,9/16/2026 9:34,desktop,linkedin
S03403,U05058,9/23/2026 8:34,mobile,google
S03404,U04053,9/27/2026 19:10,desktop,google
S03405,U04858,8/21/2026 17:07,desktop,linkedin
S03406,U01483,8/13/2026 15:30,desktop,linkedin
S03407,U02047,9/9/2026 14:06,mobile,direct
S03408,U05094,8/2/2026 15:19,mobile,google
S03409,U02117,8/4/2026 20:31,mobile,linkedin
S03410,U00069,9/19/2026 10:01,mobile,google
S03411,U05439,9/27/2026 14:58,desktop,google
S03412,U05117,8/25/2026 10:51,mobile,google
S03413,U00377,8/31/2026 8:40,mobile,facebook
S03414,U01647,9/2/2026 18:04,mobile,linkedin
S03415,U03772,8/9/2026 18:16,mobile,referral
S03416,U00014,8/14/2026 20:37,mobile,direct
S03417,U05402,8/18/2026 7:20,mobile,direct
S03418,U02401,9/20/2026 9:50,desktop,linkedin
S03419,U01480,8/27/2026 16:11,mobile,facebook
S03420,U01168,9/13/2026 19:59,desktop,referral
S03421,U01222,8/12/2026 22:02,desktop,direct
S03422,U02738,9/27/2026 19:36,mobile,google
S03423,U00588,9/23/2026 21:28,desktop,direct
S03424,U05178,8/29/2026 20:02,mobile,google
S03425,U03283,8/14/2026 12:03,mobile,google
S03426,U03210,9/28/2026 16:18,mobile,direct
S03427,U01328,9/18/2026 17:09,mobile,facebook
S03428,U05908,8/31/2026 12:37,desktop,google
S03429,U00276,8/17/2026 21:10,desktop,google
S03430,U02203,9/7/2026 19:20,desktop,facebook
S03431,U05635,8/23/2026 15:16,mobile,google
S03432,U00323,9/10/2026 14:40,mobile,google
S03433,U00323,9/19/2026 19:40,desktop,direct
S03434,U00567,8/30/2026 10:32,mobile,facebook
S03435,U01431,8/3/2026 10:29,mobile,linkedin
S03436,U04391,9/3/2026 13:26,mobile,linkedin
S03437,U01952,9/21/2026 9:02,mobile,google
S03438,U04077,8/14/2026 14:19,mobile,google
S03439,U00468,9/27/2026 13:55,mobile,direct
S03440,U04367,8/22/2026 15:05,mobile,facebook
S03441,U03634,9/11/2026 14:23,mobile,google
S03442,U02709,9/12/2026 21:21,mobile,google
S03443,U00610,8/11/2026 11:23,mobile,google
S03444,U02813,8/3/2026 13:34,mobile,google
S03445,U00272,9/26/2026 18:48,desktop,google
S03446,U03817,9/12/2026 11:33,mobile,google
S03447,U04118,9/7/2026 17:30,desktop,direct
S03448,U00750,8/19/2026 22:23,desktop,google
S03449,U01679,8/7/2026 13:00,mobile,direct
S03450,U03701,8/17/2026 10:52,desktop,linkedin
S03451,U04054,9/2/2026 10:02,desktop,facebook
S03452,U04132,9/11/2026 7:10,mobile,referral
S03453,U04930,8/20/2026 11:32,mobile,google
S03454,U00826,8/13/2026 20:35,mobile,google
S03455,U03497,8/15/2026 11:04,desktop,direct
S03456,U03299,9/27/2026 22:16,desktop,google
S03457,U05213,9/7/2026 22:14,desktop,google
S03458,U02074,9/29/2026 17:54,desktop,google
S03459,U04301,8/1/2026 22:41,mobile,facebook
S03460,U01000,8/28/2026 13:31,desktop,google
S03461,U05634,8/28/2026 22:18,mobile,linkedin
S03462,U04835,8/25/2026 15:42,desktop,linkedin
S03463,U04338,8/24/2026 8:17,mobile,direct
S03464,U03567,8/5/2026 20:18,mobile,google
S03465,U01227,8/2/2026 22:12,desktop,facebook
S03466,U01903,9/16/2026 21:09,desktop,direct
S03467,U02250,8/27/2026 13:40,mobile,linkedin
S03468,U03014,8/10/2026 8:38,mobile,google
S03469,U05472,8/21/2026 16:22,mobile,facebook
S03470,U01727,9/25/2026 20:53,desktop,direct
S03471,U05697,8/29/2026 20:27,mobile,linkedin
S03472,U01149,9/29/2026 16:52,mobile,google
S03473,U03535,8/10/2026 19:34,mobile,google
S03474,U01962,8/8/2026 7:30,mobile,google
S03475,U00452,9/3/2026 16:58,mobile,google
S03476,U00572,9/10/2026 8:44,mobile,google
S03477,U04886,9/28/2026 18:59,desktop,google
S03478,U01835,8/28/2026 7:43,desktop,facebook
S03479,U03813,8/13/2026 16:31,desktop,direct
S03480,U05136,9/2/2026 22:10,mobile,facebook
S03481,U01257,8/19/2026 8:47,mobile,direct
S03482,U00144,8/11/2026 13:49,desktop,direct
S03483,U04226,8/6/2026 7:39,desktop,google
S03484,U00003,9/13/2026 18:26,mobile,direct
S03485,U00428,9/8/2026 21:48,desktop,google
S03486,U05006,8/10/2026 7:01,desktop,linkedin
S03487,U02113,9/3/2026 15:44,desktop,referral
S03488,U05838,9/23/2026 19:41,desktop,facebook
S03489,U00737,9/19/2026 7:24,mobile,google
S03490,U02285,8/28/2026 14:42,mobile,direct
S03491,U05737,8/4/2026 9:03,mobile,google
S03492,U00784,9/8/2026 21:46,mobile,google
S03493,U05087,8/31/2026 15:09,desktop,google
S03494,U05826,9/25/2026 15:20,mobile,google
S03495,U04459,9/3/2026 22:57,mobile,direct
S03496,U05477,9/14/2026 19:37,desktop,google
S03497,U05606,9/1/2026 12:01,desktop,google
S03498,U05907,9/2/2026 17:04,desktop,referral
S03499,U02276,8/20/2026 11:45,mobile,linkedin
S03500,U00136,8/25/2026 15:19,desktop,linkedin
S03501,U01317,8/18/2026 19:59,mobile,linkedin
S03502,U04816,8/28/2026 22:10,mobile,linkedin
S03503,U03492,9/27/2026 22:13,mobile,linkedin
S03504,U03216,8/21/2026 14:55,desktop,linkedin
S03505,U01118,8/28/2026 21:19,desktop,facebook
S03506,U00152,9/26/2026 21:16,mobile,google
S03507,U01051,8/10/2026 15:44,mobile,linkedin
S03508,U01864,8/16/2026 7:34,desktop,google
S03509,U00487,8/30/2026 8:54,desktop,facebook
S03510,U04208,8/25/2026 17:31,mobile,google
S03511,U05437,8/21/2026 20:17,desktop,google
S03512,U05738,9/16/2026 21:35,desktop,referral
S03513,U04614,8/30/2026 10:53,desktop,linkedin
S03514,U00726,8/22/2026 21:23,desktop,google
S03515,U02987,8/29/2026 20:13,desktop,google
S03516,U02026,9/23/2026 14:45,desktop,google
S03517,U04760,9/29/2026 12:59,mobile,referral
S03518,U03376,8/15/2026 14:33,mobile,linkedin
S03519,U00526,8/3/2026 17:48,mobile,google
S03520,U03459,8/2/2026 19:58,desktop,linkedin
S03521,U03681,8/27/2026 9:44,mobile,linkedin
S03522,U04693,9/7/2026 12:21,desktop,google
S03523,U02480,8/4/2026 8:55,mobile,facebook
S03524,U05905,8/31/2026 21:59,mobile,google
S03525,U05296,8/24/2026 13:30,mobile,facebook
S03526,U03295,9/25/2026 11:00,mobile,direct
S03527,U05559,9/6/2026 10:15,mobile,google
S03528,U00848,8/26/2026 8:11,mobile,direct
S03529,U03457,9/5/2026 14:32,desktop,direct
S03530,U03609,8/9/2026 19:21,mobile,linkedin
S03531,U04717,8/29/2026 12:10,mobile,linkedin
S03532,U01123,8/20/2026 13:28,mobile,google
S03533,U05002,8/11/2026 17:11,mobile,google
S03534,U04897,8/24/2026 12:41,mobile,direct
S03535,U02279,9/8/2026 18:49,desktop,google
S03536,U01140,9/4/2026 12:08,desktop,google
S03537,U03277,9/27/2026 14:08,mobile,linkedin
S03538,U03140,8/17/2026 22:41,mobile,google
S03539,U03823,9/11/2026 20:22,mobile,direct
S03540,U03128,9/3/2026 16:08,mobile,facebook
S03541,U04186,9/22/2026 13:16,desktop,facebook
S03542,U03389,9/24/2026 22:52,mobile,google
S03543,U03215,9/12/2026 14:24,desktop,linkedin
S03544,U00003,8/26/2026 12:29,mobile,facebook
S03545,U02419,9/2/2026 16:32,mobile,google
S03546,U02076,9/9/2026 13:37,mobile,direct
S03547,U00811,9/18/2026 21:13,mobile,linkedin
S03548,U01766,8/14/2026 10:23,desktop,google
S03549,U01617,9/22/2026 7:48,mobile,google
S03550,U04404,9/18/2026 13:53,desktop,direct
S03551,U03851,8/6/2026 22:10,desktop,google
S03552,U01983,8/17/2026 7:59,mobile,facebook
S03553,U00524,8/15/2026 19:55,mobile,linkedin
S03554,U02829,9/4/2026 7:00,mobile,google
S03555,U05606,8/13/2026 15:55,mobile,direct
S03556,U04286,8/19/2026 14:14,desktop,linkedin
S03557,U02866,8/12/2026 9:33,mobile,google
S03558,U01765,8/5/2026 18:56,desktop,referral
S03559,U02755,8/28/2026 9:48,mobile,direct
S03560,U05853,8/20/2026 13:59,mobile,linkedin
S03561,U00783,8/31/2026 15:55,desktop,facebook
S03562,U05788,8/13/2026 15:17,mobile,linkedin
S03563,U00096,8/18/2026 7:30,desktop,linkedin
S03564,U00045,9/23/2026 14:07,mobile,google
S03565,U03853,9/18/2026 17:28,desktop,google
S03566,U01272,8/16/2026 15:25,desktop,linkedin
S03567,U02364,8/10/2026 18:40,desktop,linkedin
S03568,U03507,9/28/2026 19:24,mobile,direct
S03569,U03307,9/10/2026 9:52,desktop,linkedin
S03570,U02403,8/30/2026 19:51,mobile,linkedin
S03571,U03316,9/11/2026 21:19,desktop,facebook
S03572,U05190,8/14/2026 20:24,mobile,referral
S03573,U00397,8/26/2026 20:37,mobile,google
S03574,U05071,8/24/2026 10:23,mobile,facebook
S03575,U04862,9/13/2026 17:25,mobile,facebook
S03576,U02592,8/12/2026 14:19,mobile,google
S03577,U05201,8/30/2026 22:44,desktop,google
S03578,U00961,9/20/2026 20:17,mobile,google
S03579,U04127,8/12/2026 9:35,desktop,direct
S03580,U02588,8/8/2026 22:04,mobile,linkedin
S03581,U03712,9/19/2026 18:09,desktop,linkedin
S03582,U03893,9/22/2026 15:41,desktop,direct
S03583,U05262,8/26/2026 14:08,mobile,google
S03584,U03371,8/3/2026 14:53,desktop,linkedin
S03585,U03320,9/2/2026 19:20,desktop,facebook
S03586,U02801,8/18/2026 19:14,desktop,referral
S03587,U00758,9/5/2026 15:49,mobile,direct
S03588,U04265,8/9/2026 22:52,mobile,google
S03589,U00155,9/18/2026 10:43,desktop,google
S03590,U04044,9/11/2026 13:48,mobile,google
S03591,U00764,9/8/2026 16:34,desktop,linkedin
S03592,U02682,8/31/2026 9:38,mobile,google
S03593,U01611,8/14/2026 14:58,desktop,facebook
S03594,U02066,9/26/2026 20:20,mobile,direct
S03595,U05905,8/16/2026 17:48,mobile,linkedin
S03596,U05951,8/22/2026 18:22,desktop,google
S03597,U05180,9/25/2026 9:35,desktop,linkedin
S03598,U04909,8/3/2026 9:19,desktop,linkedin
S03599,U01843,8/8/2026 14:04,desktop,direct
S03600,U01269,9/15/2026 12:10,mobile,google
S03601,U02038,8/23/2026 7:09,mobile,facebook
S03602,U04557,9/4/2026 15:51,mobile,google
S03603,U05942,9/4/2026 19:04,mobile,google
S03604,U04120,9/19/2026 18:42,mobile,referral
S03605,U02555,9/7/2026 8:39,desktop,google
S03606,U04014,8/26/2026 19:29,mobile,google
S03607,U05834,9/2/2026 13:05,mobile,direct
S03608,U05685,9/14/2026 9:29,mobile,linkedin
S03609,U04506,8/23/2026 14:33,mobile,google
S03610,U04532,8/11/2026 10:28,mobile,google
S03611,U01738,8/30/2026 17:45,desktop,google
S03612,U03934,9/29/2026 18:54,mobile,linkedin
S03613,U03666,8/7/2026 18:36,mobile,google
S03614,U04898,8/11/2026 8:51,desktop,direct
S03615,U04152,9/29/2026 12:34,mobile,facebook
S03616,U01749,9/19/2026 14:58,desktop,google
S03617,U01792,8/8/2026 22:45,mobile,google
S03618,U02312,8/13/2026 15:44,mobile,google
S03619,U05036,9/11/2026 17:27,mobile,google
S03620,U04472,9/16/2026 12:25,desktop,google
S03621,U02216,9/14/2026 11:43,mobile,direct
S03622,U02453,9/21/2026 19:44,mobile,google
S03623,U02849,8/31/2026 20:21,mobile,linkedin
S03624,U00530,9/22/2026 7:53,desktop,direct
S03625,U01389,9/5/2026 15:37,desktop,facebook
S03626,U05037,8/29/2026 19:26,mobile,google
S03627,U05844,9/8/2026 9:31,desktop,google
S03628,U01041,8/26/2026 17:20,desktop,referral
S03629,U01566,9/6/2026 14:34,desktop,google
S03630,U00331,9/20/2026 15:06,mobile,direct
S03631,U05594,9/27/2026 16:30,mobile,direct
S03632,U03710,9/4/2026 20:57,desktop,linkedin
S03633,U01365,8/1/2026 8:23,mobile,google
S03634,U02869,9/7/2026 10:14,mobile,google
S03635,U04608,8/16/2026 12:31,mobile,linkedin
S03636,U01470,8/15/2026 19:48,mobile,linkedin
S03637,U00922,9/22/2026 16:28,desktop,direct
S03638,U02985,8/27/2026 10:00,mobile,direct
S03639,U04342,9/17/2026 7:22,desktop,facebook
S03640,U03255,8/23/2026 22:50,mobile,referral
S03641,U00469,9/6/2026 9:12,mobile,direct
S03642,U02155,9/9/2026 7:31,mobile,google
S03643,U01914,9/23/2026 13:30,desktop,linkedin
S03644,U03419,8/12/2026 15:51,mobile,linkedin
S03645,U00515,9/3/2026 11:08,mobile,linkedin
S03646,U04879,8/25/2026 9:41,desktop,google
S03647,U04649,8/28/2026 8:23,mobile,linkedin
S03648,U00804,9/20/2026 13:31,mobile,google
S03649,U05465,8/9/2026 22:13,mobile,google
S03650,U04908,9/2/2026 9:22,desktop,facebook
S03651,U05198,8/24/2026 16:09,mobile,linkedin
S03652,U00079,9/23/2026 10:06,mobile,linkedin
S03653,U02113,8/13/2026 17:46,mobile,linkedin
S03654,U01519,8/14/2026 7:58,mobile,linkedin
S03655,U05478,8/6/2026 10:15,mobile,google
S03656,U01935,8/27/2026 7:07,mobile,linkedin
S03657,U01288,8/1/2026 17:22,mobile,google
S03658,U03331,8/31/2026 18:30,mobile,direct
S03659,U03363,8/14/2026 9:44,desktop,google
S03660,U05343,8/25/2026 14:15,mobile,referral
S03661,U03518,9/6/2026 11:41,mobile,direct
S03662,U02069,9/11/2026 7:43,desktop,linkedin
S03663,U03871,8/4/2026 7:35,desktop,google
S03664,U01761,8/9/2026 22:01,desktop,linkedin
S03665,U04519,8/20/2026 17:21,mobile,direct
S03666,U05125,9/1/2026 17:38,mobile,direct
S03667,U03046,9/23/2026 11:43,mobile,direct
S03668,U00013,8/9/2026 11:13,mobile,facebook
S03669,U04361,8/5/2026 19:42,mobile,linkedin
S03670,U05064,9/7/2026 14:01,mobile,direct
S03671,U05146,9/28/2026 8:38,mobile,linkedin
S03672,U00294,9/19/2026 14:49,mobile,direct
S03673,U03747,9/3/2026 15:20,mobile,linkedin
S03674,U03647,8/2/2026 16:07,mobile,direct
S03675,U02114,9/4/2026 15:35,desktop,google
S03676,U02962,8/28/2026 20:43,desktop,google
S03677,U05868,8/27/2026 10:54,mobile,google
S03678,U00389,8/30/2026 16:26,mobile,referral
S03679,U04814,9/3/2026 21:12,mobile,linkedin
S03680,U04592,9/13/2026 22:39,mobile,google
S03681,U04383,8/12/2026 22:26,desktop,linkedin
S03682,U01332,8/5/2026 18:37,mobile,linkedin
S03683,U05176,8/4/2026 8:42,mobile,facebook
S03684,U03675,8/25/2026 22:48,mobile,referral
S03685,U01090,8/31/2026 7:30,mobile,facebook
S03686,U04803,9/17/2026 15:48,mobile,facebook
S03687,U00551,8/27/2026 14:08,mobile,google
S03688,U05582,9/1/2026 17:51,desktop,google
S03689,U03514,9/28/2026 19:31,mobile,linkedin
S03690,U04752,9/14/2026 18:48,mobile,direct
S03691,U05333,9/11/2026 10:37,mobile,google
S03692,U00978,8/22/2026 19:04,mobile,direct
S03693,U01027,8/10/2026 19:07,mobile,google
S03694,U03524,9/25/2026 7:23,mobile,google
S03695,U05231,9/3/2026 17:11,desktop,google
S03696,U00016,8/5/2026 9:02,mobile,facebook
S03697,U04478,8/29/2026 15:59,mobile,direct
S03698,U03972,8/6/2026 10:38,mobile,linkedin
S03699,U00494,9/28/2026 12:44,mobile,facebook
S03700,U03070,9/1/2026 11:20,mobile,facebook
S03701,U01556,9/17/2026 20:47,desktop,linkedin
S03702,U05253,8/29/2026 21:29,mobile,direct
S03703,U01726,8/2/2026 19:46,mobile,google
S03704,U00160,9/8/2026 18:33,desktop,linkedin
S03705,U04958,9/9/2026 12:48,mobile,google
S03706,U00263,8/14/2026 9:17,mobile,linkedin
S03707,U01244,9/12/2026 16:05,mobile,linkedin
S03708,U03291,8/14/2026 13:49,desktop,google
S03709,U02778,9/11/2026 11:31,mobile,linkedin
S03710,U01122,9/14/2026 10:53,desktop,direct
S03711,U01659,8/9/2026 9:34,desktop,linkedin
S03712,U00789,8/18/2026 20:16,desktop,google
S03713,U02748,8/10/2026 12:08,desktop,google
S03714,U00816,9/13/2026 21:41,desktop,google
S03715,U03778,8/15/2026 17:42,desktop,facebook
S03716,U03666,9/8/2026 9:37,desktop,facebook
S03717,U05168,8/26/2026 8:00,desktop,google
S03718,U03328,8/5/2026 13:39,desktop,direct
S03719,U01422,9/22/2026 8:18,desktop,linkedin
S03720,U01825,9/12/2026 22:14,mobile,referral
S03721,U04633,8/16/2026 21:30,mobile,google
S03722,U00945,9/22/2026 17:30,mobile,linkedin
S03723,U01491,9/12/2026 11:41,desktop,linkedin
S03724,U01959,9/18/2026 20:53,mobile,google
S03725,U03187,8/11/2026 17:21,desktop,google
S03726,U03982,8/1/2026 12:43,desktop,google
S03727,U04915,8/4/2026 21:04,desktop,linkedin
S03728,U04669,9/2/2026 10:21,mobile,direct
S03729,U04012,9/17/2026 16:05,desktop,direct
S03730,U04726,9/24/2026 18:03,desktop,google
S03731,U02827,9/27/2026 21:31,desktop,facebook
S03732,U05224,9/5/2026 9:11,desktop,google
S03733,U05464,9/7/2026 11:36,mobile,referral
S03734,U04722,8/18/2026 20:26,mobile,google
S03735,U02381,8/1/2026 14:59,mobile,facebook
S03736,U00510,8/12/2026 19:04,desktop,facebook
S03737,U01998,8/4/2026 19:22,mobile,facebook
S03738,U00375,9/11/2026 11:52,desktop,facebook
S03739,U03693,8/31/2026 12:18,desktop,google
S03740,U05028,9/16/2026 14:58,mobile,direct
S03741,U02824,8/9/2026 7:26,mobile,linkedin
S03742,U02063,9/24/2026 19:47,mobile,linkedin
S03743,U00257,9/13/2026 8:50,desktop,referral
S03744,U03622,9/24/2026 21:57,mobile,google
S03745,U05921,9/8/2026 19:27,mobile,linkedin
S03746,U01211,8/21/2026 12:38,desktop,facebook
S03747,U03961,9/7/2026 8:09,mobile,google
S03748,U00901,9/6/2026 19:38,desktop,google
S03749,U04448,8/11/2026 14:10,mobile,google
S03750,U02776,8/7/2026 10:06,mobile,direct
S03751,U03850,9/9/2026 13:52,mobile,facebook
S03752,U00188,8/6/2026 21:27,mobile,google
S03753,U01796,8/7/2026 18:00,mobile,direct
S03754,U04461,8/5/2026 17:58,desktop,linkedin
S03755,U03404,9/7/2026 15:13,mobile,direct
S03756,U01187,9/25/2026 9:26,mobile,direct
S03757,U00483,8/30/2026 22:11,mobile,referral
S03758,U03448,8/10/2026 18:50,mobile,google
S03759,U03921,8/31/2026 15:14,desktop,google
S03760,U01691,8/29/2026 18:35,mobile,linkedin
S03761,U00967,9/5/2026 12:48,desktop,linkedin
S03762,U02415,8/26/2026 18:52,mobile,linkedin
S03763,U03377,9/1/2026 22:29,mobile,google
S03764,U04787,8/20/2026 12:31,mobile,google
S03765,U01963,9/24/2026 7:08,mobile,referral
S03766,U05403,9/2/2026 18:50,desktop,google
S03767,U00022,8/19/2026 20:37,mobile,linkedin
S03768,U02832,8/1/2026 20:13,mobile,direct
S03769,U05986,9/10/2026 22:36,desktop,google
S03770,U02272,8/23/2026 12:33,mobile,google
S03771,U04075,8/15/2026 21:41,desktop,google
S03772,U03758,8/29/2026 10:19,desktop,linkedin
S03773,U00740,8/30/2026 16:23,desktop,google
S03774,U05414,9/18/2026 21:12,desktop,direct
S03775,U04144,9/2/2026 21:38,desktop,google
S03776,U05231,9/12/2026 16:55,mobile,google
S03777,U05017,9/8/2026 15:44,desktop,google
S03778,U02562,9/20/2026 14:21,mobile,google
S03779,U03241,8/1/2026 20:52,desktop,google
S03780,U02442,8/23/2026 21:04,desktop,referral
S03781,U03089,9/12/2026 10:49,mobile,google
S03782,U01637,8/9/2026 9:10,desktop,linkedin
S03783,U00105,8/27/2026 20:01,desktop,linkedin
S03784,U00931,8/25/2026 19:58,mobile,direct
S03785,U02853,9/18/2026 8:35,mobile,direct
S03786,U03395,9/27/2026 14:51,desktop,google
S03787,U03006,8/7/2026 15:06,desktop,direct
S03788,U03041,8/13/2026 7:40,mobile,google
S03789,U04301,9/16/2026 17:37,mobile,direct
S03790,U02787,8/11/2026 22:33,desktop,google
S03791,U02413,8/30/2026 10:23,mobile,direct
S03792,U03011,9/26/2026 19:26,mobile,direct
S03793,U04579,9/28/2026 8:17,mobile,direct
S03794,U04885,9/26/2026 10:26,mobile,google
S03795,U03082,8/9/2026 16:02,mobile,direct
S03796,U03900,8/9/2026 21:46,desktop,direct
S03797,U04165,8/11/2026 21:10,desktop,linkedin
S03798,U01503,9/16/2026 21:57,desktop,google
S03799,U04508,8/11/2026 22:48,mobile,google
S03800,U03481,8/26/2026 19:48,mobile,google
S03801,U02906,9/19/2026 12:48,mobile,direct
S03802,U04828,8/30/2026 9:02,mobile,linkedin
S03803,U00191,9/26/2026 20:09,mobile,direct
S03804,U05816,8/30/2026 9:58,mobile,direct
S03805,U03593,8/23/2026 15:19,mobile,direct
S03806,U02616,9/28/2026 19:03,mobile,direct
S03807,U01043,9/2/2026 7:33,desktop,linkedin
S03808,U03411,8/12/2026 21:37,mobile,linkedin
S03809,U01199,9/8/2026 11:51,desktop,google
S03810,U01234,9/16/2026 10:26,desktop,facebook
S03811,U00949,9/20/2026 12:56,mobile,referral
S03812,U03229,8/1/2026 14:22,mobile,linkedin
S03813,U01478,8/7/2026 14:16,mobile,referral
S03814,U00623,9/7/2026 9:28,mobile,referral
S03815,U01135,9/14/2026 10:01,mobile,linkedin
S03816,U04133,9/9/2026 14:38,mobile,direct
S03817,U01459,8/23/2026 10:37,mobile,direct
S03818,U01149,9/15/2026 17:16,mobile,google
S03819,U00783,9/4/2026 21:23,desktop,google
S03820,U01941,9/25/2026 7:17,desktop,linkedin
S03821,U02085,8/23/2026 7:34,desktop,direct
S03822,U05313,9/15/2026 17:17,mobile,google
S03823,U04530,8/9/2026 7:27,mobile,direct
S03824,U05057,9/13/2026 17:14,mobile,direct
S03825,U00061,9/13/2026 14:50,desktop,direct
S03826,U04463,8/16/2026 14:16,mobile,google
S03827,U04957,8/4/2026 16:42,mobile,linkedin
S03828,U01437,9/29/2026 21:19,mobile,google
S03829,U02308,8/5/2026 9:02,desktop,google
S03830,U01903,8/29/2026 9:09,mobile,google
S03831,U00857,8/1/2026 18:08,mobile,google
S03832,U03142,8/26/2026 7:49,mobile,google
S03833,U00579,9/19/2026 13:51,mobile,linkedin
S03834,U03480,8/31/2026 14:55,mobile,linkedin
S03835,U05928,8/15/2026 13:16,mobile,google
S03836,U02572,8/24/2026 15:31,mobile,facebook
S03837,U05953,8/6/2026 8:48,desktop,linkedin
S03838,U00128,9/5/2026 11:16,mobile,referral
S03839,U05709,8/1/2026 7:04,desktop,direct
S03840,U02377,8/21/2026 22:23,mobile,google
S03841,U02579,8/4/2026 20:18,desktop,facebook
S03842,U00116,8/15/2026 11:03,desktop,facebook
S03843,U00570,8/5/2026 7:34,desktop,direct
S03844,U00768,9/25/2026 11:19,mobile,linkedin
S03845,U03342,9/16/2026 22:17,desktop,linkedin
S03846,U02665,9/25/2026 19:58,mobile,linkedin
S03847,U01722,9/10/2026 17:32,desktop,direct
S03848,U03780,8/30/2026 21:45,desktop,linkedin
S03849,U03275,8/11/2026 9:49,mobile,google
S03850,U03696,9/27/2026 15:34,mobile,google
S03851,U03620,9/25/2026 19:42,mobile,google
S03852,U01319,8/25/2026 7:18,mobile,google
S03853,U03950,8/14/2026 13:57,mobile,google
S03854,U04751,8/24/2026 12:41,mobile,facebook
S03855,U02879,8/24/2026 9:49,mobile,google
S03856,U05016,9/25/2026 10:34,mobile,google
S03857,U01770,8/5/2026 22:29,desktop,google
S03858,U00443,9/7/2026 15:10,mobile,linkedin
S03859,U00155,9/16/2026 8:18,desktop,linkedin
S03860,U04576,9/15/2026 17:55,mobile,linkedin
S03861,U03924,8/12/2026 16:27,mobile,referral
S03862,U01164,8/25/2026 13:16,mobile,referral
S03863,U03645,8/21/2026 13:21,desktop,facebook
S03864,U00929,8/25/2026 15:35,mobile,facebook
S03865,U03431,8/6/2026 21:51,desktop,google
S03866,U02485,8/5/2026 19:09,mobile,linkedin
S03867,U01715,8/2/2026 13:24,mobile,google
S03868,U05193,9/28/2026 10:56,mobile,direct
S03869,U01928,8/26/2026 8:44,mobile,google
S03870,U01154,8/14/2026 10:08,mobile,google
S03871,U01608,9/17/2026 9:11,mobile,google
S03872,U02727,8/30/2026 19:53,mobile,linkedin
S03873,U04534,8/22/2026 16:12,mobile,direct
S03874,U04366,8/7/2026 7:35,mobile,google
S03875,U03333,8/24/2026 21:49,desktop,linkedin
S03876,U03989,9/8/2026 9:24,mobile,google
S03877,U03443,9/7/2026 17:19,mobile,direct
S03878,U01412,8/24/2026 7:11,desktop,google
S03879,U03062,9/6/2026 16:25,mobile,google
S03880,U01535,9/16/2026 15:53,mobile,direct
S03881,U00705,9/25/2026 21:32,desktop,linkedin
S03882,U00882,9/1/2026 16:36,desktop,facebook
S03883,U00507,8/14/2026 14:49,desktop,linkedin
S03884,U05518,8/8/2026 15:29,mobile,referral
S03885,U00481,8/10/2026 17:07,desktop,google
S03886,U01472,8/1/2026 13:37,mobile,linkedin
S03887,U01244,9/3/2026 18:25,desktop,referral
S03888,U04717,8/13/2026 15:27,desktop,google
S03889,U01358,8/14/2026 22:30,desktop,direct
S03890,U00260,9/13/2026 10:06,mobile,google
S03891,U02337,8/20/2026 18:40,mobile,linkedin
S03892,U02112,9/19/2026 20:13,desktop,google
S03893,U01539,8/9/2026 18:29,mobile,linkedin
S03894,U03394,8/21/2026 22:41,mobile,direct
S03895,U01594,8/4/2026 13:56,desktop,google
S03896,U01121,9/2/2026 15:38,mobile,google
S03897,U04988,8/8/2026 9:27,mobile,google
S03898,U03343,8/15/2026 12:59,mobile,google
S03899,U04485,9/14/2026 9:33,mobile,linkedin
S03900,U01268,9/22/2026 19:40,mobile,referral
S03901,U02429,9/2/2026 19:30,mobile,google
S03902,U04822,9/27/2026 10:05,desktop,linkedin
S03903,U00042,9/15/2026 19:50,desktop,linkedin
S03904,U05167,9/15/2026 12:07,mobile,google
S03905,U03879,9/29/2026 18:40,mobile,google
S03906,U01396,8/6/2026 22:02,desktop,direct
S03907,U03685,8/14/2026 20:16,desktop,linkedin
S03908,U03415,8/27/2026 9:58,desktop,facebook
S03909,U02754,9/7/2026 9:53,mobile,linkedin
S03910,U02163,9/29/2026 8:47,desktop,linkedin
S03911,U02317,8/6/2026 20:28,mobile,facebook
S03912,U01810,8/14/2026 15:44,mobile,facebook
S03913,U03978,8/18/2026 9:29,desktop,referral
S03914,U02227,9/10/2026 16:23,mobile,google
S03915,U05472,9/27/2026 15:28,mobile,referral
S03916,U00285,9/26/2026 16:33,mobile,facebook
S03917,U05254,9/14/2026 17:09,mobile,direct
S03918,U04331,9/16/2026 9:37,mobile,direct
S03919,U04508,8/25/2026 13:11,desktop,referral
S03920,U02169,9/6/2026 18:32,mobile,linkedin
S03921,U05807,8/11/2026 21:32,mobile,direct
S03922,U01362,8/31/2026 10:52,desktop,direct
S03923,U03080,8/18/2026 16:08,mobile,direct
S03924,U04987,9/25/2026 22:10,desktop,direct
S03925,U05442,8/23/2026 16:37,mobile,google
S03926,U05075,8/24/2026 10:38,mobile,google
S03927,U01428,8/25/2026 16:20,mobile,linkedin
S03928,U02768,9/24/2026 7:16,desktop,direct
S03929,U00410,9/25/2026 14:49,mobile,direct
S03930,U05275,8/26/2026 16:05,desktop,facebook
S03931,U00774,9/29/2026 7:54,mobile,direct
S03932,U03833,9/15/2026 10:14,mobile,linkedin
S03933,U05456,9/20/2026 22:49,mobile,google
S03934,U02826,9/24/2026 17:03,mobile,direct
S03935,U05413,8/20/2026 14:20,mobile,facebook
S03936,U00997,9/3/2026 10:40,mobile,direct
S03937,U03517,8/18/2026 8:59,mobile,facebook
S03938,U00640,8/19/2026 13:50,desktop,referral
S03939,U01113,8/28/2026 15:43,mobile,google
S03940,U03938,8/4/2026 9:52,mobile,direct
S03941,U05678,8/13/2026 19:48,mobile,linkedin
S03942,U05590,9/18/2026 13:51,mobile,linkedin
S03943,U00764,8/10/2026 7:53,mobile,google
S03944,U02490,9/7/2026 9:11,mobile,google
S03945,U01221,9/15/2026 20:47,mobile,google
S03946,U01571,8/16/2026 12:24,desktop,direct
S03947,U01154,8/28/2026 12:57,mobile,google
S03948,U03506,9/22/2026 10:10,mobile,linkedin
S03949,U02727,9/20/2026 19:55,desktop,linkedin
S03950,U00071,9/25/2026 20:03,mobile,linkedin
S03951,U04561,9/7/2026 10:52,mobile,facebook
S03952,U03101,9/23/2026 18:40,desktop,linkedin
S03953,U03356,8/24/2026 14:14,desktop,google
S03954,U05022,9/6/2026 9:40,desktop,referral
S03955,U00909,9/10/2026 19:44,mobile,facebook
S03956,U03815,9/28/2026 8:19,mobile,direct
S03957,U05652,8/23/2026 20:59,desktop,direct
S03958,U00982,9/22/2026 7:24,desktop,google
S03959,U05322,8/31/2026 12:10,mobile,direct
S03960,U01991,8/7/2026 10:37,mobile,google
S03961,U04696,9/9/2026 10:45,mobile,linkedin
S03962,U05982,9/28/2026 14:40,mobile,google
S03963,U04851,8/28/2026 19:01,desktop,direct
S03964,U02649,9/2/2026 13:23,mobile,google
S03965,U02338,9/25/2026 15:15,mobile,google
S03966,U01092,9/25/2026 22:32,mobile,google
S03967,U05063,8/25/2026 14:57,mobile,direct
S03968,U04277,9/15/2026 19:40,mobile,google
S03969,U02422,9/7/2026 13:09,mobile,linkedin
S03970,U03512,9/8/2026 8:15,mobile,google
S03971,U00644,9/13/2026 11:05,desktop,direct
S03972,U04865,8/20/2026 9:32,mobile,google
S03973,U05690,8/19/2026 21:30,mobile,referral
S03974,U05687,8/2/2026 7:25,mobile,google
S03975,U03450,9/21/2026 20:09,mobile,google
S03976,U01464,8/17/2026 9:12,mobile,google
S03977,U05032,9/10/2026 9:24,mobile,google
S03978,U01577,9/11/2026 15:28,mobile,linkedin
S03979,U01079,9/12/2026 8:17,mobile,google
S03980,U04301,9/21/2026 8:13,desktop,facebook
S03981,U01842,9/22/2026 19:24,mobile,linkedin
S03982,U01743,8/1/2026 7:57,mobile,google
S03983,U03223,9/20/2026 16:33,mobile,linkedin
S03984,U00024,8/13/2026 8:53,mobile,google
S03985,U03454,9/8/2026 8:22,mobile,google
S03986,U04093,9/10/2026 17:42,mobile,google
S03987,U01314,8/4/2026 13:16,mobile,google
S03988,U05187,8/18/2026 7:18,mobile,google
S03989,U04020,9/24/2026 17:54,desktop,referral
S03990,U03320,8/9/2026 22:30,desktop,direct
S03991,U00435,8/14/2026 15:58,desktop,referral
S03992,U05184,8/5/2026 13:05,mobile,google
S03993,U03092,8/11/2026 20:30,mobile,facebook
S03994,U01138,9/8/2026 12:23,mobile,google
S03995,U01995,9/20/2026 16:48,mobile,google
S03996,U05709,9/5/2026 14:35,mobile,facebook
S03997,U00936,8/18/2026 18:37,mobile,google
S03998,U00610,9/21/2026 15:17,mobile,linkedin
S03999,U04711,8/23/2026 14:42,mobile,facebook
S04000,U03376,8/19/2026 13:43,mobile,linkedin
S04001,U02864,8/31/2026 11:44,desktop,linkedin
S04002,U03681,8/9/2026 14:46,mobile,google
S04003,U03002,8/22/2026 7:58,desktop,google
S04004,U02130,9/17/2026 12:26,mobile,referral
S04005,U01859,9/6/2026 8:13,mobile,google
S04006,U04672,9/29/2026 12:09,mobile,google
S04007,U02991,9/16/2026 12:37,mobile,google
S04008,U05928,8/22/2026 7:26,mobile,facebook
S04009,U03634,9/16/2026 11:44,mobile,direct
S04010,U05899,9/21/2026 17:44,mobile,linkedin
S04011,U03725,9/7/2026 22:31,mobile,referral
S04012,U02514,9/15/2026 16:52,mobile,google
S04013,U04334,8/31/2026 18:23,desktop,facebook
S04014,U04985,9/24/2026 17:42,mobile,google
S04015,U04092,8/15/2026 22:06,mobile,linkedin
S04016,U00156,8/26/2026 22:03,mobile,google
S04017,U01782,8/16/2026 8:49,mobile,referral
S04018,U01026,8/7/2026 14:34,mobile,facebook
S04019,U04525,9/6/2026 21:31,mobile,linkedin
S04020,U03824,8/8/2026 21:06,desktop,google
S04021,U00345,8/14/2026 15:33,mobile,google
S04022,U04178,9/15/2026 14:06,mobile,linkedin
S04023,U04287,8/15/2026 7:55,mobile,google
S04024,U02310,9/21/2026 14:38,desktop,google
S04025,U04296,8/3/2026 15:06,desktop,direct
S04026,U00645,8/28/2026 17:07,desktop,linkedin
S04027,U03111,8/5/2026 15:20,desktop,facebook
S04028,U01090,8/4/2026 10:27,desktop,linkedin
S04029,U00419,9/17/2026 22:29,mobile,google
S04030,U02753,8/5/2026 10:28,desktop,linkedin
S04031,U03333,9/23/2026 13:07,mobile,google
S04032,U04660,9/5/2026 15:09,mobile,direct
S04033,U01537,8/29/2026 11:41,desktop,direct
S04034,U05383,9/25/2026 8:05,mobile,google
S04035,U05150,8/24/2026 16:46,mobile,google
S04036,U05348,8/24/2026 10:47,mobile,facebook
S04037,U03701,8/25/2026 21:03,mobile,linkedin
S04038,U03572,9/9/2026 19:41,desktop,linkedin
S04039,U01561,9/20/2026 13:51,mobile,direct
S04040,U04412,9/2/2026 14:25,desktop,linkedin
S04041,U00013,8/17/2026 22:11,mobile,google
S04042,U05874,9/23/2026 7:25,desktop,facebook
S04043,U00564,9/5/2026 13:03,mobile,referral
S04044,U00773,9/19/2026 7:58,desktop,google
S04045,U03476,8/26/2026 9:12,mobile,google
S04046,U00952,8/12/2026 21:42,mobile,direct
S04047,U04279,9/26/2026 8:37,mobile,linkedin
S04048,U03643,9/10/2026 22:18,mobile,linkedin
S04049,U02523,8/19/2026 19:32,mobile,linkedin
S04050,U05946,9/20/2026 17:15,desktop,direct
S04051,U00791,8/1/2026 18:52,desktop,linkedin
S04052,U03578,9/25/2026 9:57,desktop,google
S04053,U02778,9/4/2026 8:52,mobile,google
S04054,U03048,9/5/2026 12:53,mobile,linkedin
S04055,U03866,8/1/2026 19:13,desktop,referral
S04056,U03089,8/11/2026 11:53,desktop,linkedin
S04057,U01786,9/13/2026 9:48,mobile,google
S04058,U03732,9/3/2026 19:33,desktop,facebook
S04059,U03625,8/8/2026 17:08,mobile,linkedin
S04060,U00172,9/9/2026 15:35,desktop,linkedin
S04061,U00494,9/14/2026 13:35,desktop,google
S04062,U00275,8/17/2026 19:28,desktop,direct
S04063,U00801,9/11/2026 18:45,mobile,direct
S04064,U02030,9/28/2026 12:46,mobile,direct
S04065,U00830,8/29/2026 9:04,mobile,google
S04066,U03921,8/14/2026 20:54,desktop,linkedin
S04067,U02100,9/27/2026 9:11,mobile,google
S04068,U04451,9/24/2026 13:51,desktop,referral
S04069,U05740,8/28/2026 21:20,desktop,google
S04070,U00341,8/26/2026 13:40,mobile,direct
S04071,U01387,9/20/2026 20:18,mobile,direct
S04072,U01642,8/1/2026 14:49,desktop,google
S04073,U01332,8/19/2026 18:55,mobile,google
S04074,U01272,9/2/2026 16:28,mobile,google
S04075,U02455,9/9/2026 11:28,mobile,linkedin
S04076,U02192,9/7/2026 21:18,mobile,referral
S04077,U04207,8/23/2026 14:28,desktop,linkedin
S04078,U05282,9/22/2026 14:19,mobile,referral
S04079,U03775,9/8/2026 17:32,mobile,google
S04080,U00364,9/2/2026 21:52,mobile,linkedin
S04081,U01232,9/26/2026 20:56,mobile,facebook
S04082,U01126,8/6/2026 13:17,mobile,facebook
S04083,U03665,9/12/2026 10:42,desktop,google
S04084,U01002,9/25/2026 12:11,mobile,direct
S04085,U00563,9/9/2026 11:12,mobile,facebook
S04086,U05011,9/3/2026 11:43,desktop,direct
S04087,U05705,8/22/2026 13:53,mobile,direct
S04088,U05147,8/17/2026 7:20,mobile,google
S04089,U03446,9/2/2026 15:31,mobile,google
S04090,U05485,9/23/2026 20:35,mobile,linkedin
S04091,U03423,8/28/2026 13:53,mobile,linkedin
S04092,U01397,8/8/2026 8:16,desktop,google
S04093,U05193,8/30/2026 13:14,desktop,google
S04094,U03870,8/6/2026 12:20,mobile,linkedin
S04095,U01255,9/26/2026 16:30,mobile,linkedin
S04096,U00399,9/2/2026 11:00,mobile,linkedin
S04097,U05848,8/13/2026 11:48,mobile,linkedin
S04098,U01777,9/7/2026 18:54,mobile,google
S04099,U05510,9/2/2026 9:48,desktop,facebook
S04100,U00461,8/31/2026 21:55,desktop,linkedin
S04101,U00727,9/5/2026 11:45,mobile,google
S04102,U05605,9/25/2026 20:04,desktop,linkedin
S04103,U04005,9/21/2026 8:18,mobile,linkedin
S04104,U04628,8/16/2026 12:07,mobile,linkedin
S04105,U04175,8/15/2026 13:02,desktop,linkedin
S04106,U03191,9/29/2026 14:17,mobile,direct
S04107,U01281,9/8/2026 8:28,desktop,direct
S04108,U00212,8/2/2026 10:57,desktop,google
S04109,U04133,9/1/2026 21:02,desktop,google
S04110,U00222,8/8/2026 21:47,mobile,google
S04111,U02887,8/2/2026 14:03,mobile,linkedin
S04112,U03025,8/12/2026 8:53,desktop,linkedin
S04113,U01809,8/16/2026 11:24,desktop,direct
S04114,U04792,8/5/2026 22:13,mobile,google
S04115,U04598,9/20/2026 21:42,desktop,direct
S04116,U03843,8/27/2026 20:01,mobile,google
S04117,U02324,9/3/2026 20:48,mobile,linkedin
S04118,U05815,9/21/2026 18:23,desktop,direct
S04119,U04400,9/20/2026 16:58,mobile,google
S04120,U00338,9/19/2026 19:23,mobile,google
S04121,U05150,8/12/2026 17:20,desktop,linkedin
S04122,U00288,9/14/2026 12:25,desktop,direct
S04123,U05350,9/29/2026 17:15,desktop,google
S04124,U05668,8/1/2026 11:44,mobile,referral
S04125,U01724,9/22/2026 17:00,desktop,referral
S04126,U02090,9/21/2026 13:06,mobile,facebook
S04127,U01185,9/20/2026 14:47,mobile,google
S04128,U02563,8/24/2026 9:54,mobile,direct
S04129,U02148,8/12/2026 22:18,desktop,google
S04130,U02476,9/13/2026 18:56,desktop,facebook
S04131,U05901,9/7/2026 8:42,desktop,linkedin
S04132,U05570,9/13/2026 14:36,mobile,google
S04133,U01614,8/16/2026 14:16,mobile,google
S04134,U03596,8/11/2026 21:10,mobile,facebook
S04135,U00042,9/24/2026 19:04,mobile,facebook
S04136,U01535,8/31/2026 21:03,mobile,linkedin
S04137,U03277,9/21/2026 14:28,mobile,linkedin
S04138,U03782,9/25/2026 9:29,desktop,direct
S04139,U01780,8/28/2026 18:32,desktop,facebook
S04140,U05793,8/16/2026 10:30,desktop,direct
S04141,U04237,9/23/2026 17:11,mobile,linkedin
S04142,U03139,9/12/2026 13:34,mobile,direct
S04143,U04502,9/9/2026 12:35,mobile,facebook
S04144,U05244,9/27/2026 8:54,mobile,google
S04145,U00772,8/15/2026 19:48,mobile,linkedin
S04146,U03825,8/22/2026 18:01,mobile,google
S04147,U03746,8/3/2026 12:28,mobile,linkedin
S04148,U02644,8/24/2026 18:48,desktop,direct
S04149,U03994,8/27/2026 22:46,mobile,google
S04150,U00513,8/28/2026 18:32,mobile,linkedin
S04151,U03515,8/10/2026 22:11,mobile,google
S04152,U02998,9/18/2026 14:31,mobile,facebook
S04153,U05126,8/30/2026 13:01,mobile,facebook
S04154,U02526,8/27/2026 20:29,mobile,linkedin
S04155,U03872,9/21/2026 17:36,mobile,direct
S04156,U04100,8/30/2026 16:41,mobile,google
S04157,U04688,9/23/2026 17:16,desktop,facebook
S04158,U01377,8/14/2026 22:53,mobile,direct
S04159,U05657,9/21/2026 17:59,mobile,google
S04160,U03229,9/29/2026 20:02,mobile,referral
S04161,U02747,9/15/2026 7:34,mobile,google
S04162,U02741,9/23/2026 18:33,mobile,direct
S04163,U01206,9/14/2026 12:05,desktop,google
S04164,U00228,9/6/2026 8:58,mobile,direct
S04165,U05334,9/15/2026 11:25,mobile,google
S04166,U01616,9/27/2026 20:19,mobile,google
S04167,U04566,9/6/2026 20:04,mobile,linkedin
S04168,U04689,9/11/2026 11:53,mobile,referral
S04169,U04486,8/5/2026 10:04,mobile,google
S04170,U03188,9/27/2026 13:42,mobile,linkedin
S04171,U03506,9/16/2026 12:18,desktop,linkedin
S04172,U03147,8/10/2026 14:24,desktop,facebook
S04173,U01547,8/18/2026 19:32,desktop,google
S04174,U04677,8/14/2026 12:18,mobile,linkedin
S04175,U00939,8/20/2026 9:46,desktop,referral
S04176,U00949,9/23/2026 8:44,mobile,google
S04177,U04148,8/28/2026 17:57,mobile,linkedin
S04178,U04591,8/26/2026 10:11,desktop,facebook
S04179,U05344,9/16/2026 10:30,desktop,google
S04180,U05659,8/23/2026 19:51,desktop,linkedin
S04181,U01330,9/23/2026 8:29,desktop,google
S04182,U03978,9/15/2026 17:26,mobile,facebook
S04183,U00756,8/16/2026 7:10,desktop,referral
S04184,U02801,9/7/2026 22:05,mobile,direct
S04185,U00360,8/29/2026 18:25,desktop,direct
S04186,U01264,8/21/2026 20:08,desktop,linkedin
S04187,U04951,9/24/2026 17:39,mobile,google
S04188,U02797,8/24/2026 13:26,mobile,google
S04189,U05640,8/8/2026 22:55,mobile,google
S04190,U00211,8/25/2026 19:34,mobile,google
S04191,U00265,9/1/2026 8:25,mobile,direct
S04192,U04806,8/8/2026 16:13,desktop,google
S04193,U03229,9/14/2026 15:40,mobile,google
S04194,U01794,8/14/2026 11:34,desktop,linkedin
S04195,U05374,8/6/2026 14:17,mobile,google
S04196,U04523,9/2/2026 22:36,mobile,google
S04197,U02862,8/10/2026 8:23,mobile,google
S04198,U03803,9/16/2026 21:51,desktop,google
S04199,U03217,8/5/2026 18:12,mobile,linkedin
S04200,U02119,8/26/2026 8:47,mobile,direct
S04201,U03321,8/4/2026 11:53,mobile,facebook
S04202,U03018,8/24/2026 20:25,desktop,direct
S04203,U04813,9/25/2026 18:15,mobile,direct
S04204,U00207,9/9/2026 8:14,mobile,facebook
S04205,U01155,9/2/2026 9:21,desktop,linkedin
S04206,U02594,8/10/2026 21:51,desktop,direct
S04207,U00498,8/19/2026 9:31,mobile,linkedin
S04208,U01723,8/23/2026 16:59,mobile,google
S04209,U03888,9/4/2026 22:55,mobile,google
S04210,U03086,8/13/2026 9:39,mobile,google
S04211,U03915,9/29/2026 7:42,desktop,direct
S04212,U03280,9/9/2026 20:04,mobile,google
S04213,U04126,8/19/2026 22:11,mobile,direct
S04214,U05895,8/7/2026 15:15,mobile,facebook
S04215,U02943,9/5/2026 10:43,mobile,linkedin
S04216,U05119,8/27/2026 7:57,mobile,google
S04217,U02568,9/10/2026 21:34,desktop,linkedin
S04218,U05015,9/5/2026 19:46,mobile,google
S04219,U03984,9/8/2026 21:20,desktop,referral
S04220,U00580,9/20/2026 19:36,desktop,direct
S04221,U04784,9/1/2026 13:55,mobile,direct
S04222,U00113,9/13/2026 14:42,mobile,linkedin
S04223,U01123,8/22/2026 13:07,mobile,direct
S04224,U02527,9/26/2026 18:41,mobile,direct
S04225,U01733,8/25/2026 8:36,mobile,google
S04226,U04266,9/10/2026 7:38,desktop,google
S04227,U02210,9/29/2026 22:22,mobile,google
S04228,U02662,8/21/2026 12:05,mobile,linkedin
S04229,U03245,8/7/2026 7:33,mobile,facebook
S04230,U03802,8/14/2026 17:46,mobile,linkedin
S04231,U02603,8/15/2026 13:22,desktop,linkedin
S04232,U00507,8/4/2026 10:41,mobile,referral
S04233,U00846,9/2/2026 13:57,desktop,google
S04234,U02444,8/17/2026 14:12,desktop,google
S04235,U00242,8/6/2026 16:47,mobile,facebook
S04236,U02941,8/9/2026 21:54,mobile,facebook
S04237,U05222,8/17/2026 21:05,mobile,direct
S04238,U01636,8/23/2026 20:13,desktop,google
S04239,U05439,9/28/2026 14:52,mobile,referral
S04240,U04438,9/12/2026 15:55,desktop,direct
S04241,U04735,9/12/2026 9:06,desktop,direct
S04242,U02374,9/11/2026 16:13,desktop,google
S04243,U05622,9/18/2026 17:44,mobile,linkedin
S04244,U04850,8/20/2026 21:11,mobile,facebook
S04245,U03707,8/6/2026 7:44,desktop,facebook
S04246,U00086,8/31/2026 20:48,mobile,linkedin
S04247,U01603,8/1/2026 15:17,desktop,linkedin
S04248,U02832,8/14/2026 8:24,mobile,direct
S04249,U03381,9/15/2026 22:55,mobile,linkedin
S04250,U01277,8/31/2026 14:26,desktop,linkedin
S04251,U05038,9/11/2026 13:34,mobile,google
S04252,U04489,8/31/2026 10:03,mobile,google
S04253,U03620,9/2/2026 8:10,mobile,direct
S04254,U02738,8/19/2026 8:19,mobile,google
S04255,U03970,8/14/2026 11:16,desktop,google
S04256,U01531,8/16/2026 11:40,mobile,facebook
S04257,U00285,9/17/2026 14:24,mobile,direct
S04258,U05743,9/28/2026 16:46,mobile,google
S04259,U00027,8/5/2026 22:52,desktop,google
S04260,U02266,9/2/2026 19:42,mobile,direct
S04261,U02678,8/29/2026 14:46,desktop,linkedin
S04262,U03596,9/3/2026 21:35,desktop,linkedin
S04263,U00017,8/14/2026 15:55,mobile,linkedin
S04264,U05454,8/1/2026 13:46,desktop,google
S04265,U05910,8/13/2026 10:28,desktop,direct
S04266,U03014,8/11/2026 13:45,mobile,google
S04267,U03413,8/4/2026 7:39,mobile,linkedin
S04268,U04603,8/22/2026 9:27,desktop,google
S04269,U03317,9/11/2026 22:07,desktop,google
S04270,U02715,9/27/2026 10:07,desktop,google
S04271,U05222,9/9/2026 16:04,desktop,facebook
S04272,U04380,8/11/2026 8:38,mobile,google
S04273,U04102,8/22/2026 16:37,desktop,google
S04274,U01312,8/19/2026 22:36,desktop,google
S04275,U01450,8/13/2026 14:19,mobile,direct
S04276,U01194,9/29/2026 9:02,mobile,linkedin
S04277,U02573,9/9/2026 7:21,mobile,referral
S04278,U03263,8/29/2026 19:06,desktop,direct
S04279,U03712,8/27/2026 8:38,mobile,linkedin
S04280,U05644,8/20/2026 12:05,desktop,direct
S04281,U05448,8/26/2026 20:29,mobile,google
S04282,U04214,9/8/2026 15:35,mobile,referral
S04283,U01799,9/25/2026 20:58,mobile,referral
S04284,U02960,8/30/2026 20:57,mobile,google
S04285,U05898,8/12/2026 17:34,desktop,direct
S04286,U01476,9/27/2026 21:58,mobile,google
S04287,U03803,8/19/2026 7:34,desktop,linkedin
S04288,U04311,8/5/2026 10:50,mobile,direct
S04289,U00043,9/2/2026 11:25,desktop,referral
S04290,U00759,9/17/2026 21:34,mobile,google
S04291,U05333,8/16/2026 16:56,mobile,direct
S04292,U00132,8/17/2026 11:01,mobile,direct
S04293,U01916,8/18/2026 10:20,mobile,google
S04294,U03646,9/18/2026 19:52,mobile,direct
S04295,U02235,9/27/2026 20:44,desktop,direct
S04296,U01869,9/20/2026 7:14,mobile,direct
S04297,U02685,8/14/2026 12:50,mobile,referral
S04298,U03617,9/20/2026 15:33,mobile,google
S04299,U03989,8/19/2026 10:45,mobile,google
S04300,U00975,9/22/2026 18:36,desktop,google
S04301,U05238,9/29/2026 19:07,mobile,google
S04302,U03330,9/13/2026 20:25,desktop,linkedin
S04303,U00211,9/27/2026 19:34,desktop,facebook
S04304,U04035,8/9/2026 20:27,mobile,linkedin
S04305,U02730,9/9/2026 12:51,mobile,direct
S04306,U01813,8/4/2026 11:46,mobile,google
S04307,U03582,9/9/2026 12:03,mobile,google
S04308,U01587,8/21/2026 20:39,mobile,facebook
S04309,U01512,9/28/2026 17:23,desktop,direct
S04310,U03738,8/30/2026 12:10,mobile,google
S04311,U02742,9/15/2026 18:32,mobile,facebook
S04312,U02665,8/19/2026 10:44,desktop,linkedin
S04313,U00575,8/5/2026 11:15,mobile,google
S04314,U00392,9/14/2026 7:01,desktop,linkedin
S04315,U01554,8/14/2026 22:27,mobile,direct
S04316,U05066,9/13/2026 10:46,mobile,google
S04317,U05271,8/28/2026 19:02,desktop,facebook
S04318,U02347,9/28/2026 8:53,desktop,linkedin
S04319,U01704,8/22/2026 7:34,desktop,linkedin
S04320,U05642,8/25/2026 17:47,mobile,facebook
S04321,U02731,9/14/2026 8:34,desktop,linkedin
S04322,U05060,9/17/2026 9:18,mobile,linkedin
S04323,U03875,8/8/2026 12:17,mobile,google
S04324,U02104,9/14/2026 16:21,mobile,google
S04325,U04949,8/30/2026 7:17,mobile,linkedin
S04326,U03260,9/29/2026 9:01,mobile,google
S04327,U02961,9/7/2026 12:24,mobile,linkedin
S04328,U00582,9/16/2026 18:16,desktop,google
S04329,U04737,8/21/2026 8:33,desktop,google
S04330,U01590,8/18/2026 11:34,desktop,linkedin
S04331,U03903,9/17/2026 10:05,mobile,google
S04332,U02285,8/1/2026 11:56,desktop,direct
S04333,U05534,9/4/2026 11:07,mobile,direct
S04334,U00045,9/28/2026 17:14,mobile,google
S04335,U03826,9/29/2026 8:04,desktop,google
S04336,U00838,9/12/2026 22:01,mobile,linkedin
S04337,U05789,8/30/2026 10:54,mobile,google
S04338,U04542,9/18/2026 22:51,mobile,linkedin
S04339,U04086,8/1/2026 18:40,mobile,direct
S04340,U01732,9/17/2026 12:42,desktop,direct
S04341,U00685,8/12/2026 11:50,mobile,linkedin
S04342,U04402,9/14/2026 22:08,mobile,referral
S04343,U03176,8/21/2026 22:56,mobile,google
S04344,U01251,9/15/2026 16:47,mobile,facebook
S04345,U00179,9/6/2026 7:45,desktop,facebook
S04346,U01545,9/25/2026 21:30,desktop,linkedin
S04347,U01888,9/17/2026 14:37,desktop,google
S04348,U05515,9/24/2026 7:26,desktop,google
S04349,U05244,8/10/2026 19:49,mobile,referral
S04350,U03811,8/23/2026 7:31,desktop,google
S04351,U00216,8/27/2026 12:56,mobile,facebook
S04352,U00303,8/2/2026 8:11,mobile,linkedin
S04353,U04388,8/2/2026 13:59,desktop,linkedin
S04354,U01816,8/3/2026 19:52,mobile,linkedin
S04355,U05099,9/16/2026 9:03,desktop,google
S04356,U00610,8/27/2026 9:12,desktop,linkedin
S04357,U04935,9/15/2026 22:18,desktop,referral
S04358,U02303,9/20/2026 9:49,mobile,google
S04359,U05379,8/3/2026 8:48,mobile,referral
S04360,U03277,9/20/2026 16:21,desktop,referral
S04361,U03143,8/14/2026 11:25,mobile,google
S04362,U00751,8/25/2026 22:19,mobile,linkedin
S04363,U01362,9/27/2026 9:37,desktop,google
S04364,U04541,8/19/2026 16:04,desktop,direct
S04365,U01571,9/26/2026 21:44,desktop,referral
S04366,U03790,8/31/2026 18:43,mobile,facebook
S04367,U00197,8/1/2026 7:27,mobile,referral
S04368,U04309,9/19/2026 10:00,mobile,google
S04369,U03086,8/3/2026 9:00,mobile,linkedin
S04370,U01704,9/8/2026 21:37,mobile,google
S04371,U03737,8/28/2026 10:13,mobile,facebook
S04372,U00477,8/9/2026 7:53,mobile,google
S04373,U05570,8/31/2026 13:07,mobile,google
S04374,U03444,8/22/2026 11:31,mobile,google
S04375,U01337,8/6/2026 9:37,mobile,google
S04376,U01858,9/3/2026 14:15,mobile,google
S04377,U01863,8/3/2026 21:24,desktop,google
S04378,U03436,9/2/2026 10:37,mobile,facebook
S04379,U02480,8/14/2026 22:42,desktop,direct
S04380,U02869,9/19/2026 17:37,mobile,google
S04381,U01864,9/27/2026 13:06,mobile,direct
S04382,U05846,9/25/2026 17:51,mobile,linkedin
S04383,U04722,9/26/2026 12:34,mobile,direct
S04384,U01799,8/7/2026 10:23,mobile,google
S04385,U01011,8/31/2026 10:45,desktop,linkedin
S04386,U00826,8/14/2026 7:08,desktop,linkedin
S04387,U00508,8/6/2026 17:22,mobile,google
S04388,U03779,8/24/2026 8:11,mobile,linkedin
S04389,U04007,8/26/2026 10:10,desktop,direct
S04390,U02986,8/18/2026 7:00,mobile,direct
S04391,U02569,8/7/2026 8:02,mobile,google
S04392,U04881,8/25/2026 21:29,desktop,linkedin
S04393,U01510,8/10/2026 7:22,mobile,direct
S04394,U03903,8/3/2026 16:56,desktop,google
S04395,U02098,8/28/2026 12:14,mobile,google
S04396,U02749,8/4/2026 9:12,mobile,google
S04397,U05728,9/27/2026 11:47,mobile,google
S04398,U02417,9/20/2026 8:28,desktop,google
S04399,U03972,9/25/2026 12:00,mobile,google
S04400,U03056,8/7/2026 20:04,desktop,linkedin
S04401,U03362,8/28/2026 16:55,desktop,direct
S04402,U04078,9/19/2026 19:58,desktop,direct
S04403,U04071,9/4/2026 18:08,mobile,direct
S04404,U00530,8/19/2026 21:50,mobile,linkedin
S04405,U01726,9/19/2026 8:43,mobile,referral
S04406,U02628,8/19/2026 9:32,mobile,direct
S04407,U03613,9/28/2026 13:34,desktop,linkedin
S04408,U01936,8/7/2026 15:21,mobile,google
S04409,U05434,9/12/2026 19:32,desktop,direct
S04410,U05362,8/1/2026 8:56,mobile,linkedin
S04411,U03849,9/24/2026 8:46,mobile,direct
S04412,U00872,8/22/2026 19:43,mobile,direct
S04413,U02661,8/2/2026 15:47,desktop,facebook
S04414,U01092,9/20/2026 13:35,mobile,referral
S04415,U01411,9/28/2026 10:33,mobile,direct
S04416,U02760,9/25/2026 18:07,desktop,referral
S04417,U05462,8/30/2026 19:50,mobile,facebook
S04418,U01246,8/4/2026 7:29,mobile,google
S04419,U05297,8/14/2026 7:51,mobile,direct
S04420,U05370,8/2/2026 19:26,mobile,google
S04421,U03309,8/3/2026 21:08,mobile,google
S04422,U01730,8/10/2026 10:40,mobile,google
S04423,U01379,9/3/2026 18:17,mobile,linkedin
S04424,U03921,9/15/2026 20:29,mobile,google
S04425,U04078,9/5/2026 8:48,mobile,google
S04426,U04496,8/13/2026 9:58,mobile,google
S04427,U00294,9/6/2026 9:05,mobile,direct
S04428,U00231,8/14/2026 19:38,mobile,facebook
S04429,U05155,8/28/2026 19:20,mobile,referral
S04430,U00576,9/23/2026 9:08,mobile,linkedin
S04431,U03788,8/9/2026 9:47,mobile,google
S04432,U05722,9/22/2026 17:36,desktop,facebook
S04433,U00536,8/17/2026 21:21,desktop,google
S04434,U05805,9/10/2026 19:28,mobile,referral
S04435,U01436,8/16/2026 9:40,mobile,direct
S04436,U04261,8/10/2026 13:10,mobile,linkedin
S04437,U03488,8/28/2026 8:03,desktop,google
S04438,U01650,8/23/2026 10:54,mobile,google
S04439,U02393,8/31/2026 16:00,mobile,linkedin
S04440,U05834,8/15/2026 12:30,mobile,linkedin
S04441,U02342,9/28/2026 16:42,mobile,facebook
S04442,U05490,9/10/2026 11:44,mobile,direct
S04443,U05920,9/20/2026 16:00,desktop,linkedin
S04444,U01278,9/16/2026 17:07,desktop,google
S04445,U01183,9/13/2026 10:06,mobile,linkedin
S04446,U05703,8/9/2026 7:42,mobile,google
S04447,U02142,9/5/2026 12:24,mobile,direct
S04448,U04555,9/23/2026 7:39,mobile,linkedin
S04449,U05913,8/6/2026 9:33,mobile,facebook
S04450,U02833,8/28/2026 11:36,mobile,linkedin
S04451,U00318,8/12/2026 12:24,desktop,google
S04452,U03235,9/17/2026 11:25,desktop,facebook
S04453,U02382,9/25/2026 7:51,desktop,direct
S04454,U02630,8/4/2026 9:49,desktop,direct
S04455,U00562,9/18/2026 21:07,mobile,linkedin
S04456,U03394,8/22/2026 18:28,mobile,facebook
S04457,U03033,9/27/2026 14:06,mobile,google
S04458,U04150,8/1/2026 7:22,mobile,linkedin
S04459,U02594,8/12/2026 12:43,mobile,direct
S04460,U05163,9/13/2026 21:47,desktop,google
S04461,U03600,9/16/2026 19:57,mobile,facebook
S04462,U02360,8/5/2026 19:07,mobile,google
S04463,U04625,8/10/2026 10:58,mobile,google
S04464,U00830,8/21/2026 13:26,desktop,google
S04465,U04780,8/3/2026 7:27,mobile,facebook
S04466,U01447,9/16/2026 20:44,mobile,direct
S04467,U03194,9/10/2026 8:48,mobile,google
S04468,U00824,9/14/2026 16:53,desktop,google
S04469,U03958,8/29/2026 11:30,desktop,google
S04470,U00004,9/8/2026 16:07,mobile,google
S04471,U01414,9/4/2026 20:14,desktop,direct
S04472,U03614,9/11/2026 12:00,mobile,google
S04473,U02448,8/28/2026 7:16,desktop,google
S04474,U01630,9/9/2026 17:36,mobile,google
S04475,U02927,9/8/2026 15:30,mobile,linkedin
S04476,U00909,9/8/2026 9:14,desktop,direct
S04477,U04888,9/22/2026 7:46,mobile,direct
S04478,U00288,8/21/2026 15:23,mobile,linkedin
S04479,U05244,9/22/2026 16:48,desktop,referral
S04480,U01271,8/2/2026 8:51,desktop,linkedin
S04481,U04351,8/30/2026 16:35,mobile,facebook
S04482,U01752,8/27/2026 14:07,mobile,direct
S04483,U01895,9/22/2026 9:11,desktop,google
S04484,U05576,8/3/2026 16:51,mobile,facebook
S04485,U02214,8/14/2026 17:19,desktop,linkedin
S04486,U01169,8/29/2026 9:29,mobile,direct
S04487,U03718,9/18/2026 17:46,desktop,google
S04488,U03779,8/28/2026 10:33,mobile,linkedin
S04489,U05412,9/8/2026 16:33,mobile,facebook
S04490,U00226,8/11/2026 20:00,mobile,google
S04491,U02302,9/26/2026 21:59,mobile,google
S04492,U01513,9/17/2026 11:05,desktop,google
S04493,U02000,8/3/2026 12:25,desktop,linkedin
S04494,U04950,9/12/2026 8:31,mobile,facebook
S04495,U05954,8/8/2026 22:30,mobile,direct
S04496,U03434,9/3/2026 12:17,mobile,facebook
S04497,U04369,9/12/2026 19:50,mobile,linkedin
S04498,U01654,9/25/2026 21:57,mobile,linkedin
S04499,U01267,8/5/2026 14:36,desktop,google
S04500,U05528,8/18/2026 18:06,desktop,google
S04501,U00986,9/11/2026 14:33,mobile,direct
S04502,U02459,8/16/2026 16:12,mobile,google
S04503,U05002,9/12/2026 10:59,mobile,google
S04504,U00591,8/12/2026 20:26,mobile,facebook
S04505,U01987,8/10/2026 8:58,mobile,linkedin
S04506,U01408,9/2/2026 17:33,mobile,google
S04507,U04512,9/11/2026 21:43,mobile,direct
S04508,U05934,8/13/2026 19:58,mobile,linkedin
S04509,U05889,9/22/2026 19:08,desktop,facebook
S04510,U03417,9/22/2026 17:30,mobile,direct
S04511,U03021,8/5/2026 22:07,mobile,google
S04512,U01497,8/19/2026 20:49,mobile,google
S04513,U00151,9/3/2026 11:23,desktop,google
S04514,U05650,8/30/2026 16:59,mobile,direct
S04515,U05857,8/16/2026 13:51,mobile,linkedin
S04516,U05621,9/1/2026 11:14,mobile,direct
S04517,U04005,9/27/2026 20:05,mobile,linkedin
S04518,U02810,8/19/2026 7:39,mobile,google
S04519,U00113,8/14/2026 9:03,desktop,google
S04520,U00732,9/14/2026 8:41,mobile,google
S04521,U05449,9/4/2026 10:13,mobile,linkedin
S04522,U03279,9/11/2026 15:11,mobile,linkedin
S04523,U00908,9/8/2026 22:04,desktop,referral
S04524,U00070,9/15/2026 22:32,desktop,google
S04525,U02840,9/13/2026 21:24,desktop,direct
S04526,U01465,9/6/2026 19:09,mobile,google
S04527,U05509,8/28/2026 14:21,desktop,direct
S04528,U05137,8/28/2026 19:24,desktop,google
S04529,U01622,8/16/2026 11:17,mobile,direct
S04530,U03116,8/27/2026 17:37,mobile,google
S04531,U04270,9/6/2026 7:07,desktop,google
S04532,U02352,9/12/2026 21:27,mobile,linkedin
S04533,U02937,9/16/2026 22:32,desktop,google
S04534,U02524,8/23/2026 18:46,mobile,linkedin
S04535,U00157,9/13/2026 9:47,mobile,google
S04536,U04589,8/27/2026 11:08,mobile,referral
S04537,U05149,8/22/2026 18:50,desktop,google
S04538,U01438,8/10/2026 14:59,desktop,linkedin
S04539,U00444,8/16/2026 15:45,mobile,facebook
S04540,U02015,9/10/2026 13:28,mobile,direct
S04541,U01387,8/13/2026 20:22,mobile,google
S04542,U02651,8/5/2026 9:38,mobile,linkedin
S04543,U02929,8/17/2026 14:04,desktop,google
S04544,U01210,9/29/2026 10:33,mobile,linkedin
S04545,U00812,8/9/2026 18:04,mobile,linkedin
S04546,U02483,8/9/2026 11:33,mobile,direct
S04547,U04764,8/25/2026 11:47,desktop,facebook
S04548,U01610,8/23/2026 9:46,mobile,google
S04549,U04269,9/25/2026 20:49,desktop,google
S04550,U04013,8/15/2026 10:28,mobile,linkedin
S04551,U01382,8/26/2026 20:53,mobile,linkedin
S04552,U01159,8/18/2026 21:39,desktop,google
S04553,U00446,8/15/2026 22:25,mobile,direct
S04554,U05495,8/20/2026 12:29,desktop,linkedin
S04555,U03156,8/16/2026 17:28,mobile,referral
S04556,U01577,9/13/2026 20:14,desktop,linkedin
S04557,U00436,9/17/2026 8:15,desktop,google
S04558,U05699,8/11/2026 8:01,desktop,google
S04559,U02378,8/30/2026 10:18,mobile,linkedin
S04560,U02270,8/16/2026 22:42,desktop,google
S04561,U05869,9/22/2026 8:26,desktop,google
S04562,U00404,8/7/2026 19:14,mobile,google
S04563,U01326,8/25/2026 20:25,mobile,direct
S04564,U05881,8/20/2026 21:30,desktop,referral
S04565,U05972,8/22/2026 15:27,mobile,google
S04566,U00543,9/26/2026 15:24,desktop,google
S04567,U01680,9/2/2026 18:52,desktop,linkedin
S04568,U05835,8/23/2026 17:09,mobile,google
S04569,U03699,9/18/2026 19:35,mobile,referral
S04570,U04492,9/16/2026 12:46,mobile,linkedin
S04571,U03622,8/9/2026 21:56,mobile,direct
S04572,U02857,8/28/2026 13:54,desktop,facebook
S04573,U04859,8/25/2026 10:58,mobile,direct
S04574,U05650,8/27/2026 19:00,mobile,google
S04575,U05701,8/21/2026 16:56,desktop,linkedin
S04576,U00687,9/19/2026 7:47,mobile,linkedin
S04577,U05910,9/29/2026 9:39,desktop,linkedin
S04578,U05415,8/2/2026 7:35,mobile,referral
S04579,U01049,9/21/2026 16:12,mobile,google
S04580,U02368,9/21/2026 20:59,mobile,linkedin
S04581,U05926,8/22/2026 12:09,desktop,google
S04582,U01193,8/30/2026 8:45,desktop,google
S04583,U02739,8/7/2026 20:37,desktop,linkedin
S04584,U00046,8/22/2026 18:32,desktop,direct
S04585,U02538,8/15/2026 15:43,desktop,direct
S04586,U02649,9/24/2026 10:11,desktop,google
S04587,U05594,8/7/2026 17:45,mobile,google
S04588,U04809,8/21/2026 12:51,desktop,linkedin
S04589,U05911,8/29/2026 10:55,desktop,linkedin
S04590,U02796,9/28/2026 11:41,desktop,direct
S04591,U05829,9/19/2026 7:59,mobile,direct
S04592,U02733,9/26/2026 14:50,mobile,facebook
S04593,U03816,8/19/2026 19:02,desktop,direct
S04594,U03327,8/17/2026 20:13,mobile,google
S04595,U02175,9/4/2026 18:35,mobile,direct
S04596,U03351,8/21/2026 21:00,desktop,direct
S04597,U01416,8/1/2026 22:25,mobile,referral
S04598,U05114,9/18/2026 10:33,mobile,linkedin
S04599,U05241,8/6/2026 13:56,mobile,direct
S04600,U04525,8/12/2026 12:24,mobile,linkedin
S04601,U05937,9/26/2026 17:57,mobile,direct
S04602,U01065,9/13/2026 20:23,desktop,facebook
S04603,U04905,9/8/2026 21:14,desktop,facebook
S04604,U01555,8/8/2026 8:26,desktop,google
S04605,U04680,8/16/2026 15:14,desktop,google
S04606,U02135,8/13/2026 8:52,mobile,direct
S04607,U03037,9/8/2026 12:16,desktop,direct
S04608,U04139,8/31/2026 14:40,mobile,facebook
S04609,U04357,8/22/2026 16:55,mobile,google
S04610,U00480,9/14/2026 19:38,desktop,facebook
S04611,U01468,9/16/2026 22:54,desktop,direct
S04612,U01824,9/14/2026 12:22,mobile,google
S04613,U02654,8/7/2026 15:57,desktop,google
S04614,U01040,9/6/2026 8:06,mobile,direct
S04615,U04518,8/13/2026 8:47,mobile,google
S04616,U00493,8/17/2026 22:29,mobile,direct
S04617,U05812,9/28/2026 22:00,mobile,linkedin
S04618,U04356,8/25/2026 22:01,mobile,linkedin
S04619,U05311,9/17/2026 11:11,mobile,google
S04620,U01214,8/15/2026 17:25,mobile,referral
S04621,U02389,9/28/2026 10:39,mobile,direct
S04622,U00178,8/17/2026 17:54,desktop,direct
S04623,U04783,8/11/2026 14:45,mobile,direct
S04624,U03575,8/20/2026 21:56,desktop,linkedin
S04625,U00885,8/11/2026 12:58,mobile,referral
S04626,U03510,9/5/2026 17:18,mobile,linkedin
S04627,U04568,8/9/2026 17:32,desktop,linkedin
S04628,U00899,8/13/2026 19:36,mobile,google
S04629,U04605,9/12/2026 7:49,mobile,google
S04630,U01072,8/3/2026 14:24,mobile,direct
S04631,U04820,8/27/2026 14:14,mobile,google
S04632,U04454,9/11/2026 10:38,mobile,direct
S04633,U01354,8/27/2026 19:52,mobile,referral
S04634,U02110,8/2/2026 20:19,mobile,linkedin
S04635,U00248,8/10/2026 8:18,desktop,google
S04636,U00105,9/28/2026 17:57,mobile,direct
S04637,U02595,9/16/2026 20:47,mobile,google
S04638,U02765,8/22/2026 11:37,desktop,direct
S04639,U05634,9/22/2026 17:06,mobile,linkedin
S04640,U01048,8/1/2026 16:58,mobile,linkedin
S04641,U04513,8/3/2026 7:17,mobile,linkedin
S04642,U03067,9/23/2026 20:03,mobile,linkedin
S04643,U02882,9/10/2026 19:00,mobile,google
S04644,U02801,9/5/2026 11:19,mobile,google
S04645,U03924,8/21/2026 12:01,mobile,linkedin
S04646,U03906,9/19/2026 19:17,desktop,facebook
S04647,U01690,9/6/2026 19:49,desktop,google
S04648,U03464,8/27/2026 8:09,mobile,google
S04649,U04797,8/23/2026 12:44,mobile,google
S04650,U01391,8/22/2026 16:59,mobile,linkedin
S04651,U01729,9/4/2026 9:02,desktop,google
S04652,U02198,9/9/2026 22:58,desktop,direct
S04653,U05992,9/18/2026 10:20,mobile,google
S04654,U01626,8/25/2026 20:51,mobile,direct
S04655,U05509,8/16/2026 8:01,mobile,google
S04656,U01650,9/3/2026 21:00,desktop,linkedin
S04657,U00300,9/5/2026 7:38,desktop,google
S04658,U03789,8/17/2026 17:53,mobile,direct
S04659,U05317,8/5/2026 12:45,mobile,referral
S04660,U04272,8/20/2026 14:22,mobile,google
S04661,U03867,8/5/2026 8:44,desktop,referral
S04662,U03952,8/5/2026 17:50,desktop,google
S04663,U04197,9/27/2026 16:57,mobile,linkedin
S04664,U04501,9/16/2026 12:08,mobile,direct
S04665,U03123,8/3/2026 14:33,mobile,google
S04666,U00782,8/21/2026 15:50,mobile,linkedin
S04667,U04188,8/16/2026 18:00,desktop,google
S04668,U01878,9/28/2026 15:38,mobile,direct
S04669,U05690,8/27/2026 7:56,desktop,linkedin
S04670,U05785,8/16/2026 15:41,mobile,facebook
S04671,U02082,9/8/2026 12:34,mobile,google
S04672,U04334,8/29/2026 13:35,mobile,referral
S04673,U03260,8/12/2026 12:55,mobile,google
S04674,U01089,8/19/2026 12:38,mobile,linkedin
S04675,U00055,8/8/2026 10:46,desktop,google
S04676,U03901,9/11/2026 12:17,mobile,google
S04677,U01905,9/28/2026 18:23,mobile,google
S04678,U05775,9/18/2026 10:35,mobile,direct
S04679,U05490,8/23/2026 19:08,mobile,google
S04680,U02297,8/30/2026 14:01,desktop,linkedin
S04681,U02894,8/4/2026 16:46,desktop,referral
S04682,U03395,8/23/2026 8:53,mobile,google
S04683,U04818,8/2/2026 10:19,desktop,google
S04684,U00944,9/14/2026 21:25,desktop,google
S04685,U01755,9/24/2026 20:17,desktop,google
S04686,U02489,8/12/2026 8:06,mobile,linkedin
S04687,U02337,9/10/2026 21:27,mobile,direct
S04688,U04786,9/5/2026 20:23,mobile,google
S04689,U05179,8/26/2026 9:11,desktop,google
S04690,U02834,9/14/2026 10:51,desktop,direct
S04691,U03404,9/10/2026 9:50,mobile,google
S04692,U00972,8/17/2026 20:39,mobile,linkedin
S04693,U03219,9/17/2026 20:39,desktop,referral
S04694,U03497,9/9/2026 18:31,desktop,google
S04695,U01664,8/19/2026 11:00,mobile,linkedin
S04696,U04204,9/14/2026 21:44,desktop,facebook
S04697,U02151,9/8/2026 20:33,mobile,direct
S04698,U05455,8/8/2026 20:55,mobile,direct
S04699,U02046,8/10/2026 12:45,mobile,direct
S04700,U02113,8/20/2026 18:13,desktop,linkedin
S04701,U04991,8/3/2026 17:48,desktop,linkedin
S04702,U01607,8/25/2026 9:25,mobile,direct
S04703,U00809,8/28/2026 16:19,mobile,direct
S04704,U01750,9/16/2026 15:47,mobile,direct
S04705,U00178,8/11/2026 16:21,mobile,linkedin
S04706,U04410,9/4/2026 12:26,mobile,facebook
S04707,U04188,9/9/2026 17:42,mobile,google
S04708,U04432,8/27/2026 21:10,mobile,google
S04709,U02290,9/24/2026 16:40,mobile,google
S04710,U02249,8/20/2026 20:57,mobile,google
S04711,U05509,8/25/2026 19:20,desktop,direct
S04712,U05236,8/1/2026 12:01,mobile,google
S04713,U04363,8/25/2026 18:46,mobile,direct
S04714,U00815,8/2/2026 17:44,desktop,linkedin
S04715,U04630,9/29/2026 22:05,mobile,google
S04716,U04833,8/15/2026 12:24,mobile,google
S04717,U01065,9/18/2026 9:37,mobile,linkedin
S04718,U02497,8/8/2026 17:51,mobile,direct
S04719,U01884,8/17/2026 17:06,mobile,linkedin
S04720,U02205,8/8/2026 16:49,mobile,google
S04721,U01154,8/23/2026 18:50,mobile,google
S04722,U00959,9/6/2026 15:10,mobile,google
S04723,U01902,8/26/2026 7:28,mobile,google
S04724,U00201,9/6/2026 21:03,mobile,referral
S04725,U04063,9/18/2026 11:26,mobile,google
S04726,U01692,8/3/2026 10:56,mobile,google
S04727,U02348,8/26/2026 20:01,desktop,facebook
S04728,U02841,9/5/2026 19:45,mobile,direct
S04729,U05263,9/1/2026 15:05,mobile,linkedin
S04730,U03415,8/9/2026 18:01,mobile,direct
S04731,U04329,8/13/2026 8:17,mobile,referral
S04732,U04202,8/23/2026 11:30,desktop,google
S04733,U00979,9/9/2026 10:53,mobile,google
S04734,U04025,9/29/2026 13:44,mobile,facebook
S04735,U05205,8/23/2026 12:42,desktop,direct
S04736,U04763,9/1/2026 8:06,desktop,referral
S04737,U00147,8/19/2026 18:01,desktop,google
S04738,U00861,8/3/2026 16:33,mobile,referral
S04739,U04870,8/24/2026 13:04,mobile,google
S04740,U05081,8/21/2026 21:12,mobile,direct
S04741,U02019,8/10/2026 12:46,mobile,facebook
S04742,U03437,9/10/2026 8:53,mobile,google
S04743,U05925,8/16/2026 20:34,desktop,google
S04744,U05488,8/14/2026 9:06,mobile,linkedin
S04745,U05747,8/24/2026 8:08,mobile,facebook
S04746,U02722,9/27/2026 14:35,mobile,google
S04747,U00291,9/8/2026 16:15,mobile,facebook
S04748,U03171,8/26/2026 11:29,mobile,google
S04749,U05161,9/19/2026 20:25,desktop,linkedin
S04750,U00630,8/2/2026 11:25,mobile,google
S04751,U00651,8/21/2026 22:25,mobile,facebook
S04752,U01531,9/2/2026 17:13,mobile,google
S04753,U05755,8/30/2026 9:57,mobile,linkedin
S04754,U02298,9/10/2026 13:33,mobile,google
S04755,U00237,9/12/2026 8:12,desktop,referral
S04756,U00060,8/28/2026 20:30,mobile,direct
S04757,U01193,9/25/2026 17:22,mobile,google
S04758,U05096,9/25/2026 13:51,desktop,google
S04759,U03473,8/29/2026 17:51,mobile,linkedin
S04760,U02248,9/24/2026 16:50,desktop,linkedin
S04761,U05847,9/8/2026 16:35,mobile,facebook
S04762,U00419,8/9/2026 13:21,mobile,linkedin
S04763,U02473,8/8/2026 12:37,desktop,linkedin
S04764,U02292,8/5/2026 11:05,mobile,direct
S04765,U03550,8/13/2026 19:35,mobile,linkedin
S04766,U02396,8/19/2026 14:32,mobile,google
S04767,U01616,8/5/2026 14:30,desktop,google
S04768,U01168,9/6/2026 18:31,mobile,google
S04769,U00195,8/25/2026 15:29,mobile,linkedin
S04770,U03991,9/6/2026 22:14,desktop,google
S04771,U03386,8/31/2026 10:51,desktop,linkedin
S04772,U03379,8/17/2026 7:40,mobile,google
S04773,U05277,9/6/2026 13:44,mobile,direct
S04774,U00300,9/27/2026 15:30,mobile,google
S04775,U04664,8/20/2026 20:08,mobile,linkedin
S04776,U05052,8/19/2026 17:10,mobile,google
S04777,U04160,8/31/2026 22:01,mobile,google
S04778,U05722,9/18/2026 8:22,mobile,google
S04779,U00303,9/1/2026 15:35,mobile,linkedin
S04780,U02302,9/19/2026 20:16,desktop,direct
S04781,U01792,8/5/2026 15:02,mobile,google
S04782,U04760,8/6/2026 11:24,desktop,direct
S04783,U05513,8/25/2026 19:17,desktop,linkedin
S04784,U01079,8/14/2026 20:59,mobile,linkedin
S04785,U05226,8/2/2026 11:08,desktop,linkedin
S04786,U04823,8/13/2026 15:50,desktop,google
S04787,U02127,8/17/2026 19:52,mobile,direct
S04788,U01536,9/25/2026 9:25,desktop,direct
S04789,U01670,9/16/2026 7:10,mobile,direct
S04790,U04327,8/22/2026 18:49,desktop,google
S04791,U02721,9/27/2026 19:02,mobile,direct
S04792,U03936,9/20/2026 9:30,mobile,google
S04793,U02803,8/16/2026 16:33,mobile,linkedin
S04794,U03651,8/29/2026 18:31,desktop,google
S04795,U01995,9/25/2026 22:24,mobile,google
S04796,U02891,8/28/2026 19:55,mobile,direct
S04797,U02012,8/23/2026 10:31,mobile,facebook
S04798,U00631,9/24/2026 16:12,mobile,google
S04799,U05646,9/9/2026 18:43,desktop,linkedin
S04800,U04461,8/27/2026 11:20,desktop,direct
S04801,U04681,9/22/2026 9:36,mobile,referral
S04802,U03872,9/14/2026 13:59,mobile,direct
S04803,U02210,8/21/2026 18:30,mobile,google
S04804,U00024,8/26/2026 15:26,mobile,google
S04805,U04333,8/3/2026 16:40,desktop,direct
S04806,U00800,8/7/2026 17:39,desktop,google
S04807,U03879,9/27/2026 22:17,mobile,referral
S04808,U01952,8/4/2026 17:08,mobile,referral
S04809,U04162,9/20/2026 9:09,mobile,referral
S04810,U03000,8/13/2026 13:24,mobile,google
S04811,U03728,9/2/2026 9:43,mobile,direct
S04812,U02914,9/13/2026 19:07,desktop,direct
S04813,U02608,9/29/2026 22:57,mobile,google
S04814,U02632,8/23/2026 19:20,desktop,google
S04815,U03217,9/25/2026 10:56,mobile,google
S04816,U01023,8/28/2026 18:08,mobile,google
S04817,U03018,9/22/2026 7:20,mobile,referral
S04818,U03503,8/7/2026 11:21,mobile,facebook
S04819,U05047,8/17/2026 11:51,mobile,google
S04820,U04069,9/7/2026 14:30,mobile,linkedin
S04821,U02066,9/12/2026 12:07,desktop,google
S04822,U00096,9/18/2026 13:55,mobile,google
S04823,U00929,8/22/2026 7:09,desktop,google
S04824,U02409,9/7/2026 20:04,desktop,direct
S04825,U03897,9/7/2026 13:19,mobile,direct
S04826,U03707,9/29/2026 19:55,mobile,facebook
S04827,U05688,8/8/2026 7:55,mobile,facebook
S04828,U04184,8/1/2026 20:51,mobile,google
S04829,U02177,9/4/2026 17:01,desktop,direct
S04830,U01494,8/1/2026 10:41,desktop,google
S04831,U05269,8/12/2026 19:02,mobile,google
S04832,U05655,8/31/2026 18:58,mobile,linkedin
S04833,U01526,8/17/2026 18:37,desktop,google
S04834,U00533,8/16/2026 20:55,desktop,google
S04835,U01502,8/21/2026 22:15,mobile,google
S04836,U03423,9/11/2026 9:39,desktop,google
S04837,U02272,8/22/2026 11:31,mobile,referral
S04838,U01673,9/17/2026 7:38,mobile,google
S04839,U02499,8/10/2026 8:03,mobile,linkedin
S04840,U01910,8/7/2026 8:41,mobile,referral
S04841,U02567,8/10/2026 18:04,desktop,linkedin
S04842,U00241,9/25/2026 16:41,mobile,linkedin
S04843,U05133,8/17/2026 7:33,mobile,referral
S04844,U05899,8/2/2026 13:44,mobile,google
S04845,U00321,8/19/2026 8:46,mobile,google
S04846,U04782,9/11/2026 10:07,mobile,linkedin
S04847,U04176,8/22/2026 7:53,mobile,linkedin
S04848,U01694,8/24/2026 15:27,desktop,direct
S04849,U00611,8/6/2026 8:18,mobile,google
S04850,U00809,9/10/2026 19:34,desktop,linkedin
S04851,U03320,8/14/2026 21:54,mobile,direct
S04852,U05046,8/6/2026 20:41,desktop,referral
S04853,U05770,9/12/2026 20:10,desktop,google
S04854,U02372,9/26/2026 19:01,mobile,google
S04855,U04567,9/6/2026 21:34,mobile,referral
S04856,U00565,9/26/2026 21:10,desktop,direct
S04857,U01671,8/25/2026 10:27,mobile,google
S04858,U00666,9/1/2026 16:40,mobile,google
S04859,U05122,8/22/2026 11:53,mobile,direct
S04860,U00639,8/31/2026 20:23,mobile,linkedin
S04861,U04599,9/23/2026 7:10,mobile,linkedin
S04862,U05993,9/8/2026 13:40,desktop,facebook
S04863,U00841,8/2/2026 13:03,mobile,google
S04864,U05293,9/4/2026 20:38,desktop,google
S04865,U04049,8/23/2026 11:42,desktop,linkedin
S04866,U01035,9/2/2026 21:19,mobile,facebook
S04867,U05023,9/3/2026 14:56,mobile,google
S04868,U00032,9/5/2026 17:58,mobile,direct
S04869,U04048,9/21/2026 15:29,mobile,google
S04870,U02799,9/21/2026 13:53,mobile,google
S04871,U04318,9/28/2026 11:51,mobile,facebook
S04872,U00147,9/6/2026 11:30,mobile,google
S04873,U00598,8/18/2026 17:14,desktop,google
S04874,U00759,8/12/2026 12:12,mobile,direct
S04875,U02427,9/20/2026 20:49,mobile,google
S04876,U01992,9/24/2026 9:07,mobile,linkedin
S04877,U05409,8/3/2026 10:26,mobile,direct
S04878,U03187,8/13/2026 7:45,desktop,google
S04879,U01060,9/10/2026 20:49,mobile,direct
S04880,U03731,8/10/2026 13:37,mobile,google
S04881,U01905,8/4/2026 7:33,mobile,google
S04882,U03552,9/29/2026 7:40,mobile,direct
S04883,U04589,8/6/2026 21:41,mobile,google
S04884,U05823,8/13/2026 21:05,mobile,facebook
S04885,U03827,9/29/2026 11:25,desktop,facebook
S04886,U02817,8/7/2026 17:23,desktop,facebook
S04887,U04722,9/17/2026 11:02,mobile,google
S04888,U04105,9/3/2026 20:29,desktop,google
S04889,U00976,9/2/2026 18:26,mobile,facebook
S04890,U01825,9/19/2026 14:06,desktop,linkedin
S04891,U02419,8/2/2026 21:51,mobile,direct
S04892,U00871,8/4/2026 10:34,mobile,facebook
S04893,U04815,8/12/2026 22:56,mobile,google
S04894,U02974,8/30/2026 11:38,mobile,google
S04895,U04683,9/27/2026 21:13,desktop,direct
S04896,U00624,8/5/2026 20:40,mobile,linkedin
S04897,U04626,8/26/2026 16:00,mobile,google
S04898,U04264,8/26/2026 8:57,mobile,linkedin
S04899,U01499,8/12/2026 19:01,desktop,direct
S04900,U05116,8/21/2026 18:10,desktop,google
S04901,U03024,8/13/2026 20:50,mobile,google
S04902,U00379,8/9/2026 10:36,mobile,direct
S04903,U00109,9/1/2026 10:49,mobile,direct
S04904,U05973,9/25/2026 12:39,desktop,referral
S04905,U02233,8/25/2026 12:54,desktop,google
S04906,U04073,9/8/2026 7:02,mobile,facebook
S04907,U01131,9/10/2026 9:27,desktop,direct
S04908,U03530,9/20/2026 14:39,mobile,direct
S04909,U01412,9/19/2026 22:28,desktop,google
S04910,U01499,9/24/2026 9:03,mobile,google
S04911,U03355,9/18/2026 10:51,mobile,linkedin
S04912,U02204,9/25/2026 20:45,mobile,google
S04913,U02799,9/27/2026 7:37,mobile,google
S04914,U05939,9/14/2026 8:33,desktop,referral
S04915,U02808,8/30/2026 21:14,mobile,google
S04916,U03959,8/19/2026 11:00,desktop,referral
S04917,U03812,9/4/2026 11:55,desktop,linkedin
S04918,U02291,9/19/2026 7:14,desktop,facebook
S04919,U01714,9/15/2026 13:30,desktop,google
S04920,U02618,9/1/2026 22:53,mobile,direct
S04921,U03255,8/5/2026 22:46,mobile,linkedin
S04922,U03453,8/17/2026 17:15,mobile,referral
S04923,U05685,9/4/2026 17:48,mobile,google
S04924,U03414,8/24/2026 17:17,desktop,google
S04925,U05162,8/28/2026 18:07,mobile,referral
S04926,U03780,8/19/2026 15:18,mobile,google
S04927,U03079,8/5/2026 10:17,mobile,direct
S04928,U02420,8/28/2026 20:53,mobile,google
S04929,U05087,8/27/2026 21:04,desktop,google
S04930,U02392,9/16/2026 9:18,mobile,linkedin
S04931,U04876,8/7/2026 8:30,desktop,linkedin
S04932,U03698,8/30/2026 19:41,mobile,linkedin
S04933,U01645,9/21/2026 7:45,desktop,linkedin
S04934,U02052,8/17/2026 19:54,mobile,direct
S04935,U04753,8/19/2026 22:42,mobile,referral
S04936,U03516,8/6/2026 7:34,mobile,google
S04937,U03750,9/4/2026 19:47,mobile,google
S04938,U05375,9/21/2026 9:07,desktop,google
S04939,U05959,8/29/2026 11:38,mobile,direct
S04940,U03057,8/26/2026 15:45,mobile,google
S04941,U04580,9/14/2026 17:52,desktop,direct
S04942,U00505,8/27/2026 8:26,mobile,linkedin
S04943,U02784,8/24/2026 8:44,mobile,linkedin
S04944,U04683,9/15/2026 11:31,desktop,facebook
S04945,U02397,8/18/2026 17:54,mobile,linkedin
S04946,U03011,9/20/2026 13:27,desktop,linkedin
S04947,U02580,8/17/2026 11:24,mobile,google
S04948,U01960,8/31/2026 9:30,desktop,linkedin
S04949,U04988,8/16/2026 22:29,desktop,google
S04950,U01453,9/7/2026 18:15,desktop,facebook
S04951,U04289,8/27/2026 22:46,mobile,linkedin
S04952,U04010,8/15/2026 14:55,desktop,google
S04953,U03609,9/14/2026 20:05,mobile,google
S04954,U00382,9/26/2026 17:14,desktop,linkedin
S04955,U04633,8/2/2026 15:24,mobile,facebook
S04956,U02553,9/4/2026 14:35,mobile,google
S04957,U04050,9/13/2026 15:00,desktop,google
S04958,U00985,9/13/2026 13:35,mobile,linkedin
S04959,U05739,8/14/2026 17:14,mobile,referral
S04960,U04254,8/7/2026 14:52,desktop,facebook
S04961,U03663,8/31/2026 22:31,mobile,google
S04962,U04708,9/8/2026 21:23,mobile,linkedin
S04963,U00813,8/18/2026 14:25,mobile,direct
S04964,U03211,8/23/2026 13:20,mobile,direct
S04965,U05043,9/1/2026 19:08,mobile,linkedin
S04966,U02395,8/28/2026 17:16,mobile,direct
S04967,U05757,8/30/2026 10:42,mobile,linkedin
S04968,U02121,9/10/2026 20:20,mobile,google
S04969,U03329,9/29/2026 17:54,mobile,google
S04970,U05026,9/17/2026 16:56,mobile,google
S04971,U03013,8/1/2026 19:30,mobile,google
S04972,U01051,8/21/2026 10:37,mobile,linkedin
S04973,U02374,8/1/2026 19:47,mobile,facebook
S04974,U01906,9/22/2026 8:57,desktop,facebook
S04975,U02321,9/8/2026 19:41,mobile,google
S04976,U00581,8/14/2026 16:27,mobile,google
S04977,U00903,9/20/2026 16:18,mobile,direct
S04978,U03734,9/3/2026 18:38,mobile,linkedin
S04979,U01167,8/4/2026 11:58,desktop,google
S04980,U04719,8/10/2026 19:17,desktop,facebook
S04981,U05950,9/18/2026 7:24,desktop,google
S04982,U00644,8/18/2026 18:06,mobile,google
S04983,U00986,9/1/2026 19:42,mobile,direct
S04984,U05054,9/23/2026 7:03,mobile,linkedin
S04985,U05801,8/18/2026 18:06,mobile,linkedin
S04986,U03352,8/1/2026 19:22,mobile,direct
S04987,U01709,8/6/2026 15:21,mobile,facebook
S04988,U04866,9/24/2026 16:40,mobile,google
S04989,U04523,9/5/2026 7:57,desktop,direct
S04990,U02235,8/20/2026 22:48,mobile,google
S04991,U05812,8/5/2026 22:28,mobile,linkedin
S04992,U04410,9/11/2026 19:14,desktop,linkedin
S04993,U02795,8/3/2026 7:14,desktop,linkedin
S04994,U05159,8/6/2026 13:52,mobile,google
S04995,U04232,9/5/2026 20:05,mobile,facebook
S04996,U00214,9/8/2026 17:49,mobile,google
S04997,U01060,9/4/2026 21:28,mobile,facebook
S04998,U02477,9/24/2026 16:51,mobile,google
S04999,U04392,8/17/2026 18:25,mobile,facebook
S05000,U02246,9/3/2026 12:23,mobile,linkedin
S05001,U05916,8/19/2026 20:00,mobile,linkedin
S05002,U01689,8/22/2026 15:32,desktop,direct
S05003,U05517,8/10/2026 19:48,desktop,direct
S05004,U02010,9/17/2026 10:16,mobile,linkedin
S05005,U04072,9/12/2026 11:17,mobile,linkedin
S05006,U05757,9/12/2026 8:24,mobile,linkedin
S05007,U00103,8/9/2026 17:48,desktop,linkedin
S05008,U00714,8/8/2026 18:43,desktop,linkedin
S05009,U05649,9/16/2026 11:32,desktop,direct
S05010,U01686,9/9/2026 13:08,mobile,linkedin
S05011,U04863,8/2/2026 16:06,mobile,linkedin
S05012,U04327,9/9/2026 19:05,mobile,linkedin
S05013,U04743,9/28/2026 11:50,mobile,referral
S05014,U02694,9/15/2026 14:48,desktop,google
S05015,U00302,8/17/2026 9:58,mobile,google
S05016,U01394,8/19/2026 19:57,mobile,google
S05017,U01970,9/15/2026 20:58,mobile,direct
S05018,U00563,8/25/2026 18:50,mobile,linkedin
S05019,U00455,9/14/2026 20:02,mobile,linkedin
S05020,U00134,9/27/2026 19:13,mobile,google
S05021,U01841,8/25/2026 20:22,desktop,facebook
S05022,U01940,9/4/2026 13:52,desktop,linkedin
S05023,U02437,8/30/2026 10:17,desktop,linkedin
S05024,U00078,8/31/2026 22:22,mobile,google
S05025,U01587,8/5/2026 7:02,mobile,google
S05026,U02400,9/29/2026 13:29,mobile,google
S05027,U01990,9/2/2026 18:37,mobile,google
S05028,U04217,8/14/2026 19:41,mobile,linkedin
S05029,U02363,9/4/2026 17:58,mobile,google
S05030,U01677,8/24/2026 14:50,mobile,google
S05031,U00486,9/19/2026 21:45,mobile,google
S05032,U03597,9/15/2026 10:45,desktop,google
S05033,U02176,8/23/2026 9:16,mobile,google
S05034,U03321,9/12/2026 17:03,mobile,google
S05035,U03429,8/2/2026 12:07,mobile,google
S05036,U02674,9/28/2026 14:30,mobile,direct
S05037,U01322,8/31/2026 14:18,desktop,referral
S05038,U00878,9/9/2026 11:13,mobile,direct
S05039,U02587,9/8/2026 22:58,desktop,google
S05040,U03753,8/19/2026 13:07,desktop,referral
S05041,U02874,9/11/2026 17:43,mobile,referral
S05042,U01738,8/24/2026 9:33,mobile,linkedin
S05043,U01416,9/10/2026 22:51,mobile,google
S05044,U05738,8/6/2026 22:47,mobile,direct
S05045,U05717,8/9/2026 8:06,mobile,referral
S05046,U01507,9/25/2026 17:17,desktop,direct
S05047,U02427,9/14/2026 16:30,mobile,direct
S05048,U05441,8/8/2026 9:46,desktop,linkedin
S05049,U02689,8/13/2026 19:18,mobile,referral
S05050,U01942,9/2/2026 19:14,desktop,google
S05051,U00039,8/1/2026 20:30,mobile,google
S05052,U04368,8/25/2026 16:37,mobile,facebook
S05053,U05025,8/20/2026 18:18,mobile,google
S05054,U02532,8/9/2026 18:33,mobile,linkedin
S05055,U05317,8/18/2026 19:16,desktop,google
S05056,U00491,8/18/2026 16:21,mobile,google
S05057,U00742,8/5/2026 18:54,mobile,google
S05058,U00924,9/8/2026 7:58,mobile,linkedin
S05059,U01618,8/17/2026 16:52,mobile,linkedin
S05060,U02817,8/2/2026 10:15,mobile,linkedin
S05061,U03938,8/2/2026 13:30,mobile,google
S05062,U02515,9/27/2026 19:17,mobile,referral
S05063,U03410,8/8/2026 8:49,mobile,linkedin
S05064,U01673,9/24/2026 19:04,mobile,referral
S05065,U04280,8/10/2026 11:09,desktop,google
S05066,U04495,8/6/2026 19:03,mobile,google
S05067,U02644,9/2/2026 19:15,mobile,direct
S05068,U02537,9/22/2026 7:14,mobile,facebook
S05069,U05359,8/5/2026 10:44,mobile,google
S05070,U04520,8/20/2026 19:52,mobile,direct
S05071,U05955,9/15/2026 12:28,mobile,direct
S05072,U03985,8/5/2026 14:01,mobile,google
S05073,U05631,8/11/2026 7:15,mobile,linkedin
S05074,U04632,8/19/2026 18:05,mobile,google
S05075,U00092,9/18/2026 8:29,desktop,google
S05076,U04510,9/18/2026 11:21,mobile,facebook
S05077,U01664,9/12/2026 14:37,mobile,linkedin
S05078,U04642,9/9/2026 19:18,mobile,direct
S05079,U02046,8/2/2026 14:58,mobile,direct
S05080,U05263,8/15/2026 22:42,desktop,referral
S05081,U05280,9/25/2026 15:21,mobile,linkedin
S05082,U04746,9/13/2026 11:03,mobile,linkedin
S05083,U04464,8/15/2026 10:03,mobile,google
S05084,U04579,9/12/2026 19:32,mobile,direct
S05085,U04044,9/13/2026 14:21,desktop,linkedin
S05086,U05274,9/14/2026 16:40,mobile,direct
S05087,U03545,9/28/2026 12:55,desktop,google
S05088,U03047,9/2/2026 11:22,mobile,google
S05089,U02715,8/4/2026 16:35,desktop,facebook
S05090,U01501,9/19/2026 11:42,mobile,facebook
S05091,U01515,8/1/2026 22:59,mobile,google
S05092,U05958,9/8/2026 18:42,desktop,direct
S05093,U01138,9/17/2026 20:06,mobile,linkedin
S05094,U01743,8/8/2026 11:32,mobile,direct
S05095,U00285,9/17/2026 7:28,desktop,linkedin
S05096,U02624,9/18/2026 7:45,mobile,linkedin
S05097,U00425,9/9/2026 20:44,desktop,google
S05098,U01317,8/20/2026 20:59,desktop,google
S05099,U03532,8/13/2026 17:52,desktop,direct
S05100,U00814,9/12/2026 16:25,desktop,linkedin
S05101,U01596,8/10/2026 10:20,mobile,google
S05102,U02496,9/10/2026 19:08,mobile,google
S05103,U00348,8/11/2026 15:15,mobile,linkedin
S05104,U00144,8/21/2026 16:39,mobile,direct
S05105,U05588,8/31/2026 7:22,desktop,google
S05106,U03200,8/10/2026 15:15,mobile,direct
S05107,U00348,9/17/2026 18:05,mobile,facebook
S05108,U04628,9/11/2026 19:19,mobile,google
S05109,U00436,8/1/2026 9:19,mobile,facebook
S05110,U01079,9/20/2026 7:30,desktop,google
S05111,U02873,9/13/2026 20:41,mobile,linkedin
S05112,U04424,9/20/2026 11:59,mobile,google
S05113,U01664,9/6/2026 14:33,desktop,google
S05114,U04848,9/7/2026 17:02,desktop,google
S05115,U03294,8/24/2026 14:51,mobile,google
S05116,U03092,8/14/2026 22:06,desktop,facebook
S05117,U05910,8/15/2026 20:28,mobile,linkedin
S05118,U05164,8/19/2026 13:17,desktop,referral
S05119,U00501,8/18/2026 10:03,mobile,linkedin
S05120,U05633,9/15/2026 22:36,mobile,direct
S05121,U04893,9/1/2026 18:19,mobile,google
S05122,U01955,8/25/2026 19:05,mobile,linkedin
S05123,U05610,9/13/2026 14:25,mobile,linkedin
S05124,U05678,9/13/2026 14:45,mobile,referral
S05125,U00155,9/26/2026 9:54,mobile,referral
S05126,U04596,8/19/2026 13:51,mobile,google
S05127,U04210,8/15/2026 15:40,mobile,direct
S05128,U00443,8/1/2026 9:04,mobile,direct
S05129,U00502,8/10/2026 17:09,desktop,linkedin
S05130,U01802,9/6/2026 16:50,desktop,google
S05131,U05812,9/18/2026 20:27,mobile,direct
S05132,U01179,9/6/2026 7:50,mobile,direct
S05133,U01118,9/29/2026 10:36,mobile,google
S05134,U00097,9/7/2026 13:51,mobile,linkedin
S05135,U02580,9/22/2026 21:04,desktop,google
S05136,U03602,8/17/2026 10:48,mobile,referral
S05137,U03752,8/20/2026 22:33,mobile,google
S05138,U01649,9/18/2026 22:18,mobile,google
S05139,U00294,9/9/2026 8:31,mobile,google
S05140,U05205,8/30/2026 12:48,desktop,facebook
S05141,U03583,9/27/2026 11:08,mobile,direct
S05142,U05572,9/15/2026 14:49,mobile,google
S05143,U02836,8/18/2026 21:47,mobile,google
S05144,U00705,9/6/2026 13:00,desktop,direct
S05145,U02373,8/24/2026 17:36,mobile,linkedin
S05146,U02593,8/25/2026 9:11,desktop,google
S05147,U03562,9/18/2026 16:07,desktop,referral
S05148,U05642,9/10/2026 12:38,mobile,google
S05149,U02102,8/1/2026 21:41,desktop,linkedin
S05150,U00120,9/4/2026 19:27,mobile,google
S05151,U00412,9/8/2026 10:26,desktop,direct
S05152,U00704,8/31/2026 16:56,mobile,direct
S05153,U03619,8/18/2026 12:28,mobile,linkedin
S05154,U04566,9/8/2026 13:59,mobile,direct
S05155,U02438,9/26/2026 14:24,mobile,facebook
S05156,U05295,8/6/2026 20:07,mobile,facebook
S05157,U02162,9/6/2026 11:38,mobile,linkedin
S05158,U05630,9/24/2026 7:03,mobile,linkedin
S05159,U03530,8/25/2026 10:05,mobile,facebook
S05160,U05773,8/21/2026 20:13,mobile,google
S05161,U05503,8/15/2026 11:44,desktop,google
S05162,U01810,8/14/2026 7:57,desktop,google
S05163,U01470,8/24/2026 13:24,mobile,facebook
S05164,U02417,9/16/2026 20:55,mobile,google
S05165,U04522,8/11/2026 20:58,desktop,google
S05166,U05043,8/14/2026 22:09,desktop,direct
S05167,U04282,9/29/2026 17:56,mobile,google
S05168,U01150,9/29/2026 20:06,desktop,google
S05169,U02142,8/14/2026 19:22,mobile,linkedin
S05170,U04225,8/26/2026 7:18,mobile,google
S05171,U03620,8/25/2026 13:41,desktop,referral
S05172,U02872,8/18/2026 15:25,mobile,google
S05173,U01912,8/10/2026 14:25,desktop,facebook
S05174,U01865,8/4/2026 20:15,mobile,linkedin
S05175,U04555,9/6/2026 22:42,mobile,google
S05176,U05846,8/3/2026 15:43,mobile,google
S05177,U00009,9/7/2026 8:32,mobile,linkedin
S05178,U02318,8/6/2026 12:45,mobile,google
S05179,U04430,8/10/2026 10:09,mobile,google
S05180,U02789,8/1/2026 14:31,mobile,referral
S05181,U01311,8/24/2026 10:44,desktop,linkedin
S05182,U04795,8/20/2026 8:17,mobile,referral
S05183,U00126,8/20/2026 9:44,mobile,google
S05184,U03691,8/19/2026 14:56,desktop,google
S05185,U03101,9/26/2026 9:15,mobile,linkedin
S05186,U01063,8/26/2026 7:26,desktop,google
S05187,U01520,9/18/2026 11:29,mobile,google
S05188,U05115,8/14/2026 17:18,mobile,google
S05189,U02690,8/29/2026 17:05,desktop,google
S05190,U05588,8/4/2026 13:14,mobile,direct
S05191,U01510,8/16/2026 17:36,mobile,google
S05192,U03767,8/5/2026 10:03,desktop,referral
S05193,U02923,8/2/2026 18:33,mobile,google
S05194,U00263,8/11/2026 7:16,desktop,google
S05195,U05076,8/10/2026 9:09,desktop,google
S05196,U05104,8/19/2026 21:45,desktop,linkedin
S05197,U01894,9/14/2026 14:29,mobile,facebook
S05198,U05584,8/9/2026 15:54,mobile,facebook
S05199,U01220,9/6/2026 13:21,desktop,google
S05200,U03258,8/22/2026 17:21,mobile,linkedin
S05201,U03628,8/25/2026 18:58,mobile,facebook
S05202,U04822,9/25/2026 19:28,mobile,google
S05203,U03667,8/28/2026 10:59,mobile,linkedin
S05204,U03358,8/16/2026 17:01,mobile,google
S05205,U03508,8/15/2026 19:33,mobile,linkedin
S05206,U04043,8/11/2026 13:36,mobile,linkedin
S05207,U05714,9/18/2026 13:06,mobile,linkedin
S05208,U05871,9/9/2026 17:02,desktop,facebook
S05209,U05674,8/17/2026 16:10,mobile,linkedin
S05210,U05845,8/30/2026 11:02,mobile,facebook
S05211,U00686,8/31/2026 22:19,mobile,direct
S05212,U03099,8/3/2026 15:58,mobile,google
S05213,U05912,9/24/2026 16:01,desktop,linkedin
S05214,U03983,9/17/2026 10:17,desktop,linkedin
S05215,U05393,9/2/2026 17:48,mobile,facebook
S05216,U03373,9/12/2026 21:40,mobile,google
S05217,U02169,8/7/2026 18:37,mobile,referral
S05218,U04256,9/28/2026 15:09,mobile,linkedin
S05219,U00695,9/8/2026 17:11,mobile,linkedin
S05220,U05680,9/26/2026 10:44,mobile,linkedin
S05221,U01283,9/21/2026 7:58,mobile,linkedin
S05222,U02391,9/5/2026 17:14,mobile,direct
S05223,U02061,8/18/2026 9:54,mobile,direct
S05224,U05832,9/11/2026 8:26,mobile,google
S05225,U01816,8/31/2026 19:23,mobile,linkedin
S05226,U01644,8/25/2026 13:56,mobile,google
S05227,U02938,9/12/2026 20:39,mobile,direct
S05228,U04800,9/23/2026 20:51,mobile,linkedin
S05229,U04087,8/11/2026 8:58,mobile,google
S05230,U03514,9/3/2026 19:17,mobile,direct
S05231,U05567,9/16/2026 12:21,desktop,linkedin
S05232,U03884,8/20/2026 18:15,desktop,linkedin
S05233,U04593,8/21/2026 7:42,mobile,direct
S05234,U04219,8/1/2026 14:31,mobile,direct
S05235,U04396,8/20/2026 17:03,desktop,direct
S05236,U00728,9/5/2026 14:09,mobile,google
S05237,U05983,9/28/2026 15:49,mobile,google
S05238,U05686,9/1/2026 7:10,mobile,direct
S05239,U05970,8/18/2026 7:07,mobile,google
S05240,U01794,9/18/2026 16:36,mobile,google
S05241,U01138,8/12/2026 13:39,mobile,google
S05242,U01896,8/12/2026 16:13,mobile,google
S05243,U02490,9/1/2026 12:45,mobile,referral
S05244,U05331,9/18/2026 7:05,mobile,google
S05245,U05094,8/13/2026 18:12,mobile,google
S05246,U05162,8/1/2026 9:11,desktop,referral
S05247,U02412,9/13/2026 19:33,mobile,referral
S05248,U05472,9/5/2026 7:11,mobile,google
S05249,U03274,9/11/2026 21:51,mobile,facebook
S05250,U02313,8/24/2026 11:03,desktop,google
S05251,U02946,8/8/2026 21:16,mobile,direct
S05252,U02720,8/20/2026 7:03,mobile,google
S05253,U05136,8/29/2026 14:12,mobile,linkedin
S05254,U03270,8/26/2026 13:40,desktop,google
S05255,U00071,9/23/2026 9:37,desktop,direct
S05256,U04039,8/14/2026 14:37,desktop,google
S05257,U01969,8/19/2026 10:26,mobile,linkedin
S05258,U01055,8/12/2026 13:59,mobile,direct
S05259,U04611,9/4/2026 12:59,mobile,google
S05260,U04262,9/18/2026 10:11,mobile,facebook
S05261,U00051,9/22/2026 19:37,desktop,google
S05262,U04342,8/14/2026 15:22,mobile,google
S05263,U05734,8/26/2026 20:24,mobile,google
S05264,U05952,9/14/2026 20:01,desktop,google
S05265,U05518,8/3/2026 11:11,mobile,google
S05266,U05578,9/12/2026 11:39,mobile,linkedin
S05267,U02885,8/9/2026 22:13,mobile,direct
S05268,U05884,8/3/2026 12:00,desktop,linkedin
S05269,U01030,8/7/2026 8:30,desktop,linkedin
S05270,U00242,9/22/2026 15:41,mobile,direct
S05271,U04541,9/10/2026 22:28,desktop,google
S05272,U01265,9/17/2026 10:44,desktop,direct
S05273,U02099,9/11/2026 17:12,desktop,facebook
S05274,U01487,9/17/2026 12:24,desktop,google
S05275,U02197,8/30/2026 13:09,mobile,linkedin
S05276,U02632,9/18/2026 14:14,desktop,referral
S05277,U00219,8/4/2026 9:17,mobile,linkedin
S05278,U01849,9/4/2026 13:10,desktop,referral
S05279,U05558,9/15/2026 11:22,mobile,google
S05280,U05549,9/29/2026 20:05,desktop,linkedin
S05281,U05055,8/22/2026 10:38,desktop,google
S05282,U01033,8/11/2026 20:35,mobile,google
S05283,U03886,9/13/2026 7:16,desktop,referral
S05284,U04824,8/5/2026 13:26,mobile,google
S05285,U03086,9/16/2026 11:17,mobile,referral
S05286,U05998,9/12/2026 14:09,mobile,direct
S05287,U04496,9/11/2026 19:20,desktop,facebook
S05288,U01808,8/18/2026 22:18,mobile,referral
S05289,U00855,8/8/2026 18:38,mobile,linkedin
S05290,U05297,9/6/2026 15:02,mobile,referral
S05291,U05146,8/22/2026 15:11,mobile,direct
S05292,U01799,8/24/2026 22:53,mobile,linkedin
S05293,U05853,8/12/2026 22:51,desktop,direct
S05294,U00490,8/21/2026 19:12,desktop,google
S05295,U04589,9/19/2026 9:37,desktop,google
S05296,U02947,9/23/2026 11:13,mobile,google
S05297,U02046,8/21/2026 11:21,desktop,linkedin
S05298,U00078,8/9/2026 10:39,mobile,google
S05299,U01732,8/3/2026 22:28,mobile,linkedin
S05300,U01963,8/12/2026 9:32,mobile,direct
S05301,U03919,8/1/2026 20:38,mobile,direct
S05302,U03873,9/10/2026 19:53,mobile,facebook
S05303,U03453,9/8/2026 15:27,desktop,referral
S05304,U05548,9/16/2026 11:54,mobile,facebook
S05305,U02274,8/20/2026 11:15,mobile,direct
S05306,U02210,9/19/2026 17:48,mobile,google
S05307,U05598,8/11/2026 17:44,desktop,referral
S05308,U02090,8/14/2026 15:38,mobile,google
S05309,U04354,9/24/2026 16:05,mobile,google
S05310,U00741,9/22/2026 20:12,mobile,google
S05311,U00265,9/5/2026 19:04,mobile,linkedin
S05312,U03223,9/6/2026 19:00,mobile,direct
S05313,U04280,9/12/2026 11:29,mobile,google
S05314,U04335,9/19/2026 8:01,mobile,direct
S05315,U03407,8/14/2026 14:20,mobile,google
S05316,U00729,8/5/2026 12:24,mobile,google
S05317,U02111,8/12/2026 12:21,mobile,google
S05318,U00071,8/22/2026 15:19,desktop,google
S05319,U04008,8/15/2026 21:48,mobile,direct
S05320,U00832,9/1/2026 19:51,mobile,google
S05321,U00672,8/9/2026 17:48,mobile,google
S05322,U03261,9/4/2026 18:25,mobile,google
S05323,U00772,9/12/2026 13:37,desktop,direct
S05324,U04539,8/6/2026 15:47,mobile,referral
S05325,U02290,8/18/2026 13:56,mobile,direct
S05326,U05875,9/2/2026 19:56,mobile,linkedin
S05327,U00941,8/4/2026 22:50,mobile,facebook
S05328,U04658,9/9/2026 13:57,desktop,google
S05329,U02216,9/15/2026 18:32,mobile,google
S05330,U05548,8/22/2026 7:53,mobile,linkedin
S05331,U00944,8/1/2026 13:25,desktop,google
S05332,U00063,8/31/2026 20:55,desktop,linkedin
S05333,U00701,9/22/2026 17:58,mobile,linkedin
S05334,U04402,8/18/2026 15:25,mobile,google
S05335,U01302,9/20/2026 10:25,mobile,linkedin
S05336,U02941,9/22/2026 19:56,desktop,linkedin
S05337,U01670,8/17/2026 22:31,desktop,google
S05338,U00773,9/5/2026 13:16,desktop,facebook
S05339,U05125,8/3/2026 19:57,desktop,direct
S05340,U00796,9/3/2026 16:25,mobile,google
S05341,U01691,9/22/2026 13:21,mobile,google
S05342,U05542,9/26/2026 12:17,mobile,google
S05343,U04135,8/12/2026 15:02,desktop,google
S05344,U01344,9/9/2026 13:33,mobile,google
S05345,U04031,8/4/2026 16:52,mobile,google
S05346,U03211,8/17/2026 9:21,mobile,facebook
S05347,U00590,9/20/2026 14:38,desktop,facebook
S05348,U02721,9/8/2026 18:51,desktop,direct
S05349,U04591,8/24/2026 20:31,desktop,linkedin
S05350,U02871,9/27/2026 11:29,mobile,direct
S05351,U05912,9/15/2026 16:36,desktop,direct
S05352,U02773,8/2/2026 11:49,desktop,facebook
S05353,U02383,8/5/2026 19:38,desktop,direct
S05354,U00028,9/7/2026 12:40,desktop,direct
S05355,U01792,9/22/2026 17:46,desktop,facebook
S05356,U01845,8/10/2026 13:54,desktop,linkedin
S05357,U00892,9/2/2026 11:16,mobile,google
S05358,U00623,9/18/2026 16:13,mobile,google
S05359,U02845,9/21/2026 16:58,mobile,linkedin
S05360,U04467,9/8/2026 17:55,desktop,google
S05361,U04485,9/29/2026 19:39,desktop,google
S05362,U00757,9/26/2026 17:48,mobile,google
S05363,U01881,9/20/2026 20:37,mobile,google
S05364,U04879,9/10/2026 13:46,desktop,referral
S05365,U00722,9/29/2026 15:08,desktop,google
S05366,U00083,8/2/2026 14:42,desktop,google
S05367,U00423,8/6/2026 16:15,mobile,linkedin
S05368,U03445,8/31/2026 9:14,desktop,google
S05369,U04092,9/10/2026 20:40,desktop,direct
S05370,U00273,9/24/2026 15:20,mobile,direct
S05371,U01290,9/10/2026 15:51,mobile,google
S05372,U02906,8/14/2026 21:01,desktop,linkedin
S05373,U00847,9/24/2026 14:26,mobile,google
S05374,U04562,8/5/2026 14:22,mobile,direct
S05375,U05738,8/6/2026 16:02,desktop,referral
S05376,U00508,9/13/2026 22:00,desktop,facebook
S05377,U00103,9/27/2026 11:03,mobile,google
S05378,U03444,8/31/2026 9:29,desktop,direct
S05379,U00577,8/9/2026 8:43,mobile,direct
S05380,U00469,8/3/2026 18:47,desktop,facebook
S05381,U05714,9/28/2026 7:10,mobile,google
S05382,U02540,8/17/2026 18:19,desktop,linkedin
S05383,U00319,9/8/2026 21:09,desktop,google
S05384,U01090,8/20/2026 17:54,mobile,google
S05385,U01730,8/13/2026 9:43,mobile,direct
S05386,U04547,9/10/2026 17:36,desktop,linkedin
S05387,U05642,9/14/2026 14:05,mobile,google
S05388,U02189,8/29/2026 7:21,mobile,facebook
S05389,U01830,8/31/2026 10:09,mobile,linkedin
S05390,U03177,8/30/2026 18:52,desktop,referral
S05391,U02354,9/5/2026 15:58,mobile,direct
S05392,U03065,9/18/2026 14:59,mobile,facebook
S05393,U03157,9/12/2026 19:25,desktop,direct
S05394,U00783,8/17/2026 15:23,mobile,google
S05395,U04657,8/15/2026 22:29,mobile,google
S05396,U02862,9/10/2026 7:48,mobile,facebook
S05397,U02893,9/8/2026 11:34,mobile,google
S05398,U05895,8/23/2026 10:00,mobile,linkedin
S05399,U04061,9/20/2026 13:37,desktop,linkedin
S05400,U03575,8/26/2026 21:34,mobile,google
S05401,U00120,8/21/2026 13:32,desktop,google
S05402,U02013,9/3/2026 12:02,mobile,linkedin
S05403,U04184,8/12/2026 8:21,mobile,google
S05404,U02572,9/11/2026 13:18,mobile,direct
S05405,U03870,9/23/2026 10:39,mobile,google
S05406,U03459,9/26/2026 10:01,desktop,linkedin
S05407,U04873,8/27/2026 9:08,mobile,google
S05408,U04666,8/17/2026 17:06,mobile,linkedin
S05409,U01685,8/29/2026 18:20,mobile,google
S05410,U01040,8/7/2026 18:51,desktop,google
S05411,U04863,9/10/2026 7:51,mobile,facebook
S05412,U00500,8/26/2026 21:44,desktop,google
S05413,U05214,8/8/2026 15:06,mobile,direct
S05414,U01854,9/2/2026 15:59,mobile,google
S05415,U05612,9/13/2026 21:02,desktop,google
S05416,U00008,8/14/2026 11:24,mobile,google
S05417,U03848,8/25/2026 15:03,mobile,facebook
S05418,U02873,9/23/2026 8:08,desktop,linkedin
S05419,U05249,9/12/2026 14:52,mobile,google
S05420,U03054,9/17/2026 11:15,mobile,linkedin
S05421,U04959,8/27/2026 9:55,mobile,linkedin
S05422,U04863,8/30/2026 16:53,mobile,direct
S05423,U00476,8/30/2026 9:04,desktop,referral
S05424,U04895,8/28/2026 22:35,mobile,linkedin
S05425,U03925,8/9/2026 10:43,desktop,linkedin
S05426,U05941,8/3/2026 8:16,desktop,google
S05427,U00448,9/19/2026 14:08,desktop,referral
S05428,U05947,9/2/2026 13:12,desktop,linkedin
S05429,U03370,9/1/2026 17:31,desktop,google
S05430,U02628,9/5/2026 17:40,mobile,referral
S05431,U00997,8/25/2026 16:28,mobile,referral
S05432,U02799,9/23/2026 16:11,mobile,linkedin
S05433,U00833,8/29/2026 19:26,desktop,google
S05434,U04737,8/31/2026 17:25,mobile,direct
S05435,U00998,9/1/2026 9:13,desktop,facebook
S05436,U00860,8/10/2026 14:24,mobile,linkedin
S05437,U03348,8/11/2026 18:00,desktop,google
S05438,U05046,8/11/2026 11:16,mobile,google
S05439,U02285,8/16/2026 20:49,desktop,google
S05440,U03195,8/10/2026 14:43,mobile,google
S05441,U00339,8/14/2026 12:08,mobile,direct
S05442,U00139,9/26/2026 13:06,desktop,google
S05443,U01215,8/22/2026 16:54,desktop,linkedin
S05444,U04027,9/17/2026 18:20,desktop,facebook
S05445,U05402,8/24/2026 11:05,desktop,linkedin
S05446,U04611,9/19/2026 9:44,mobile,google
S05447,U05532,9/15/2026 8:27,desktop,referral
S05448,U01136,9/20/2026 14:56,mobile,google
S05449,U03965,8/18/2026 21:50,mobile,facebook
S05450,U00549,8/6/2026 22:20,mobile,google
S05451,U05666,8/19/2026 15:57,mobile,linkedin
S05452,U05179,9/12/2026 15:30,mobile,direct
S05453,U03429,9/9/2026 15:03,desktop,google
S05454,U05919,9/12/2026 10:47,mobile,linkedin
S05455,U02438,9/29/2026 13:39,desktop,google
S05456,U01062,8/14/2026 21:58,mobile,linkedin
S05457,U02392,8/27/2026 16:51,mobile,google
S05458,U01991,8/30/2026 10:54,desktop,direct
S05459,U04797,8/9/2026 8:24,mobile,linkedin
S05460,U04485,9/9/2026 19:01,mobile,linkedin
S05461,U04227,8/3/2026 21:26,desktop,google
S05462,U03404,9/23/2026 8:45,mobile,linkedin
S05463,U03689,8/6/2026 13:00,mobile,linkedin
S05464,U00813,8/7/2026 20:38,desktop,google
S05465,U03893,8/11/2026 11:03,mobile,direct
S05466,U04020,9/23/2026 9:53,desktop,google
S05467,U03369,9/21/2026 13:18,desktop,google
S05468,U05023,9/25/2026 13:18,mobile,direct
S05469,U02248,9/19/2026 14:42,mobile,google
S05470,U02819,9/25/2026 22:26,mobile,google
S05471,U00110,8/29/2026 22:33,mobile,direct
S05472,U01695,8/1/2026 16:16,mobile,direct
S05473,U03599,8/27/2026 8:12,desktop,google
S05474,U03229,8/14/2026 11:13,mobile,google
S05475,U04211,8/15/2026 9:53,desktop,linkedin
S05476,U04597,9/11/2026 7:00,mobile,linkedin
S05477,U00609,8/11/2026 13:07,mobile,linkedin
S05478,U02437,8/20/2026 7:06,mobile,direct
S05479,U00757,8/24/2026 16:11,mobile,direct
S05480,U04495,8/4/2026 11:23,desktop,referral
S05481,U03010,9/12/2026 18:35,mobile,google
S05482,U04097,9/15/2026 15:25,mobile,google
S05483,U01778,9/3/2026 22:12,mobile,google
S05484,U05107,8/2/2026 14:45,mobile,google
S05485,U02913,9/17/2026 9:30,desktop,linkedin
S05486,U00486,8/27/2026 21:45,desktop,facebook
S05487,U05234,8/16/2026 11:56,desktop,google
S05488,U05311,9/26/2026 19:13,mobile,google
S05489,U00852,9/21/2026 19:31,mobile,linkedin
S05490,U01469,8/27/2026 21:47,desktop,referral
S05491,U03212,8/27/2026 17:14,mobile,google
S05492,U03446,9/24/2026 15:11,desktop,direct
S05493,U02920,8/12/2026 13:09,mobile,facebook
S05494,U04456,8/25/2026 14:08,mobile,linkedin
S05495,U04487,9/4/2026 19:29,desktop,linkedin
S05496,U00826,8/21/2026 16:03,mobile,linkedin
S05497,U00905,8/19/2026 7:47,desktop,google
S05498,U03469,8/7/2026 12:57,mobile,linkedin
S05499,U01985,8/17/2026 21:37,mobile,google
S05500,U04888,8/22/2026 10:22,mobile,direct
S05501,U01380,9/20/2026 14:33,mobile,facebook
S05502,U03128,8/21/2026 20:23,mobile,google
S05503,U05476,8/10/2026 11:38,mobile,linkedin
S05504,U02463,9/20/2026 17:53,mobile,google
S05505,U00459,8/22/2026 19:33,desktop,google
S05506,U04407,9/25/2026 12:12,mobile,direct
S05507,U05857,8/7/2026 21:19,mobile,google
S05508,U04708,8/2/2026 14:08,mobile,direct
S05509,U05927,9/25/2026 11:44,desktop,google
S05510,U02672,8/6/2026 10:36,mobile,facebook
S05511,U00976,8/1/2026 11:15,mobile,google
S05512,U05580,9/8/2026 16:00,mobile,google
S05513,U04938,8/20/2026 10:36,mobile,direct
S05514,U02391,8/30/2026 12:44,mobile,linkedin
S05515,U03818,8/25/2026 18:22,mobile,google
S05516,U02573,8/18/2026 21:00,desktop,facebook
S05517,U03701,8/29/2026 17:51,mobile,google
S05518,U00976,8/16/2026 15:27,mobile,google
S05519,U04601,8/14/2026 18:08,mobile,linkedin
S05520,U04278,8/14/2026 13:35,mobile,linkedin
S05521,U02438,8/8/2026 11:20,mobile,linkedin
S05522,U03082,9/1/2026 18:59,mobile,facebook
S05523,U01332,9/2/2026 9:09,mobile,linkedin
S05524,U04004,8/2/2026 21:28,desktop,google
S05525,U03345,8/28/2026 13:51,mobile,google
S05526,U04268,9/14/2026 20:04,desktop,google
S05527,U01996,8/1/2026 8:34,mobile,direct
S05528,U04779,8/19/2026 14:55,mobile,google
S05529,U01148,9/27/2026 13:45,desktop,linkedin
S05530,U01976,8/26/2026 12:42,desktop,linkedin
S05531,U05487,8/1/2026 15:11,mobile,direct
S05532,U00961,9/1/2026 17:35,desktop,google
S05533,U02937,8/25/2026 22:04,mobile,google
S05534,U04691,8/13/2026 20:04,mobile,facebook
S05535,U00257,8/5/2026 10:42,desktop,linkedin
S05536,U01464,9/23/2026 22:39,desktop,linkedin
S05537,U04897,9/18/2026 14:58,mobile,direct
S05538,U05822,9/10/2026 14:18,mobile,facebook
S05539,U02065,8/2/2026 7:10,mobile,google
S05540,U04591,9/22/2026 17:41,mobile,facebook
S05541,U02413,8/29/2026 21:11,desktop,google
S05542,U00001,8/29/2026 11:41,mobile,referral
S05543,U04460,9/22/2026 20:52,mobile,google
S05544,U03948,8/26/2026 8:23,mobile,google
S05545,U05043,8/15/2026 22:28,mobile,google
S05546,U00440,8/15/2026 11:02,mobile,facebook
S05547,U02321,9/25/2026 14:42,desktop,referral
S05548,U01751,9/2/2026 7:13,mobile,google
S05549,U00720,9/4/2026 21:22,desktop,google
S05550,U02204,9/5/2026 15:09,mobile,google
S05551,U01991,8/14/2026 22:31,mobile,google
S05552,U03807,8/26/2026 12:58,mobile,direct
S05553,U05763,9/27/2026 7:57,mobile,google
S05554,U00523,8/9/2026 17:51,mobile,referral
S05555,U03220,9/27/2026 9:36,desktop,referral
S05556,U04153,8/17/2026 16:50,desktop,google
S05557,U03766,8/18/2026 7:33,mobile,linkedin
S05558,U04379,8/1/2026 9:41,mobile,referral
S05559,U02676,9/9/2026 17:12,desktop,facebook
S05560,U02105,8/20/2026 17:46,mobile,direct
S05561,U01983,8/28/2026 9:26,desktop,google
S05562,U03343,9/4/2026 9:59,mobile,google
S05563,U03710,9/8/2026 20:44,mobile,direct
S05564,U04164,9/27/2026 7:05,mobile,google
S05565,U05760,9/3/2026 10:40,desktop,direct
S05566,U03361,8/11/2026 22:31,mobile,direct
S05567,U05108,9/12/2026 15:45,desktop,linkedin
S05568,U01501,8/4/2026 7:25,mobile,google
S05569,U01668,9/20/2026 21:16,mobile,linkedin
S05570,U01607,8/18/2026 12:28,desktop,facebook
S05571,U01198,9/13/2026 18:26,mobile,google
S05572,U01727,8/10/2026 17:12,mobile,google
S05573,U00892,8/25/2026 12:52,mobile,referral
S05574,U03572,9/11/2026 12:55,desktop,direct
S05575,U00472,9/7/2026 15:48,mobile,linkedin
S05576,U05828,8/1/2026 13:05,mobile,facebook
S05577,U02410,8/3/2026 9:47,desktop,linkedin
S05578,U03848,9/28/2026 18:33,desktop,referral
S05579,U02797,9/1/2026 17:47,desktop,facebook
S05580,U02196,9/21/2026 16:38,desktop,google
S05581,U02360,8/5/2026 18:51,desktop,google
S05582,U04419,8/30/2026 15:17,mobile,google
S05583,U00357,9/4/2026 21:51,mobile,direct
S05584,U04083,9/25/2026 21:10,desktop,direct
S05585,U05994,9/12/2026 22:41,desktop,linkedin
S05586,U05229,9/7/2026 8:43,desktop,referral
S05587,U02450,8/18/2026 8:37,mobile,linkedin
S05588,U05546,9/29/2026 14:30,mobile,direct
S05589,U04811,8/20/2026 18:04,mobile,direct
S05590,U03061,8/17/2026 10:49,mobile,linkedin
S05591,U00114,9/13/2026 8:50,mobile,google
S05592,U02086,9/29/2026 7:35,desktop,direct
S05593,U02550,9/21/2026 15:52,mobile,direct
S05594,U00122,8/11/2026 22:39,mobile,google
S05595,U05372,9/18/2026 14:26,mobile,direct
S05596,U04587,8/22/2026 18:44,mobile,linkedin
S05597,U02292,8/14/2026 7:49,desktop,google
S05598,U04762,9/26/2026 10:27,mobile,facebook
S05599,U00886,9/26/2026 17:53,mobile,google
S05600,U04201,8/23/2026 13:26,mobile,direct
S05601,U01907,8/2/2026 7:25,mobile,linkedin
S05602,U03470,8/13/2026 10:36,mobile,google
S05603,U02476,9/2/2026 19:41,desktop,linkedin
S05604,U04162,8/4/2026 17:57,desktop,google
S05605,U00183,8/14/2026 19:57,mobile,google
S05606,U01328,8/9/2026 12:36,mobile,direct
S05607,U00279,9/27/2026 21:51,mobile,google
S05608,U00786,8/22/2026 21:43,mobile,referral
S05609,U05602,8/23/2026 12:52,mobile,linkedin
S05610,U02476,8/26/2026 10:19,desktop,google
S05611,U03964,8/1/2026 22:23,mobile,facebook
S05612,U05894,9/2/2026 12:35,desktop,linkedin
S05613,U00098,9/24/2026 14:56,mobile,linkedin
S05614,U00302,9/18/2026 21:54,desktop,direct
S05615,U01992,8/16/2026 11:18,mobile,facebook
S05616,U01464,8/1/2026 21:09,mobile,google
S05617,U02024,9/16/2026 9:34,mobile,google
S05618,U02460,9/20/2026 11:41,desktop,referral
S05619,U04346,9/25/2026 13:12,mobile,google
S05620,U04158,9/4/2026 14:43,mobile,direct
S05621,U03855,8/29/2026 10:53,mobile,linkedin
S05622,U01181,9/15/2026 21:08,mobile,linkedin
S05623,U01006,9/11/2026 17:38,desktop,direct
S05624,U01936,9/15/2026 17:43,mobile,referral
S05625,U05846,8/18/2026 18:42,mobile,google
S05626,U03274,9/24/2026 17:11,mobile,linkedin
S05627,U01171,8/3/2026 17:17,desktop,direct
S05628,U01136,8/6/2026 17:34,desktop,google
S05629,U03544,9/9/2026 18:31,mobile,facebook
S05630,U01951,9/4/2026 21:44,mobile,linkedin
S05631,U05318,9/3/2026 10:08,mobile,google
S05632,U04488,9/24/2026 15:16,mobile,facebook
S05633,U01920,9/22/2026 9:56,mobile,referral
S05634,U02602,9/13/2026 9:54,mobile,google
S05635,U00875,8/10/2026 22:11,mobile,direct
S05636,U02485,8/6/2026 14:33,desktop,google
S05637,U05275,8/9/2026 18:16,mobile,google
S05638,U04611,9/6/2026 18:39,desktop,google
S05639,U03500,9/12/2026 7:30,mobile,facebook
S05640,U01153,9/17/2026 14:52,mobile,google
S05641,U03177,8/7/2026 9:53,mobile,google
S05642,U05674,8/17/2026 12:00,desktop,direct
S05643,U02189,8/21/2026 10:00,desktop,linkedin
S05644,U05378,9/7/2026 17:39,mobile,google
S05645,U04796,8/3/2026 9:06,mobile,google
S05646,U00549,9/20/2026 14:12,mobile,direct
S05647,U04555,8/5/2026 11:53,mobile,direct
S05648,U03710,9/1/2026 22:24,mobile,direct
S05649,U05962,9/25/2026 19:36,mobile,google
S05650,U01539,8/12/2026 12:38,mobile,linkedin
S05651,U05958,9/11/2026 11:41,desktop,direct
S05652,U04470,9/2/2026 18:28,mobile,google
S05653,U04805,9/19/2026 17:06,mobile,google
S05654,U03479,9/5/2026 15:52,mobile,linkedin
S05655,U02731,9/20/2026 8:09,mobile,google
S05656,U01706,8/25/2026 8:14,mobile,google
S05657,U02986,8/10/2026 17:10,desktop,referral
S05658,U05748,9/10/2026 14:30,desktop,linkedin
S05659,U02116,9/28/2026 20:16,mobile,linkedin
S05660,U00054,8/26/2026 7:27,desktop,google
S05661,U00870,9/19/2026 9:58,mobile,linkedin
S05662,U00874,9/22/2026 19:38,mobile,linkedin
S05663,U04210,9/8/2026 22:39,mobile,referral
S05664,U05708,9/17/2026 18:45,mobile,linkedin
S05665,U02835,9/3/2026 7:12,mobile,direct
S05666,U00193,9/18/2026 7:48,desktop,google
S05667,U00756,8/21/2026 21:03,mobile,linkedin
S05668,U02475,9/1/2026 14:59,desktop,referral
S05669,U01515,8/5/2026 14:56,desktop,direct
S05670,U00028,8/12/2026 22:23,desktop,direct
S05671,U02687,9/4/2026 10:58,mobile,facebook
S05672,U04322,9/13/2026 11:33,desktop,referral
S05673,U02890,8/2/2026 17:58,mobile,google
S05674,U01414,8/5/2026 21:28,mobile,google
S05675,U02825,8/1/2026 12:51,mobile,linkedin
S05676,U00946,9/1/2026 9:25,desktop,referral
S05677,U04318,8/21/2026 7:53,mobile,linkedin
S05678,U00902,8/4/2026 7:06,mobile,google
S05679,U00649,9/17/2026 12:59,desktop,linkedin
S05680,U03578,9/1/2026 15:29,mobile,google
S05681,U04632,8/1/2026 14:49,desktop,google
S05682,U01953,9/11/2026 10:49,mobile,google
S05683,U02553,9/24/2026 17:49,mobile,google
S05684,U00672,8/26/2026 21:04,mobile,direct
S05685,U00244,9/26/2026 10:43,mobile,google
S05686,U03655,8/26/2026 17:46,mobile,google
S05687,U00311,8/5/2026 15:43,mobile,linkedin
S05688,U04272,8/8/2026 17:59,mobile,google
S05689,U00340,8/5/2026 7:14,desktop,linkedin
S05690,U05303,8/19/2026 17:46,desktop,google
S05691,U02269,8/24/2026 18:57,mobile,google
S05692,U03365,8/27/2026 17:51,mobile,direct
S05693,U03814,8/29/2026 20:26,mobile,google
S05694,U04662,9/21/2026 18:57,desktop,google
S05695,U04823,8/1/2026 22:45,desktop,google
S05696,U00915,9/23/2026 17:43,mobile,google
S05697,U02843,8/15/2026 14:08,mobile,google
S05698,U02700,9/27/2026 20:20,desktop,google
S05699,U04145,8/9/2026 18:06,desktop,google
S05700,U03986,8/7/2026 15:55,mobile,google
S05701,U00050,8/8/2026 16:15,desktop,facebook
S05702,U05272,8/18/2026 12:36,mobile,google
S05703,U03797,9/26/2026 16:49,mobile,google
S05704,U01463,8/28/2026 14:28,desktop,linkedin
S05705,U05558,8/10/2026 9:05,mobile,google
S05706,U05103,9/8/2026 14:02,mobile,direct
S05707,U02609,8/31/2026 22:11,desktop,google
S05708,U02844,9/12/2026 12:19,desktop,linkedin
S05709,U01082,9/14/2026 17:50,mobile,referral
S05710,U05590,9/17/2026 13:38,mobile,google
S05711,U01060,8/10/2026 11:34,desktop,google
S05712,U03052,8/30/2026 13:09,mobile,linkedin
S05713,U02515,9/7/2026 22:20,desktop,referral
S05714,U00406,9/3/2026 8:46,desktop,linkedin
S05715,U04771,9/28/2026 17:41,mobile,direct
S05716,U00661,9/27/2026 20:17,mobile,google
S05717,U00757,9/18/2026 9:57,desktop,direct
S05718,U00183,8/15/2026 19:06,desktop,google
S05719,U04496,9/1/2026 17:11,mobile,linkedin
S05720,U01269,9/18/2026 12:24,mobile,google
S05721,U05363,8/17/2026 9:49,desktop,linkedin
S05722,U05044,9/12/2026 22:07,mobile,google
S05723,U04944,8/15/2026 10:09,mobile,direct
S05724,U04002,8/9/2026 22:11,desktop,direct
S05725,U04532,8/15/2026 17:22,desktop,facebook
S05726,U03485,9/25/2026 20:42,desktop,referral
S05727,U04075,9/29/2026 11:44,desktop,linkedin
S05728,U01666,9/21/2026 7:28,mobile,direct
S05729,U00511,8/17/2026 17:29,desktop,google
S05730,U00418,9/16/2026 12:56,mobile,facebook
S05731,U04482,8/14/2026 15:48,mobile,linkedin
S05732,U03834,8/8/2026 14:19,desktop,linkedin
S05733,U04708,8/16/2026 12:08,desktop,linkedin
S05734,U00796,8/9/2026 18:29,desktop,direct
S05735,U00390,9/8/2026 15:00,mobile,facebook
S05736,U05009,9/10/2026 17:09,desktop,facebook
S05737,U00262,8/3/2026 17:45,mobile,linkedin
S05738,U05554,8/7/2026 17:51,desktop,google
S05739,U01264,8/29/2026 12:17,desktop,referral
S05740,U04322,8/7/2026 19:16,mobile,direct
S05741,U02675,9/19/2026 10:30,desktop,linkedin
S05742,U05182,8/25/2026 22:10,desktop,linkedin
S05743,U01392,8/25/2026 19:56,desktop,direct
S05744,U00188,8/1/2026 15:49,desktop,direct
S05745,U03335,9/12/2026 9:53,desktop,linkedin
S05746,U04544,9/13/2026 21:27,mobile,facebook
S05747,U05655,9/15/2026 15:52,mobile,facebook
S05748,U05912,9/2/2026 20:02,desktop,linkedin
S05749,U05899,8/17/2026 7:26,desktop,google
S05750,U05582,8/5/2026 12:24,desktop,linkedin
S05751,U04685,8/19/2026 11:47,mobile,direct
S05752,U01695,9/2/2026 20:01,mobile,linkedin
S05753,U00436,8/7/2026 14:25,desktop,facebook
S05754,U04814,8/4/2026 8:52,desktop,google
S05755,U04680,8/14/2026 16:50,mobile,google
S05756,U04771,8/5/2026 9:32,mobile,facebook
S05757,U00652,8/1/2026 14:08,mobile,referral
S05758,U05841,8/30/2026 22:52,mobile,linkedin
S05759,U02529,9/14/2026 13:57,mobile,google
S05760,U05486,8/30/2026 13:51,mobile,linkedin
S05761,U05953,8/6/2026 7:38,mobile,linkedin
S05762,U02398,8/21/2026 14:22,desktop,linkedin
S05763,U02918,8/3/2026 22:19,desktop,google
S05764,U03171,9/7/2026 22:12,desktop,google
S05765,U00734,8/14/2026 22:24,mobile,direct
S05766,U02800,8/24/2026 12:47,mobile,direct
S05767,U04990,9/24/2026 8:02,mobile,direct
S05768,U02969,9/5/2026 10:47,mobile,google
S05769,U05508,9/15/2026 10:22,mobile,google
S05770,U03352,8/21/2026 8:14,desktop,google
S05771,U05222,9/25/2026 18:21,desktop,referral
S05772,U00185,9/12/2026 15:21,desktop,linkedin
S05773,U01217,8/31/2026 18:32,mobile,linkedin
S05774,U00459,9/4/2026 10:11,mobile,linkedin
S05775,U05881,9/7/2026 18:08,mobile,facebook
S05776,U00116,8/10/2026 8:02,mobile,google
S05777,U04863,8/16/2026 18:32,desktop,linkedin
S05778,U04507,9/11/2026 20:00,mobile,facebook
S05779,U03191,8/27/2026 11:03,desktop,google
S05780,U04530,9/17/2026 12:15,mobile,linkedin
S05781,U03844,9/1/2026 13:58,desktop,linkedin
S05782,U00963,8/4/2026 16:16,desktop,referral
S05783,U01707,9/9/2026 15:27,mobile,direct
S05784,U00473,9/6/2026 8:40,desktop,google
S05785,U00755,8/22/2026 13:03,mobile,facebook
S05786,U02778,9/17/2026 15:05,desktop,direct
S05787,U05004,8/22/2026 16:49,desktop,linkedin
S05788,U03672,8/7/2026 17:06,desktop,google
S05789,U03149,8/8/2026 17:39,desktop,google
S05790,U04093,9/24/2026 14:11,mobile,direct
S05791,U05250,8/23/2026 15:02,desktop,linkedin
S05792,U01077,8/25/2026 12:23,desktop,facebook
S05793,U04526,8/19/2026 11:20,mobile,google
S05794,U04826,9/14/2026 11:58,mobile,direct
S05795,U01015,9/6/2026 14:00,desktop,google
S05796,U02001,9/23/2026 8:45,mobile,direct
S05797,U00415,9/23/2026 10:29,mobile,google
S05798,U05581,9/29/2026 8:51,desktop,linkedin
S05799,U04814,8/20/2026 13:32,desktop,google
S05800,U00319,9/5/2026 14:55,mobile,linkedin
S05801,U05525,8/21/2026 9:36,mobile,google
S05802,U05832,9/12/2026 9:13,mobile,direct
S05803,U05130,9/14/2026 15:24,desktop,google
S05804,U03822,8/16/2026 10:34,mobile,linkedin
S05805,U03278,9/21/2026 20:53,mobile,linkedin
S05806,U04007,8/18/2026 9:38,desktop,google
S05807,U01602,9/28/2026 14:42,desktop,google
S05808,U03895,9/21/2026 19:50,desktop,google
S05809,U00766,8/2/2026 8:39,mobile,linkedin
S05810,U05080,8/24/2026 14:11,desktop,referral
S05811,U03708,8/24/2026 14:32,mobile,google
S05812,U03613,9/19/2026 15:50,mobile,direct
S05813,U00077,9/13/2026 21:10,desktop,direct
S05814,U05841,8/4/2026 16:19,desktop,direct
S05815,U01240,9/20/2026 13:02,mobile,linkedin
S05816,U05086,8/14/2026 13:20,desktop,referral
S05817,U01019,8/23/2026 16:59,mobile,linkedin
S05818,U02552,8/11/2026 11:46,mobile,facebook
S05819,U02992,8/10/2026 17:57,mobile,google
S05820,U05807,9/1/2026 13:07,mobile,facebook
S05821,U00043,8/6/2026 7:57,desktop,referral
S05822,U01967,8/5/2026 15:33,desktop,facebook
S05823,U00014,9/17/2026 11:01,desktop,google
S05824,U00827,8/21/2026 12:44,mobile,facebook
S05825,U05423,9/8/2026 12:10,mobile,google
S05826,U04331,9/29/2026 9:11,mobile,direct
S05827,U04369,8/4/2026 11:37,desktop,google
S05828,U00190,9/17/2026 21:37,mobile,direct
S05829,U00321,8/7/2026 12:07,mobile,linkedin
S05830,U05990,9/15/2026 18:43,desktop,google
S05831,U04667,8/19/2026 13:32,desktop,google
S05832,U01877,8/9/2026 8:03,mobile,google
S05833,U02498,8/14/2026 20:24,mobile,linkedin
S05834,U00544,8/22/2026 21:29,desktop,facebook
S05835,U03295,9/13/2026 10:46,mobile,direct
S05836,U01899,9/10/2026 9:43,mobile,direct
S05837,U00200,9/13/2026 21:53,desktop,facebook
S05838,U03377,8/2/2026 8:33,mobile,google
S05839,U05138,9/28/2026 21:13,mobile,linkedin
S05840,U01956,8/27/2026 9:46,mobile,linkedin
S05841,U01421,8/7/2026 20:52,mobile,google
S05842,U00266,9/25/2026 21:55,mobile,linkedin
S05843,U01453,9/17/2026 10:50,mobile,direct
S05844,U00463,8/5/2026 10:32,mobile,linkedin
S05845,U04347,8/27/2026 8:41,mobile,direct
S05846,U01295,9/24/2026 19:35,desktop,google
S05847,U03699,9/10/2026 12:35,desktop,direct
S05848,U01956,8/12/2026 17:17,mobile,google
S05849,U00413,9/12/2026 16:49,mobile,facebook
S05850,U05403,8/12/2026 15:17,desktop,google
S05851,U02109,8/22/2026 10:52,desktop,linkedin
S05852,U03846,8/12/2026 12:50,desktop,linkedin
S05853,U03970,9/11/2026 15:00,mobile,google
S05854,U05462,9/25/2026 8:29,mobile,google
S05855,U00404,8/3/2026 13:27,mobile,google
S05856,U03074,9/6/2026 18:22,desktop,linkedin
S05857,U04006,8/15/2026 13:44,mobile,facebook
S05858,U00749,9/15/2026 13:18,mobile,google
S05859,U00246,8/9/2026 20:26,mobile,linkedin
S05860,U04855,8/22/2026 15:33,mobile,facebook
S05861,U04808,8/13/2026 18:47,mobile,linkedin
S05862,U00891,9/22/2026 7:49,mobile,facebook
S05863,U03372,8/5/2026 21:51,desktop,linkedin
S05864,U03412,9/4/2026 19:24,desktop,linkedin
S05865,U05028,8/8/2026 20:13,desktop,google
S05866,U05163,9/5/2026 18:04,mobile,google
S05867,U03718,9/16/2026 15:36,desktop,linkedin
S05868,U03139,9/15/2026 15:28,desktop,facebook
S05869,U05158,8/3/2026 16:59,mobile,google
S05870,U01295,9/16/2026 14:56,mobile,facebook
S05871,U05367,8/18/2026 18:40,mobile,google
S05872,U04923,9/10/2026 12:23,mobile,linkedin
S05873,U01441,9/27/2026 19:18,mobile,facebook
S05874,U05291,8/8/2026 12:28,mobile,facebook
S05875,U03847,8/22/2026 14:36,mobile,linkedin
S05876,U01655,9/22/2026 8:05,mobile,google
S05877,U05801,8/9/2026 21:24,mobile,google
S05878,U03988,8/16/2026 17:59,mobile,google
S05879,U01039,9/2/2026 10:59,desktop,direct
S05880,U03835,9/29/2026 7:43,mobile,google
S05881,U05783,8/18/2026 20:37,mobile,direct
S05882,U04985,8/24/2026 7:01,mobile,google
S05883,U04461,9/17/2026 14:42,desktop,linkedin
S05884,U02180,8/8/2026 7:29,desktop,google
S05885,U00214,8/20/2026 18:05,mobile,linkedin
S05886,U03057,8/19/2026 10:15,mobile,linkedin
S05887,U05962,8/25/2026 13:50,mobile,referral
S05888,U04510,9/4/2026 16:07,mobile,facebook
S05889,U01234,8/14/2026 12:55,desktop,direct
S05890,U03886,8/24/2026 17:53,mobile,google
S05891,U05967,9/25/2026 15:07,desktop,facebook
S05892,U02892,9/19/2026 13:43,mobile,facebook
S05893,U02456,9/27/2026 12:09,mobile,facebook
S05894,U05424,9/10/2026 13:32,desktop,linkedin
S05895,U03860,9/4/2026 12:08,mobile,google
S05896,U03832,8/13/2026 16:13,desktop,direct
S05897,U01371,8/10/2026 19:13,mobile,linkedin
S05898,U02805,9/2/2026 16:32,desktop,google
S05899,U05464,8/25/2026 7:30,mobile,linkedin
S05900,U03740,9/17/2026 20:31,mobile,linkedin
S05901,U03888,8/1/2026 19:34,desktop,google
S05902,U02945,9/23/2026 20:06,mobile,direct
S05903,U04494,8/11/2026 7:47,mobile,direct
S05904,U02628,8/24/2026 20:10,desktop,linkedin
S05905,U04132,8/22/2026 14:28,mobile,google
S05906,U03509,9/25/2026 20:30,desktop,referral
S05907,U02368,9/13/2026 19:30,mobile,linkedin
S05908,U04184,8/3/2026 21:04,mobile,linkedin
S05909,U03560,9/21/2026 8:57,mobile,linkedin
S05910,U03527,9/10/2026 15:53,mobile,google
S05911,U01973,8/5/2026 18:39,desktop,direct
S05912,U00997,9/16/2026 16:31,mobile,google
S05913,U05195,8/3/2026 19:59,mobile,facebook
S05914,U05833,8/26/2026 18:38,mobile,google
S05915,U03385,8/10/2026 7:34,mobile,referral
S05916,U05378,8/1/2026 10:11,mobile,direct
S05917,U02875,9/3/2026 17:09,desktop,google
S05918,U02625,9/11/2026 12:46,desktop,linkedin
S05919,U04621,8/29/2026 12:42,desktop,google
S05920,U05978,8/21/2026 21:36,mobile,referral
S05921,U01487,8/31/2026 8:25,mobile,direct
S05922,U01121,8/10/2026 15:21,mobile,linkedin
S05923,U05210,8/3/2026 11:59,desktop,linkedin
S05924,U04971,8/10/2026 7:49,mobile,referral
S05925,U01338,8/4/2026 12:59,mobile,direct
S05926,U01941,9/16/2026 13:29,mobile,linkedin
S05927,U00930,9/6/2026 14:16,desktop,linkedin
S05928,U05178,8/12/2026 9:34,desktop,google
S05929,U00270,9/4/2026 18:39,desktop,direct
S05930,U02192,8/30/2026 12:42,mobile,linkedin
S05931,U03017,8/7/2026 16:10,desktop,facebook
S05932,U00350,9/28/2026 15:43,mobile,linkedin
S05933,U05099,9/26/2026 16:01,mobile,linkedin
S05934,U01984,9/15/2026 15:04,mobile,linkedin
S05935,U00287,9/18/2026 11:49,mobile,direct
S05936,U01893,9/2/2026 14:50,mobile,linkedin
S05937,U02636,9/18/2026 15:29,mobile,facebook
S05938,U00820,9/1/2026 7:17,mobile,google
S05939,U00424,8/10/2026 18:34,desktop,direct
S05940,U01921,8/11/2026 14:07,desktop,facebook
S05941,U04197,9/21/2026 11:41,desktop,direct
S05942,U04575,8/27/2026 7:27,mobile,google
S05943,U02626,9/13/2026 11:52,mobile,direct
S05944,U05016,8/9/2026 13:28,desktop,google
S05945,U00298,8/27/2026 20:23,mobile,google
S05946,U00906,8/6/2026 17:21,mobile,direct
S05947,U01930,8/14/2026 13:41,mobile,facebook
S05948,U00639,8/7/2026 9:00,desktop,google
S05949,U04849,8/13/2026 11:23,mobile,referral
S05950,U05437,9/6/2026 21:40,desktop,linkedin
S05951,U02152,8/1/2026 9:02,mobile,facebook
S05952,U05953,8/12/2026 17:05,mobile,direct
S05953,U04076,9/11/2026 15:16,mobile,facebook
S05954,U03607,8/9/2026 10:28,mobile,facebook
S05955,U03534,9/3/2026 20:58,mobile,referral
S05956,U01468,9/22/2026 13:18,desktop,direct
S05957,U02202,9/16/2026 17:34,mobile,google
S05958,U03683,8/8/2026 8:33,mobile,linkedin
S05959,U01519,8/9/2026 22:27,desktop,direct
S05960,U02619,9/12/2026 7:21,mobile,google
S05961,U02280,8/21/2026 11:57,mobile,referral
S05962,U04325,8/26/2026 21:39,mobile,google
S05963,U02446,8/29/2026 17:12,mobile,facebook
S05964,U03609,9/4/2026 17:48,mobile,linkedin
S05965,U00484,8/27/2026 12:01,desktop,facebook
S05966,U02702,8/2/2026 19:28,mobile,referral
S05967,U01172,8/6/2026 21:54,desktop,linkedin
S05968,U04963,8/1/2026 16:57,mobile,direct
S05969,U04334,8/16/2026 10:29,mobile,google
S05970,U05348,9/19/2026 21:30,desktop,facebook
S05971,U03289,9/28/2026 7:04,mobile,facebook
S05972,U01829,8/29/2026 21:20,mobile,google
S05973,U05986,8/2/2026 7:09,mobile,google
S05974,U04397,8/5/2026 7:55,desktop,linkedin
S05975,U00678,9/18/2026 7:40,desktop,google
S05976,U03655,8/21/2026 10:01,mobile,facebook
S05977,U05040,9/22/2026 18:38,desktop,google
S05978,U00969,8/31/2026 13:19,mobile,referral
S05979,U00528,9/22/2026 8:15,mobile,referral
S05980,U04618,8/9/2026 12:27,desktop,facebook
S05981,U01041,9/21/2026 22:57,mobile,linkedin
S05982,U02341,9/2/2026 15:24,mobile,google
S05983,U02021,8/27/2026 18:39,desktop,facebook
S05984,U00143,9/1/2026 11:15,mobile,direct
S05985,U00980,8/20/2026 15:20,desktop,referral
S05986,U04285,9/6/2026 19:45,mobile,google
S05987,U01612,9/16/2026 17:47,mobile,google
S05988,U03513,9/18/2026 7:07,mobile,referral
S05989,U02141,9/28/2026 16:42,desktop,facebook
S05990,U03856,8/25/2026 19:39,mobile,google
S05991,U01814,9/16/2026 9:09,mobile,direct
S05992,U03630,9/23/2026 13:17,desktop,google
S05993,U00136,8/2/2026 17:19,desktop,linkedin
S05994,U02286,8/29/2026 7:04,desktop,google
S05995,U00587,9/12/2026 18:22,mobile,linkedin
S05996,U00578,8/28/2026 20:33,mobile,google
S05997,U02430,8/7/2026 15:25,mobile,google
S05998,U00399,9/9/2026 14:08,desktop,linkedin
S05999,U01491,8/25/2026 8:28,desktop,google
S06000,U01418,9/7/2026 18:35,desktop,linkedin
S06001,U03852,8/1/2026 22:05,mobile,linkedin
S06002,U03326,8/1/2026 21:03,mobile,direct
S06003,U03895,9/6/2026 15:47,mobile,direct
S06004,U05962,9/28/2026 7:32,mobile,google
S06005,U00286,9/8/2026 11:34,mobile,google
S06006,U03086,9/26/2026 11:11,mobile,facebook
S06007,U00055,9/20/2026 7:07,desktop,facebook
S06008,U05832,8/17/2026 8:54,desktop,referral
S06009,U04487,8/7/2026 16:11,desktop,referral
S06010,U02495,9/3/2026 8:34,desktop,direct
S06011,U05255,9/7/2026 7:37,desktop,facebook
S06012,U02896,9/16/2026 22:07,desktop,linkedin
S06013,U04948,9/1/2026 16:40,mobile,direct
S06014,U04192,9/25/2026 19:53,mobile,referral
S06015,U05882,9/20/2026 10:58,mobile,direct
S06016,U02148,9/5/2026 12:50,mobile,linkedin
S06017,U02416,9/3/2026 16:46,mobile,google
S06018,U02399,8/2/2026 17:59,desktop,google
S06019,U00192,9/16/2026 12:53,desktop,google
S06020,U01098,9/10/2026 21:42,desktop,facebook
S06021,U03495,9/23/2026 18:15,desktop,direct
S06022,U04259,8/6/2026 10:31,desktop,google
S06023,U02488,8/9/2026 8:34,mobile,direct
S06024,U04030,9/10/2026 7:13,desktop,google
S06025,U05286,8/30/2026 20:30,desktop,linkedin
S06026,U00907,9/5/2026 20:11,desktop,google
S06027,U01238,8/27/2026 14:39,mobile,linkedin
S06028,U05538,9/8/2026 18:33,mobile,direct
S06029,U05672,9/9/2026 21:08,desktop,direct
S06030,U00340,8/12/2026 9:33,mobile,direct
S06031,U05504,9/15/2026 22:41,mobile,linkedin
S06032,U05825,8/30/2026 14:50,mobile,direct
S06033,U05927,9/4/2026 14:00,mobile,google
S06034,U03303,9/7/2026 9:34,mobile,linkedin
S06035,U03043,9/14/2026 17:45,desktop,linkedin
S06036,U01898,8/19/2026 16:38,desktop,direct
S06037,U05692,8/1/2026 7:28,desktop,facebook
S06038,U02839,8/11/2026 17:21,mobile,google
S06039,U04661,9/27/2026 9:15,mobile,facebook
S06040,U03319,8/14/2026 11:25,mobile,google
S06041,U05097,8/15/2026 16:47,mobile,linkedin
S06042,U03105,9/21/2026 19:29,mobile,facebook
S06043,U05658,8/15/2026 9:08,desktop,direct
S06044,U05732,8/28/2026 14:34,desktop,facebook
S06045,U03879,8/23/2026 11:33,mobile,facebook
S06046,U04841,9/9/2026 18:18,mobile,google
S06047,U04000,9/5/2026 20:15,mobile,referral
S06048,U00152,8/31/2026 17:14,mobile,referral
S06049,U00833,8/31/2026 19:43,mobile,linkedin
S06050,U05020,9/20/2026 14:12,mobile,google
S06051,U02854,9/4/2026 16:34,mobile,google
S06052,U04886,8/31/2026 11:41,mobile,facebook
S06053,U00485,9/23/2026 22:48,desktop,referral
S06054,U01802,8/6/2026 10:16,mobile,facebook
S06055,U05229,9/20/2026 21:44,mobile,linkedin
S06056,U02638,8/12/2026 18:56,mobile,google
S06057,U05119,8/20/2026 22:47,mobile,linkedin
S06058,U05730,8/1/2026 17:16,mobile,google
S06059,U02057,9/4/2026 12:38,desktop,google
S06060,U01937,9/19/2026 11:29,desktop,google
S06061,U00970,8/23/2026 9:52,mobile,google
S06062,U05368,9/9/2026 22:28,mobile,google
S06063,U03473,8/24/2026 8:42,mobile,direct
S06064,U04590,9/15/2026 19:57,mobile,linkedin
S06065,U04897,9/29/2026 18:10,mobile,linkedin
S06066,U03802,9/12/2026 9:01,desktop,linkedin
S06067,U05393,8/21/2026 21:39,mobile,referral
S06068,U02883,9/19/2026 9:36,mobile,direct
S06069,U02800,8/3/2026 9:34,mobile,direct
S06070,U00285,9/29/2026 15:42,mobile,direct
S06071,U03582,9/20/2026 8:39,desktop,direct
S06072,U04268,9/9/2026 8:38,mobile,direct
S06073,U04231,9/7/2026 16:59,mobile,linkedin
S06074,U01364,8/16/2026 22:25,mobile,linkedin
S06075,U01629,8/26/2026 7:51,desktop,linkedin
S06076,U05724,8/7/2026 17:12,mobile,linkedin
S06077,U00603,8/21/2026 16:37,mobile,google
S06078,U05025,9/5/2026 8:03,mobile,google
S06079,U02154,8/22/2026 9:23,mobile,linkedin
S06080,U00485,9/16/2026 14:05,desktop,linkedin
S06081,U01799,9/21/2026 18:05,mobile,linkedin
S06082,U01340,9/3/2026 10:33,mobile,google
S06083,U01490,8/21/2026 13:56,mobile,google
S06084,U03739,8/19/2026 14:50,mobile,google
S06085,U03927,9/2/2026 18:23,mobile,direct
S06086,U04444,9/13/2026 10:57,desktop,google
S06087,U02476,8/8/2026 18:01,mobile,google
S06088,U01346,8/27/2026 20:18,mobile,google
S06089,U05513,8/27/2026 16:19,mobile,linkedin
S06090,U05242,8/18/2026 18:32,desktop,google
S06091,U05357,8/15/2026 9:40,mobile,linkedin
S06092,U02632,9/20/2026 21:30,mobile,linkedin
S06093,U02169,8/26/2026 11:49,mobile,referral
S06094,U05311,9/4/2026 10:10,mobile,direct
S06095,U02095,8/3/2026 15:46,desktop,google
S06096,U02157,8/18/2026 13:09,mobile,linkedin
S06097,U05728,8/14/2026 14:22,mobile,direct
S06098,U01663,8/20/2026 19:53,mobile,google
S06099,U04241,9/20/2026 15:34,mobile,referral
S06100,U03158,9/4/2026 12:58,mobile,linkedin
S06101,U01253,9/24/2026 19:48,mobile,google
S06102,U01637,8/26/2026 13:03,mobile,google
S06103,U02876,9/16/2026 22:19,desktop,facebook
S06104,U05628,8/10/2026 22:46,desktop,referral
S06105,U05857,9/18/2026 14:30,mobile,facebook
S06106,U05866,9/6/2026 19:20,desktop,google
S06107,U01745,8/3/2026 18:19,desktop,direct
S06108,U05214,9/11/2026 20:46,mobile,google
S06109,U05029,8/29/2026 14:22,mobile,linkedin
S06110,U00667,8/1/2026 13:30,mobile,direct
S06111,U00335,9/20/2026 11:25,mobile,referral
S06112,U03694,9/2/2026 16:22,mobile,linkedin
S06113,U01441,9/6/2026 16:51,mobile,linkedin
S06114,U03387,9/4/2026 14:12,desktop,google
S06115,U04408,8/6/2026 11:57,mobile,linkedin
S06116,U01885,8/20/2026 14:12,desktop,google
S06117,U00372,9/12/2026 15:02,mobile,facebook
S06118,U02324,8/21/2026 9:02,mobile,google
S06119,U00305,9/23/2026 17:33,desktop,direct
S06120,U05135,8/20/2026 20:28,mobile,google
S06121,U03611,8/28/2026 12:08,mobile,linkedin
S06122,U05669,8/27/2026 13:14,mobile,google
S06123,U02457,8/2/2026 8:29,desktop,linkedin
S06124,U02809,9/18/2026 16:18,mobile,linkedin
S06125,U00559,8/9/2026 13:50,mobile,direct
S06126,U05006,8/29/2026 20:42,mobile,referral
S06127,U01511,9/24/2026 21:30,mobile,google
S06128,U04319,9/29/2026 19:22,mobile,linkedin
S06129,U03143,8/14/2026 10:21,mobile,facebook
S06130,U05212,8/23/2026 10:10,mobile,google
S06131,U03833,9/3/2026 14:46,mobile,facebook
S06132,U02588,9/11/2026 16:53,desktop,referral
S06133,U02263,8/16/2026 7:30,desktop,facebook
S06134,U00450,9/2/2026 14:55,mobile,linkedin
S06135,U01849,9/20/2026 8:23,mobile,direct
S06136,U01988,9/15/2026 11:09,mobile,linkedin
S06137,U00937,9/19/2026 12:44,desktop,linkedin
S06138,U05687,9/23/2026 7:39,mobile,referral
S06139,U00338,9/21/2026 11:11,mobile,google
S06140,U01246,8/31/2026 17:04,mobile,direct
S06141,U01042,9/28/2026 22:57,mobile,linkedin
S06142,U05476,8/30/2026 19:28,mobile,google
S06143,U00191,9/12/2026 11:54,mobile,direct
S06144,U05916,9/26/2026 22:04,desktop,direct
S06145,U03660,8/3/2026 14:02,mobile,linkedin
S06146,U02035,9/26/2026 12:40,desktop,facebook
S06147,U01551,9/19/2026 20:33,desktop,google
S06148,U05521,9/29/2026 13:23,mobile,facebook
S06149,U01526,9/16/2026 18:49,desktop,direct
S06150,U01852,8/10/2026 9:36,desktop,facebook
S06151,U05184,8/19/2026 12:19,desktop,google
S06152,U02124,8/1/2026 22:45,desktop,linkedin
S06153,U04068,9/6/2026 10:54,mobile,facebook
S06154,U02596,8/27/2026 20:35,mobile,google
S06155,U00336,8/29/2026 14:27,mobile,linkedin
S06156,U03532,9/14/2026 22:19,mobile,direct
S06157,U01763,9/19/2026 13:39,mobile,direct
S06158,U02690,8/5/2026 14:55,mobile,facebook
S06159,U03407,9/25/2026 13:18,mobile,direct
S06160,U02905,8/23/2026 10:21,desktop,referral
S06161,U00897,9/15/2026 20:30,desktop,linkedin
S06162,U02735,9/4/2026 16:10,mobile,direct
S06163,U01009,8/27/2026 15:04,mobile,facebook
S06164,U05689,8/13/2026 12:57,mobile,direct
S06165,U04531,8/12/2026 19:21,desktop,google
S06166,U00885,9/13/2026 12:33,desktop,google
S06167,U04915,8/20/2026 10:48,mobile,linkedin
S06168,U00466,8/14/2026 8:19,mobile,direct
S06169,U05108,8/1/2026 20:58,mobile,linkedin
S06170,U02674,9/20/2026 8:10,desktop,direct
S06171,U00139,8/24/2026 20:31,desktop,facebook
S06172,U02468,8/21/2026 13:03,mobile,google
S06173,U05805,8/23/2026 7:02,mobile,linkedin
S06174,U04488,9/5/2026 21:49,mobile,linkedin
S06175,U04573,8/29/2026 18:51,mobile,google
S06176,U03979,9/2/2026 18:34,desktop,linkedin
S06177,U03569,8/17/2026 15:46,desktop,linkedin
S06178,U02909,8/18/2026 19:10,mobile,facebook
S06179,U05812,9/21/2026 9:07,mobile,linkedin
S06180,U03118,8/27/2026 10:44,mobile,google
S06181,U04619,9/28/2026 15:42,mobile,linkedin
S06182,U00637,9/20/2026 18:45,mobile,facebook
S06183,U04211,9/12/2026 16:24,desktop,linkedin
S06184,U01438,9/2/2026 13:30,desktop,google
S06185,U03198,9/20/2026 17:45,mobile,referral
S06186,U04801,8/4/2026 7:57,desktop,google
S06187,U05542,8/30/2026 15:07,desktop,google
S06188,U02126,9/12/2026 13:19,mobile,linkedin
S06189,U03212,8/7/2026 14:58,mobile,direct
S06190,U02524,8/11/2026 9:06,mobile,facebook
S06191,U03814,8/4/2026 21:27,desktop,google
S06192,U02618,8/30/2026 20:39,mobile,direct
S06193,U00562,9/2/2026 22:04,mobile,direct
S06194,U05002,8/29/2026 20:26,mobile,facebook
S06195,U05400,8/4/2026 17:37,mobile,facebook
S06196,U01342,8/30/2026 11:35,mobile,direct
S06197,U03827,9/23/2026 8:49,desktop,google
S06198,U04330,8/2/2026 16:47,mobile,google
S06199,U01152,9/16/2026 22:08,mobile,referral
S06200,U03459,8/17/2026 12:49,desktop,linkedin
S06201,U04825,8/5/2026 22:53,mobile,linkedin
S06202,U01670,8/4/2026 9:28,mobile,facebook
S06203,U02022,8/1/2026 11:31,mobile,facebook
S06204,U03495,8/25/2026 17:23,mobile,direct
S06205,U00894,8/30/2026 14:53,mobile,facebook
S06206,U01568,9/7/2026 19:09,desktop,google
S06207,U05723,8/5/2026 12:31,mobile,direct
S06208,U04266,9/9/2026 19:23,mobile,referral
S06209,U04445,9/14/2026 11:49,mobile,google
S06210,U03025,8/4/2026 9:23,desktop,google
S06211,U01354,9/10/2026 16:06,mobile,direct
S06212,U01478,8/8/2026 15:12,desktop,linkedin
S06213,U05244,8/27/2026 16:04,mobile,google
S06214,U01715,9/9/2026 7:22,mobile,google
S06215,U05842,9/22/2026 13:34,mobile,google
S06216,U01954,9/1/2026 8:26,mobile,google
S06217,U03614,8/27/2026 19:52,mobile,facebook
S06218,U05964,9/20/2026 8:17,desktop,direct
S06219,U03222,8/13/2026 21:54,mobile,direct
S06220,U05461,8/13/2026 7:54,mobile,google
S06221,U03341,8/28/2026 16:46,mobile,linkedin
S06222,U04419,8/8/2026 12:20,mobile,google
S06223,U03817,8/2/2026 8:46,mobile,facebook
S06224,U01022,8/22/2026 12:43,mobile,referral
S06225,U05091,8/10/2026 7:38,mobile,linkedin
S06226,U00905,9/8/2026 18:09,mobile,referral
S06227,U03402,9/2/2026 20:56,mobile,google
S06228,U02596,8/30/2026 12:16,mobile,google
S06229,U04081,8/30/2026 14:01,mobile,direct
S06230,U01299,8/6/2026 9:14,mobile,google
S06231,U04589,8/25/2026 14:42,desktop,referral
S06232,U01224,8/5/2026 22:09,mobile,google
S06233,U01141,8/22/2026 15:36,desktop,direct
S06234,U01180,9/10/2026 21:00,mobile,google
S06235,U05936,9/29/2026 19:28,mobile,google
S06236,U05244,8/18/2026 8:59,mobile,linkedin
S06237,U00923,8/16/2026 7:50,mobile,referral
S06238,U01856,9/10/2026 12:48,desktop,linkedin
S06239,U04946,9/25/2026 22:02,desktop,direct
S06240,U02156,8/18/2026 9:41,mobile,google
S06241,U04934,9/20/2026 7:42,desktop,google
S06242,U04830,8/19/2026 22:20,mobile,google
S06243,U00447,9/8/2026 10:10,mobile,facebook
S06244,U04333,8/13/2026 12:41,desktop,google
S06245,U03503,8/16/2026 19:28,mobile,google
S06246,U05589,9/29/2026 8:34,mobile,linkedin
S06247,U00466,8/24/2026 9:44,desktop,linkedin
S06248,U02301,8/1/2026 18:37,desktop,linkedin
S06249,U01983,9/16/2026 7:06,mobile,google
S06250,U01011,8/8/2026 18:23,mobile,linkedin
S06251,U03799,8/7/2026 15:40,desktop,direct
S06252,U01242,9/20/2026 10:51,mobile,google
S06253,U05112,8/21/2026 16:49,mobile,direct
S06254,U05958,8/9/2026 12:08,mobile,google
S06255,U00621,9/28/2026 22:10,desktop,facebook
S06256,U02129,8/17/2026 13:38,desktop,referral
S06257,U03003,9/7/2026 18:58,desktop,google
S06258,U03423,8/16/2026 11:16,mobile,linkedin
S06259,U02186,9/4/2026 20:20,mobile,linkedin
S06260,U03801,9/11/2026 11:37,mobile,facebook
S06261,U01749,9/15/2026 15:07,desktop,linkedin
S06262,U03938,8/25/2026 19:49,mobile,linkedin
S06263,U05310,9/6/2026 21:49,mobile,google
S06264,U01223,9/20/2026 19:01,desktop,google
S06265,U04914,9/20/2026 17:40,mobile,direct
S06266,U05607,9/14/2026 18:04,desktop,direct
S06267,U05192,8/24/2026 13:29,mobile,facebook
S06268,U05081,9/1/2026 17:59,desktop,facebook
S06269,U02943,9/28/2026 16:11,mobile,direct
S06270,U05538,8/15/2026 15:21,mobile,linkedin
S06271,U01757,9/11/2026 12:00,mobile,facebook
S06272,U04014,9/17/2026 12:36,mobile,facebook
S06273,U03231,8/29/2026 8:58,mobile,facebook
S06274,U00294,9/21/2026 18:31,mobile,referral
S06275,U02556,8/26/2026 7:21,mobile,linkedin
S06276,U01382,9/20/2026 8:51,desktop,direct
S06277,U00644,9/8/2026 11:41,mobile,direct
S06278,U01421,8/4/2026 9:15,desktop,google
S06279,U00309,9/19/2026 18:59,desktop,direct
S06280,U01645,9/11/2026 9:01,mobile,linkedin
S06281,U05869,8/14/2026 14:18,desktop,linkedin
S06282,U02623,9/12/2026 18:43,mobile,google
S06283,U01282,8/31/2026 16:25,mobile,direct
S06284,U05347,9/26/2026 16:27,mobile,direct
S06285,U05594,8/19/2026 12:30,desktop,linkedin
S06286,U02616,8/16/2026 14:12,mobile,google
S06287,U00472,8/4/2026 19:16,mobile,linkedin
S06288,U05441,9/17/2026 14:37,desktop,google
S06289,U02620,9/29/2026 18:11,mobile,google
S06290,U01120,9/11/2026 20:14,desktop,google
S06291,U01268,8/23/2026 10:55,desktop,facebook
S06292,U05191,9/22/2026 8:56,desktop,linkedin
S06293,U03510,8/16/2026 14:24,desktop,linkedin
S06294,U00645,9/11/2026 13:07,desktop,facebook
S06295,U03233,9/5/2026 9:23,mobile,linkedin
S06296,U03630,9/21/2026 19:09,desktop,facebook
S06297,U03894,9/28/2026 16:59,desktop,google
S06298,U00234,8/22/2026 17:31,desktop,google
S06299,U01347,8/6/2026 18:20,mobile,google
S06300,U04521,8/10/2026 13:57,desktop,linkedin
S06301,U01537,9/14/2026 15:09,mobile,referral
S06302,U01857,8/22/2026 10:35,mobile,direct
S06303,U04258,8/9/2026 18:42,mobile,direct
S06304,U03137,9/18/2026 22:08,mobile,google
S06305,U00374,9/8/2026 20:58,desktop,referral
S06306,U01224,8/8/2026 13:31,mobile,linkedin
S06307,U03476,9/12/2026 7:47,desktop,google
S06308,U01951,9/8/2026 21:02,desktop,referral
S06309,U05457,9/29/2026 16:11,mobile,linkedin
S06310,U00084,9/29/2026 19:26,desktop,google
S06311,U05636,9/28/2026 11:48,mobile,google
S06312,U02715,9/23/2026 20:47,desktop,google
S06313,U02851,9/17/2026 20:24,desktop,facebook
S06314,U00253,9/10/2026 7:16,mobile,linkedin
S06315,U04851,9/2/2026 16:02,desktop,referral
S06316,U00426,9/17/2026 14:38,mobile,google
S06317,U05984,9/27/2026 17:31,mobile,linkedin
S06318,U00520,8/7/2026 11:09,desktop,direct
S06319,U03711,8/9/2026 8:34,mobile,direct
S06320,U05613,8/30/2026 11:23,mobile,linkedin
S06321,U01873,8/18/2026 15:24,mobile,linkedin
S06322,U00870,9/1/2026 11:19,mobile,direct
S06323,U05191,8/19/2026 14:25,desktop,facebook
S06324,U03837,9/16/2026 13:13,mobile,google
S06325,U00412,9/23/2026 18:06,mobile,linkedin
S06326,U00145,8/17/2026 13:34,mobile,direct
S06327,U00967,9/16/2026 9:18,desktop,google
S06328,U02467,8/7/2026 17:08,mobile,google
S06329,U04235,9/17/2026 10:24,mobile,referral
S06330,U01926,9/11/2026 11:48,mobile,google
S06331,U04563,9/12/2026 18:18,mobile,google
S06332,U03986,8/30/2026 11:21,desktop,linkedin
S06333,U02683,8/7/2026 7:59,mobile,google
S06334,U03492,9/20/2026 12:46,mobile,google
S06335,U01686,8/7/2026 13:12,desktop,google
S06336,U05360,8/29/2026 17:59,mobile,google
S06337,U01181,8/11/2026 18:20,mobile,linkedin
S06338,U03268,9/20/2026 7:00,mobile,facebook
S06339,U03714,9/4/2026 19:06,mobile,google
S06340,U05710,8/31/2026 18:57,desktop,linkedin
S06341,U02625,8/20/2026 9:46,desktop,linkedin
S06342,U05856,9/16/2026 12:25,desktop,google
S06343,U01708,8/13/2026 19:16,desktop,linkedin
S06344,U04691,9/13/2026 16:13,mobile,linkedin
S06345,U00157,9/28/2026 12:25,mobile,google
S06346,U04293,8/16/2026 19:11,mobile,linkedin
S06347,U05920,9/11/2026 17:06,desktop,google
S06348,U05025,8/19/2026 15:10,desktop,facebook
S06349,U03767,9/25/2026 7:05,mobile,referral
S06350,U01384,9/23/2026 17:21,desktop,facebook
S06351,U05027,8/19/2026 9:52,desktop,google
S06352,U03140,8/14/2026 21:43,desktop,direct
S06353,U01902,8/5/2026 10:01,desktop,linkedin
S06354,U00987,9/11/2026 7:28,mobile,google
S06355,U04920,9/25/2026 13:01,mobile,referral
S06356,U05446,8/9/2026 12:35,mobile,direct
S06357,U00856,9/18/2026 12:38,mobile,google
S06358,U01262,9/15/2026 21:49,desktop,referral
S06359,U03579,8/29/2026 11:23,mobile,google
S06360,U00239,8/14/2026 20:23,mobile,linkedin
S06361,U00612,9/9/2026 9:36,mobile,google
S06362,U05541,9/5/2026 16:52,mobile,google
S06363,U00064,9/18/2026 9:05,mobile,referral
S06364,U00238,9/3/2026 10:40,mobile,linkedin
S06365,U04398,8/3/2026 9:22,desktop,google
S06366,U03919,8/13/2026 12:17,mobile,direct
S06367,U01532,8/23/2026 14:21,mobile,facebook
S06368,U04987,8/30/2026 20:43,mobile,facebook
S06369,U01979,8/21/2026 19:06,mobile,referral
S06370,U03904,9/22/2026 18:10,desktop,facebook
S06371,U05380,8/17/2026 14:49,desktop,direct
S06372,U01029,9/10/2026 11:34,mobile,google
S06373,U01650,8/22/2026 11:44,desktop,referral
S06374,U01479,9/29/2026 9:06,desktop,google
S06375,U05833,9/24/2026 17:38,mobile,google
S06376,U02773,9/17/2026 19:29,mobile,linkedin
S06377,U04971,9/15/2026 15:45,mobile,google
S06378,U00008,9/8/2026 16:13,desktop,linkedin
S06379,U01334,9/5/2026 12:57,mobile,facebook
S06380,U02706,9/3/2026 22:24,mobile,linkedin
S06381,U05066,8/2/2026 21:12,desktop,linkedin
S06382,U03100,9/26/2026 13:30,desktop,linkedin
S06383,U01134,9/28/2026 19:04,desktop,direct
S06384,U01224,9/1/2026 12:35,desktop,google
S06385,U00378,9/22/2026 8:58,mobile,google
S06386,U02479,8/25/2026 11:39,desktop,direct
S06387,U02187,8/7/2026 20:21,mobile,linkedin
S06388,U02370,9/20/2026 14:42,mobile,linkedin
S06389,U02899,8/31/2026 20:50,desktop,google
S06390,U04043,9/26/2026 12:09,mobile,google
S06391,U05914,8/13/2026 14:21,mobile,direct
S06392,U02053,8/29/2026 8:10,mobile,linkedin
S06393,U05344,9/10/2026 19:29,mobile,linkedin
S06394,U04343,8/9/2026 11:59,mobile,facebook
S06395,U03802,9/29/2026 8:27,mobile,direct
S06396,U05417,9/6/2026 10:30,desktop,google
S06397,U05102,8/11/2026 17:38,desktop,direct
S06398,U03397,9/14/2026 20:02,mobile,google
S06399,U00576,9/22/2026 22:16,mobile,google
S06400,U01331,8/23/2026 10:46,desktop,direct
S06401,U04254,9/6/2026 16:26,mobile,google
S06402,U00178,9/14/2026 14:20,mobile,google
S06403,U01092,8/9/2026 18:26,mobile,facebook
S06404,U04236,9/1/2026 17:45,mobile,direct
S06405,U05489,9/3/2026 8:07,mobile,referral
S06406,U02858,8/19/2026 9:23,desktop,facebook
S06407,U05106,8/18/2026 16:26,desktop,google
S06408,U02571,9/7/2026 15:30,mobile,direct
S06409,U05392,9/15/2026 21:10,desktop,google
S06410,U03306,8/24/2026 20:33,mobile,direct
S06411,U05131,8/9/2026 7:56,mobile,google
S06412,U02888,9/17/2026 16:20,desktop,google
S06413,U00643,8/11/2026 13:30,mobile,google
S06414,U00512,8/1/2026 14:43,desktop,direct
S06415,U01497,8/20/2026 8:02,mobile,google
S06416,U02453,9/19/2026 20:25,mobile,linkedin
S06417,U00848,9/15/2026 9:38,mobile,facebook
S06418,U04644,8/19/2026 22:09,mobile,direct
S06419,U03153,9/1/2026 21:54,desktop,linkedin
S06420,U03760,9/27/2026 20:08,desktop,google
S06421,U00177,9/13/2026 8:52,mobile,referral
S06422,U01908,9/15/2026 13:32,mobile,linkedin
S06423,U02022,8/6/2026 7:22,desktop,linkedin
S06424,U02127,8/15/2026 16:47,desktop,referral
S06425,U04608,8/7/2026 20:49,mobile,google
S06426,U03503,9/28/2026 15:25,mobile,linkedin
S06427,U02599,8/21/2026 7:22,mobile,google
S06428,U01679,8/30/2026 11:51,mobile,google
S06429,U00496,9/3/2026 9:43,mobile,linkedin
S06430,U00698,9/1/2026 13:57,mobile,direct
S06431,U04367,8/4/2026 12:56,mobile,google
S06432,U03736,9/24/2026 20:16,mobile,direct
S06433,U05004,8/23/2026 10:32,mobile,facebook
S06434,U05501,9/25/2026 11:48,desktop,facebook
S06435,U03622,9/15/2026 10:48,mobile,google
S06436,U01232,9/11/2026 21:13,mobile,direct
S06437,U01054,9/12/2026 11:42,mobile,google
S06438,U04249,9/28/2026 22:51,mobile,direct
S06439,U03927,8/19/2026 17:39,desktop,google
S06440,U02606,8/20/2026 11:54,mobile,direct
S06441,U03312,9/10/2026 16:30,mobile,google
S06442,U01212,8/14/2026 8:57,desktop,direct
S06443,U01255,9/18/2026 21:27,desktop,google
S06444,U00253,8/2/2026 22:18,desktop,google
S06445,U01917,9/23/2026 11:41,mobile,linkedin
S06446,U00879,8/21/2026 9:44,mobile,google
S06447,U04932,8/1/2026 13:51,desktop,direct
S06448,U03919,9/6/2026 19:20,mobile,direct
S06449,U01273,8/17/2026 17:01,desktop,direct
S06450,U05998,8/19/2026 7:37,desktop,direct
S06451,U04412,8/29/2026 7:07,mobile,direct
S06452,U01587,9/4/2026 10:46,mobile,facebook
S06453,U03871,8/9/2026 19:04,mobile,google
S06454,U03118,8/3/2026 11:09,mobile,linkedin
S06455,U05242,8/28/2026 21:18,desktop,direct
S06456,U01893,8/22/2026 11:45,desktop,google
S06457,U04162,9/4/2026 21:16,mobile,google
S06458,U00306,9/14/2026 21:42,desktop,google
S06459,U03705,9/6/2026 18:38,mobile,linkedin
S06460,U00620,8/7/2026 9:48,desktop,google
S06461,U05376,9/29/2026 8:09,mobile,direct
S06462,U03954,9/12/2026 9:46,desktop,linkedin
S06463,U03355,8/3/2026 17:07,desktop,direct
S06464,U03977,9/15/2026 18:04,mobile,google
S06465,U02614,9/22/2026 22:46,mobile,direct
S06466,U04054,9/4/2026 22:14,desktop,direct
S06467,U01208,9/19/2026 11:55,mobile,google
S06468,U04580,9/23/2026 13:13,desktop,google
S06469,U01529,9/27/2026 19:21,desktop,google
S06470,U02667,9/27/2026 19:22,desktop,referral
S06471,U00827,8/12/2026 12:01,mobile,google
S06472,U03910,8/3/2026 7:29,mobile,google
S06473,U01359,9/9/2026 8:32,desktop,google
S06474,U03683,9/10/2026 20:11,mobile,google
S06475,U05630,9/4/2026 12:34,mobile,linkedin
S06476,U03905,8/15/2026 18:34,mobile,direct
S06477,U00291,9/26/2026 19:48,desktop,linkedin
S06478,U00483,8/25/2026 21:20,mobile,facebook
S06479,U00912,9/14/2026 14:52,mobile,google
S06480,U02060,9/7/2026 17:11,mobile,linkedin
S06481,U03812,9/23/2026 10:07,desktop,direct
S06482,U03283,9/12/2026 22:03,mobile,direct
S06483,U04456,9/8/2026 21:07,desktop,facebook
S06484,U03153,9/20/2026 13:14,desktop,google
S06485,U05037,8/4/2026 12:52,desktop,linkedin
S06486,U05794,9/12/2026 18:43,desktop,direct
S06487,U00112,9/5/2026 13:37,mobile,google
S06488,U00643,9/16/2026 18:36,desktop,facebook
S06489,U05790,8/14/2026 8:26,mobile,google
S06490,U01226,9/5/2026 11:17,desktop,google
S06491,U01723,8/18/2026 19:29,mobile,direct
S06492,U00175,8/8/2026 21:43,desktop,direct
S06493,U04042,9/4/2026 7:24,desktop,facebook
S06494,U00805,8/2/2026 19:28,mobile,facebook
S06495,U05767,8/6/2026 8:06,desktop,google
S06496,U00410,9/1/2026 20:51,mobile,direct
S06497,U05643,9/23/2026 11:03,mobile,referral
S06498,U05051,9/12/2026 12:48,mobile,google
S06499,U01301,8/1/2026 18:28,mobile,linkedin
S06500,U00836,8/7/2026 20:27,mobile,facebook
S06501,U00041,8/26/2026 13:37,desktop,google
S06502,U00529,8/26/2026 12:02,mobile,referral
S06503,U04614,8/3/2026 22:40,mobile,linkedin
S06504,U00160,8/16/2026 22:25,desktop,facebook
S06505,U04817,8/8/2026 15:23,desktop,direct
S06506,U00979,9/4/2026 7:22,mobile,direct
S06507,U00574,9/9/2026 22:30,desktop,direct
S06508,U00653,8/24/2026 16:54,mobile,google
S06509,U02501,9/4/2026 15:50,mobile,direct
S06510,U02228,8/13/2026 8:47,mobile,referral
S06511,U03988,9/21/2026 22:53,desktop,referral
S06512,U03687,8/1/2026 18:29,mobile,referral
S06513,U05858,8/31/2026 10:29,mobile,direct
S06514,U01761,8/20/2026 12:49,desktop,direct
S06515,U02664,8/28/2026 12:29,mobile,linkedin
S06516,U00556,8/31/2026 20:55,mobile,linkedin
S06517,U05267,9/8/2026 14:36,desktop,linkedin
S06518,U03286,9/25/2026 20:57,desktop,google
S06519,U01956,9/3/2026 18:00,mobile,google
S06520,U00413,8/14/2026 12:53,mobile,linkedin
S06521,U02650,9/1/2026 13:29,desktop,google
S06522,U01476,8/31/2026 19:57,mobile,google
S06523,U01202,9/21/2026 14:59,mobile,google
S06524,U00155,9/3/2026 17:53,mobile,facebook
S06525,U03467,9/22/2026 8:57,mobile,referral
S06526,U04637,9/8/2026 13:49,desktop,direct
S06527,U01046,9/4/2026 16:13,mobile,referral
S06528,U01672,8/20/2026 12:29,mobile,facebook
S06529,U01736,8/16/2026 20:33,mobile,google
S06530,U02878,8/6/2026 10:21,mobile,google
S06531,U04280,9/2/2026 20:35,mobile,google
S06532,U00404,9/25/2026 8:00,desktop,google
S06533,U02644,8/1/2026 13:50,desktop,linkedin
S06534,U03426,9/27/2026 15:16,mobile,google
S06535,U00713,9/21/2026 11:03,mobile,facebook
S06536,U04909,8/27/2026 15:38,mobile,linkedin
S06537,U00995,8/19/2026 21:24,mobile,google
S06538,U00393,9/4/2026 14:06,mobile,referral
S06539,U05596,9/21/2026 15:37,mobile,referral
S06540,U02801,8/2/2026 22:12,desktop,direct
S06541,U02985,8/27/2026 21:46,desktop,direct
S06542,U03956,8/3/2026 7:13,mobile,referral
S06543,U00710,9/8/2026 18:36,desktop,linkedin
S06544,U04951,8/5/2026 20:36,mobile,facebook
S06545,U02654,8/19/2026 22:04,mobile,google
S06546,U05186,9/14/2026 19:48,desktop,linkedin
S06547,U04141,9/15/2026 8:19,mobile,linkedin
S06548,U01555,8/14/2026 19:08,mobile,google
S06549,U02706,8/31/2026 20:30,desktop,google
S06550,U02492,8/12/2026 15:23,mobile,google
S06551,U04052,9/5/2026 7:20,desktop,google
S06552,U00680,8/1/2026 10:02,mobile,google
S06553,U02930,9/18/2026 11:24,desktop,linkedin
S06554,U05973,8/2/2026 20:48,mobile,facebook
S06555,U04795,9/6/2026 9:00,mobile,linkedin
S06556,U01831,8/25/2026 18:54,mobile,direct
S06557,U02794,8/14/2026 9:52,desktop,google
S06558,U05701,9/2/2026 20:19,mobile,facebook
S06559,U01318,8/9/2026 7:10,desktop,google
S06560,U04584,9/4/2026 10:46,mobile,google
S06561,U04080,9/8/2026 8:37,mobile,linkedin
S06562,U02806,8/28/2026 15:52,mobile,referral
S06563,U02168,8/22/2026 19:29,mobile,referral
S06564,U00881,8/28/2026 13:39,desktop,direct
S06565,U05356,9/27/2026 15:32,mobile,direct
S06566,U04197,9/15/2026 17:14,desktop,linkedin
S06567,U05559,8/1/2026 14:16,mobile,direct
S06568,U00670,8/18/2026 19:02,mobile,google
S06569,U04017,8/2/2026 11:32,mobile,google
S06570,U04045,8/15/2026 9:46,desktop,referral
S06571,U01224,9/16/2026 9:59,desktop,referral
S06572,U02008,9/21/2026 9:47,mobile,google
S06573,U05317,8/28/2026 7:36,desktop,google
S06574,U01272,9/11/2026 7:41,mobile,google
S06575,U05974,8/23/2026 7:50,mobile,linkedin
S06576,U05684,8/29/2026 9:30,mobile,google
S06577,U00663,9/19/2026 17:08,mobile,direct
S06578,U01803,8/17/2026 10:50,desktop,google
S06579,U05274,8/20/2026 16:21,desktop,google
S06580,U04340,8/9/2026 8:09,desktop,google
S06581,U04422,8/14/2026 19:48,desktop,direct
S06582,U04274,8/3/2026 12:41,mobile,google
S06583,U02578,9/18/2026 14:03,desktop,linkedin
S06584,U03406,9/21/2026 17:48,mobile,direct
S06585,U01992,8/26/2026 22:57,mobile,direct
S06586,U05995,9/5/2026 19:41,mobile,google
S06587,U01755,8/15/2026 13:25,mobile,direct
S06588,U03262,8/3/2026 12:31,desktop,google
S06589,U04119,8/31/2026 12:25,desktop,direct
S06590,U04234,8/10/2026 8:20,mobile,linkedin
S06591,U03913,9/20/2026 12:24,mobile,referral
S06592,U05000,8/17/2026 19:08,desktop,referral
S06593,U02935,9/14/2026 11:25,mobile,direct
S06594,U05316,8/16/2026 13:15,desktop,facebook
S06595,U00245,8/8/2026 8:06,desktop,google
S06596,U02445,9/2/2026 11:01,mobile,direct
S06597,U05045,8/11/2026 8:05,mobile,google
S06598,U00566,8/24/2026 14:31,mobile,google
S06599,U02760,8/18/2026 11:45,mobile,linkedin
S06600,U02624,9/22/2026 22:31,mobile,direct
S06601,U02956,8/31/2026 16:26,mobile,direct
S06602,U04267,9/13/2026 12:57,mobile,facebook
S06603,U04490,9/5/2026 15:36,mobile,linkedin
S06604,U03844,9/24/2026 22:21,mobile,referral
S06605,U03924,8/27/2026 9:53,desktop,facebook
S06606,U01572,9/21/2026 11:03,mobile,facebook
S06607,U04461,9/23/2026 15:43,desktop,google
S06608,U00417,9/25/2026 8:41,mobile,linkedin
S06609,U00202,9/11/2026 15:18,mobile,direct
S06610,U03769,9/28/2026 9:30,mobile,referral
S06611,U03709,9/14/2026 20:49,desktop,google
S06612,U00970,8/19/2026 19:22,mobile,google
S06613,U04626,8/10/2026 7:46,mobile,google
S06614,U01091,8/13/2026 15:36,mobile,google
S06615,U05000,9/4/2026 10:21,desktop,facebook
S06616,U03660,8/10/2026 16:18,mobile,google
S06617,U01762,8/15/2026 15:42,mobile,google
S06618,U05194,9/7/2026 22:29,desktop,direct
S06619,U00441,8/20/2026 9:50,mobile,linkedin
S06620,U05941,9/10/2026 15:04,mobile,google
S06621,U03836,9/29/2026 22:26,desktop,linkedin
S06622,U01340,8/6/2026 8:52,mobile,linkedin
S06623,U05784,9/8/2026 11:03,mobile,referral
S06624,U02617,9/19/2026 18:29,mobile,direct
S06625,U03445,8/9/2026 8:43,mobile,referral
S06626,U02650,9/16/2026 10:19,desktop,google
S06627,U03075,8/31/2026 22:18,desktop,direct
S06628,U03555,9/7/2026 16:18,mobile,linkedin
S06629,U00231,8/4/2026 7:53,mobile,direct
S06630,U01571,8/27/2026 20:40,desktop,linkedin
S06631,U00470,8/23/2026 15:22,desktop,google
S06632,U02472,8/10/2026 14:37,mobile,google
S06633,U00675,9/15/2026 22:52,desktop,facebook
S06634,U00425,8/31/2026 12:01,mobile,facebook
S06635,U01912,9/22/2026 13:03,desktop,google
S06636,U04085,8/10/2026 16:12,mobile,direct
S06637,U01343,9/13/2026 10:51,mobile,direct
S06638,U02969,9/6/2026 9:01,desktop,linkedin
S06639,U01399,9/9/2026 9:12,desktop,google
S06640,U00901,8/19/2026 11:55,mobile,facebook
S06641,U00458,9/11/2026 8:16,mobile,direct
S06642,U04005,8/15/2026 15:03,desktop,direct
S06643,U03600,9/15/2026 22:53,mobile,direct
S06644,U01056,8/27/2026 11:03,mobile,direct
S06645,U05918,8/29/2026 7:39,mobile,google
S06646,U01621,9/4/2026 7:37,mobile,referral
S06647,U01250,8/6/2026 9:39,mobile,google
S06648,U01725,8/23/2026 16:21,mobile,facebook
S06649,U01549,8/13/2026 14:31,desktop,facebook
S06650,U03036,9/27/2026 13:25,mobile,direct
S06651,U03208,8/26/2026 19:04,desktop,linkedin
S06652,U02207,8/1/2026 13:14,desktop,google
S06653,U05897,8/2/2026 16:51,desktop,linkedin
S06654,U05420,9/24/2026 22:56,mobile,linkedin
S06655,U03554,8/10/2026 9:42,mobile,google
S06656,U05316,8/1/2026 8:47,mobile,google
S06657,U05916,8/13/2026 10:28,mobile,referral
S06658,U00782,8/14/2026 9:28,desktop,google
S06659,U05798,8/5/2026 20:16,desktop,google
S06660,U02985,9/29/2026 21:01,mobile,google
S06661,U01767,8/4/2026 15:57,mobile,direct
S06662,U00262,9/13/2026 9:05,desktop,linkedin
S06663,U02255,9/20/2026 20:37,mobile,direct
S06664,U05823,9/8/2026 21:40,desktop,linkedin
S06665,U03541,8/8/2026 13:31,mobile,google
S06666,U01039,9/13/2026 17:45,desktop,linkedin
S06667,U01833,8/20/2026 16:44,desktop,google
S06668,U04596,8/25/2026 15:27,mobile,facebook
S06669,U02083,8/16/2026 12:39,mobile,google
S06670,U04259,9/17/2026 11:27,desktop,google
S06671,U02542,9/4/2026 11:24,mobile,linkedin
S06672,U01783,8/10/2026 12:45,mobile,google
S06673,U00031,8/25/2026 19:09,mobile,linkedin
S06674,U00736,9/17/2026 20:12,mobile,linkedin
S06675,U01626,9/26/2026 8:48,desktop,referral
S06676,U03959,9/26/2026 7:55,mobile,google
S06677,U03755,8/9/2026 14:39,mobile,linkedin
S06678,U00390,9/21/2026 19:17,desktop,direct
S06679,U04392,9/3/2026 15:58,mobile,google
S06680,U05154,9/14/2026 20:14,mobile,direct
S06681,U05716,8/24/2026 18:24,desktop,facebook
S06682,U05419,9/9/2026 18:17,desktop,direct
S06683,U04415,8/16/2026 15:36,mobile,referral
S06684,U03817,9/1/2026 7:52,desktop,direct
S06685,U02309,8/14/2026 9:52,mobile,linkedin
S06686,U04137,8/24/2026 18:52,mobile,referral
S06687,U03930,8/25/2026 11:56,desktop,google
S06688,U01235,9/21/2026 18:34,desktop,linkedin
S06689,U04941,9/7/2026 12:25,mobile,direct
S06690,U02098,9/8/2026 7:12,mobile,facebook
S06691,U00448,8/18/2026 17:49,mobile,facebook
S06692,U01866,8/27/2026 21:16,mobile,google
S06693,U01352,8/29/2026 14:08,desktop,direct
S06694,U03261,9/17/2026 9:06,desktop,google
S06695,U04629,8/12/2026 13:37,mobile,direct
S06696,U05590,8/4/2026 22:22,mobile,direct
S06697,U00641,8/31/2026 12:05,mobile,google
S06698,U04074,9/18/2026 8:07,mobile,facebook
S06699,U00255,9/14/2026 19:17,desktop,linkedin
S06700,U02477,9/18/2026 10:48,mobile,linkedin
S06701,U01659,8/24/2026 7:35,mobile,referral
S06702,U01516,8/14/2026 18:02,mobile,direct
S06703,U04327,9/9/2026 12:24,desktop,linkedin
S06704,U01506,8/3/2026 9:11,mobile,google
S06705,U03416,9/23/2026 7:51,mobile,google
S06706,U03611,9/12/2026 9:57,mobile,google
S06707,U02423,8/31/2026 9:23,mobile,google
S06708,U05026,8/12/2026 7:10,mobile,google
S06709,U01737,8/16/2026 12:55,mobile,linkedin
S06710,U02557,9/29/2026 20:13,mobile,direct
S06711,U00281,8/1/2026 13:19,mobile,google
S06712,U04572,8/1/2026 7:36,desktop,linkedin
S06713,U03294,8/21/2026 21:06,mobile,facebook
S06714,U04705,8/14/2026 17:07,mobile,google
S06715,U00936,9/10/2026 22:25,mobile,direct
S06716,U04931,8/3/2026 16:19,desktop,google
S06717,U04097,9/17/2026 14:37,desktop,linkedin
S06718,U00166,9/16/2026 15:10,desktop,direct
S06719,U05928,8/14/2026 7:06,mobile,google
S06720,U03252,9/4/2026 13:00,mobile,google
S06721,U01523,9/10/2026 14:04,mobile,facebook
S06722,U03055,9/20/2026 11:47,mobile,google
S06723,U02836,9/13/2026 20:23,mobile,direct
S06724,U03934,9/27/2026 22:18,mobile,linkedin
S06725,U00991,8/7/2026 14:39,mobile,google
S06726,U01177,9/6/2026 19:33,mobile,direct
S06727,U04479,9/16/2026 10:34,mobile,linkedin
S06728,U00559,8/14/2026 21:45,mobile,google
S06729,U04594,8/14/2026 18:15,desktop,referral
S06730,U02198,8/6/2026 18:44,mobile,linkedin
S06731,U01954,9/29/2026 16:30,desktop,direct
S06732,U04262,9/21/2026 20:15,mobile,google
S06733,U03202,8/8/2026 15:32,desktop,google
S06734,U04640,8/15/2026 22:25,desktop,direct
S06735,U01334,8/28/2026 17:35,mobile,direct
S06736,U03402,9/23/2026 14:15,desktop,google
S06737,U05334,9/19/2026 10:20,mobile,direct
S06738,U01407,9/22/2026 21:30,mobile,linkedin
S06739,U00926,9/19/2026 7:53,desktop,google
S06740,U00040,9/7/2026 7:41,mobile,direct
S06741,U01494,8/18/2026 7:29,mobile,linkedin
S06742,U01726,9/6/2026 8:43,mobile,linkedin
S06743,U05369,8/30/2026 10:57,mobile,direct
S06744,U02544,9/27/2026 14:50,mobile,linkedin
S06745,U02158,8/27/2026 11:25,mobile,referral
S06746,U01624,9/15/2026 14:15,mobile,facebook
S06747,U05621,8/11/2026 14:09,mobile,google
S06748,U05898,9/10/2026 14:00,mobile,linkedin
S06749,U05920,8/28/2026 7:57,mobile,referral
S06750,U02375,8/27/2026 15:35,desktop,facebook
S06751,U04952,9/15/2026 11:47,mobile,google
S06752,U00583,8/30/2026 15:36,mobile,google
S06753,U01405,8/4/2026 7:58,desktop,google
S06754,U05564,8/24/2026 20:55,desktop,facebook
S06755,U00740,9/27/2026 18:33,mobile,referral
S06756,U02909,9/26/2026 12:32,mobile,facebook
S06757,U04108,9/6/2026 12:45,desktop,google
S06758,U05542,9/8/2026 12:03,desktop,facebook
S06759,U02462,8/16/2026 22:51,mobile,google
S06760,U00810,9/16/2026 18:13,mobile,linkedin
S06761,U02308,9/5/2026 14:21,mobile,google
S06762,U03760,8/3/2026 17:22,mobile,linkedin
S06763,U03405,9/26/2026 8:01,desktop,linkedin
S06764,U04033,9/21/2026 20:16,desktop,google
S06765,U00618,8/5/2026 16:31,mobile,google
S06766,U00417,8/26/2026 11:56,desktop,facebook
S06767,U01185,9/14/2026 18:05,desktop,google
S06768,U01793,9/14/2026 7:06,mobile,linkedin
S06769,U04627,8/11/2026 14:50,desktop,google
S06770,U05793,8/3/2026 22:06,mobile,google
S06771,U01658,9/29/2026 19:09,mobile,google
S06772,U03759,9/23/2026 7:42,mobile,direct
S06773,U02995,9/14/2026 16:26,mobile,linkedin
S06774,U01339,9/9/2026 17:52,desktop,google
S06775,U01397,9/11/2026 15:25,mobile,facebook
S06776,U04924,8/28/2026 12:08,mobile,google
S06777,U00532,9/11/2026 17:51,mobile,direct
S06778,U03401,8/19/2026 13:46,mobile,google
S06779,U01398,8/6/2026 22:10,mobile,facebook
S06780,U04248,8/19/2026 20:24,desktop,google
S06781,U01475,8/18/2026 21:33,mobile,linkedin
S06782,U03457,8/19/2026 13:42,mobile,direct
S06783,U03477,8/29/2026 17:50,mobile,linkedin
S06784,U02872,8/8/2026 9:18,mobile,facebook
S06785,U01671,8/25/2026 19:02,desktop,google
S06786,U04595,8/28/2026 19:04,mobile,linkedin
S06787,U01861,8/12/2026 19:24,mobile,facebook
S06788,U03213,8/28/2026 7:19,desktop,facebook
S06789,U02210,9/10/2026 14:17,desktop,linkedin
S06790,U03759,8/25/2026 11:23,desktop,linkedin
S06791,U03620,8/1/2026 21:38,mobile,direct
S06792,U04242,9/12/2026 15:36,mobile,direct
S06793,U01280,9/4/2026 16:47,desktop,facebook
S06794,U03088,8/26/2026 14:00,mobile,facebook
S06795,U04536,8/2/2026 8:49,mobile,linkedin
S06796,U00139,8/6/2026 16:55,mobile,direct
S06797,U02272,8/5/2026 16:46,desktop,linkedin
S06798,U02108,9/21/2026 13:06,mobile,google
S06799,U03979,8/19/2026 17:04,mobile,facebook
S06800,U04903,8/26/2026 13:14,mobile,linkedin
S06801,U05312,9/11/2026 17:33,mobile,google
S06802,U00915,9/9/2026 12:34,desktop,direct
S06803,U00990,8/4/2026 19:22,mobile,google
S06804,U02320,9/25/2026 21:11,mobile,google
S06805,U02928,8/16/2026 14:44,desktop,linkedin
S06806,U01677,9/16/2026 7:16,desktop,direct
S06807,U04672,9/19/2026 17:54,mobile,linkedin
S06808,U01924,9/2/2026 22:02,desktop,google
S06809,U00174,8/10/2026 18:21,mobile,linkedin
S06810,U00608,9/2/2026 12:43,desktop,google
S06811,U02393,8/15/2026 16:01,mobile,referral
S06812,U04645,9/20/2026 12:50,mobile,google
S06813,U02754,9/15/2026 19:23,mobile,facebook
S06814,U05708,9/19/2026 18:36,mobile,google
S06815,U00344,9/19/2026 17:00,mobile,google
S06816,U05242,8/11/2026 13:12,mobile,linkedin
S06817,U03305,8/2/2026 9:45,mobile,direct
S06818,U03667,9/7/2026 16:51,mobile,referral
S06819,U03509,9/6/2026 12:23,mobile,linkedin
S06820,U02967,9/21/2026 21:27,desktop,google
S06821,U05466,9/8/2026 8:00,desktop,google
S06822,U04474,9/18/2026 20:32,desktop,linkedin
S06823,U04676,8/21/2026 19:28,mobile,linkedin
S06824,U05820,8/8/2026 15:14,mobile,facebook
S06825,U03654,8/3/2026 22:53,mobile,linkedin
S06826,U00477,8/27/2026 18:27,mobile,direct
S06827,U05430,8/1/2026 7:40,mobile,facebook
S06828,U00349,9/1/2026 13:16,desktop,google
S06829,U02208,8/25/2026 20:26,mobile,linkedin
S06830,U05422,8/16/2026 19:25,desktop,facebook
S06831,U04758,9/5/2026 9:34,mobile,linkedin
S06832,U03037,9/10/2026 9:43,mobile,linkedin
S06833,U03980,8/3/2026 21:47,mobile,facebook
S06834,U03784,8/29/2026 7:43,desktop,google
S06835,U03401,9/26/2026 22:11,mobile,facebook
S06836,U02118,8/18/2026 15:39,mobile,linkedin
S06837,U04510,9/16/2026 19:55,mobile,linkedin
S06838,U05656,8/21/2026 10:26,mobile,google
S06839,U02194,8/17/2026 12:30,desktop,linkedin
S06840,U00505,9/21/2026 18:39,desktop,google
S06841,U01292,8/22/2026 9:35,desktop,google
S06842,U02594,9/21/2026 8:37,desktop,linkedin
S06843,U00875,9/9/2026 16:44,desktop,google
S06844,U04660,9/18/2026 7:08,mobile,linkedin
S06845,U03707,9/18/2026 22:01,mobile,google
S06846,U04246,9/24/2026 17:48,mobile,google
S06847,U03002,9/3/2026 18:25,mobile,google
S06848,U02795,9/27/2026 15:00,mobile,linkedin
S06849,U03360,8/4/2026 16:58,mobile,google
S06850,U01587,8/30/2026 22:13,desktop,google
S06851,U04946,8/24/2026 7:04,desktop,linkedin
S06852,U03366,8/6/2026 10:57,mobile,direct
S06853,U01505,9/22/2026 18:09,desktop,direct
S06854,U01236,9/18/2026 8:58,mobile,google
S06855,U03459,9/14/2026 10:55,mobile,facebook
S06856,U01667,9/8/2026 7:22,mobile,linkedin
S06857,U02235,9/6/2026 7:52,mobile,linkedin
S06858,U03230,8/23/2026 14:06,mobile,google
S06859,U02639,9/11/2026 17:33,mobile,google
S06860,U02671,9/28/2026 8:36,mobile,linkedin
S06861,U01063,8/16/2026 22:43,mobile,google
S06862,U00389,8/21/2026 19:24,desktop,direct
S06863,U01002,8/7/2026 17:36,mobile,google
S06864,U02028,9/24/2026 8:09,mobile,google
S06865,U05066,9/1/2026 15:18,mobile,google
S06866,U02248,9/5/2026 21:43,mobile,google
S06867,U00730,8/16/2026 10:48,mobile,linkedin
S06868,U02499,8/3/2026 15:39,mobile,google
S06869,U02733,9/18/2026 16:01,desktop,linkedin
S06870,U00667,9/21/2026 18:08,mobile,google
S06871,U00462,8/21/2026 21:41,desktop,linkedin
S06872,U01915,9/15/2026 9:05,mobile,referral
S06873,U04225,9/4/2026 8:00,mobile,facebook
S06874,U03627,9/8/2026 8:25,mobile,linkedin
S06875,U02594,8/11/2026 11:16,mobile,linkedin
S06876,U00346,9/6/2026 12:39,mobile,direct
S06877,U05923,8/10/2026 21:03,mobile,referral
S06878,U05533,8/14/2026 15:19,mobile,linkedin
S06879,U00377,8/22/2026 18:55,desktop,google
S06880,U02940,8/13/2026 16:12,mobile,direct
S06881,U04734,9/24/2026 22:14,mobile,google
S06882,U00345,8/2/2026 12:16,desktop,direct
S06883,U05958,9/24/2026 17:42,mobile,google
S06884,U03958,8/10/2026 11:21,desktop,google
S06885,U00824,9/22/2026 10:44,desktop,direct
S06886,U04288,8/21/2026 22:42,desktop,direct
S06887,U05074,9/25/2026 7:23,mobile,linkedin
S06888,U00801,9/2/2026 11:21,mobile,facebook
S06889,U03182,8/30/2026 13:10,mobile,facebook
S06890,U02296,8/8/2026 9:12,mobile,linkedin
S06891,U02222,8/27/2026 19:21,mobile,referral
S06892,U04324,9/3/2026 12:45,mobile,google
S06893,U01691,9/29/2026 14:20,mobile,google
S06894,U04010,8/16/2026 11:51,mobile,facebook
S06895,U02924,8/5/2026 21:16,mobile,linkedin
S06896,U05995,8/16/2026 13:44,mobile,facebook
S06897,U05670,8/15/2026 19:35,desktop,google
S06898,U03422,9/26/2026 16:58,mobile,google
S06899,U04810,8/10/2026 22:17,mobile,google
S06900,U02296,9/29/2026 16:39,desktop,linkedin
S06901,U01142,8/7/2026 22:46,mobile,facebook
S06902,U02317,9/18/2026 18:10,mobile,linkedin
S06903,U04412,8/25/2026 7:56,desktop,google
S06904,U04693,8/4/2026 9:30,mobile,google
S06905,U02374,9/6/2026 19:38,mobile,google
S06906,U02732,9/13/2026 7:44,desktop,direct
S06907,U05670,9/20/2026 10:02,desktop,direct
S06908,U03369,8/11/2026 19:39,desktop,google
S06909,U04277,9/7/2026 12:40,desktop,linkedin
S06910,U02613,9/4/2026 10:28,mobile,direct
S06911,U03408,8/27/2026 10:09,desktop,google
S06912,U03160,9/23/2026 12:03,mobile,linkedin
S06913,U05211,8/26/2026 20:24,desktop,linkedin
S06914,U03923,8/23/2026 14:17,desktop,linkedin
S06915,U00133,9/1/2026 22:15,desktop,google
S06916,U05843,9/25/2026 18:27,desktop,google
S06917,U01053,9/22/2026 11:17,mobile,direct
S06918,U03327,9/12/2026 9:37,desktop,google
S06919,U00126,8/5/2026 22:06,mobile,facebook
S06920,U04157,8/19/2026 21:26,mobile,linkedin
S06921,U03640,8/1/2026 8:57,desktop,linkedin
S06922,U05137,8/6/2026 12:08,desktop,direct
S06923,U04565,9/19/2026 18:53,mobile,linkedin
S06924,U00643,9/18/2026 22:43,mobile,google
S06925,U00404,8/7/2026 21:27,mobile,google
S06926,U01728,8/28/2026 11:33,mobile,direct
S06927,U03493,8/17/2026 21:20,mobile,linkedin
S06928,U05495,8/5/2026 18:36,desktop,facebook
S06929,U05962,8/23/2026 14:24,mobile,linkedin
S06930,U05187,8/7/2026 13:01,desktop,linkedin
S06931,U03548,9/14/2026 20:00,mobile,google
S06932,U00133,9/28/2026 20:23,desktop,google
S06933,U05903,8/26/2026 21:37,mobile,facebook
S06934,U02889,8/15/2026 14:23,desktop,google
S06935,U02064,8/30/2026 11:16,desktop,facebook
S06936,U00241,9/27/2026 20:55,desktop,google
S06937,U04916,8/10/2026 11:50,desktop,linkedin
S06938,U01631,9/10/2026 19:03,mobile,google
S06939,U05478,8/6/2026 15:08,mobile,direct
S06940,U04427,8/19/2026 16:22,mobile,google
S06941,U01616,8/27/2026 10:21,desktop,linkedin
S06942,U04765,8/24/2026 10:59,mobile,facebook
S06943,U00972,8/11/2026 17:26,mobile,direct
S06944,U03800,9/16/2026 11:09,mobile,google
S06945,U02526,9/10/2026 17:42,mobile,direct
S06946,U04236,8/27/2026 22:51,desktop,linkedin
S06947,U01910,8/26/2026 8:19,desktop,google
S06948,U05423,8/5/2026 21:48,desktop,linkedin
S06949,U00466,9/9/2026 9:44,desktop,facebook
S06950,U00795,8/14/2026 9:12,desktop,linkedin
S06951,U01622,8/19/2026 20:20,mobile,direct
S06952,U05634,9/21/2026 10:15,desktop,direct
S06953,U00459,9/8/2026 17:21,mobile,linkedin
S06954,U02369,9/11/2026 8:42,mobile,google
S06955,U00947,8/16/2026 8:23,desktop,direct
S06956,U01987,8/31/2026 10:13,mobile,google
S06957,U02275,8/1/2026 15:19,mobile,google
S06958,U02291,8/15/2026 11:38,mobile,google
S06959,U04761,9/18/2026 10:34,mobile,facebook
S06960,U02340,8/29/2026 20:24,desktop,google
S06961,U05019,9/8/2026 9:47,mobile,google
S06962,U01476,9/17/2026 8:31,mobile,google
S06963,U00430,9/26/2026 8:45,mobile,google
S06964,U02359,8/5/2026 21:06,mobile,referral
S06965,U00906,9/4/2026 14:36,mobile,linkedin
S06966,U01285,9/29/2026 22:33,mobile,direct
S06967,U02759,8/12/2026 19:54,mobile,direct
S06968,U01230,9/21/2026 11:30,mobile,google
S06969,U02952,9/4/2026 19:39,mobile,direct
S06970,U01149,8/20/2026 14:17,mobile,referral
S06971,U01619,9/16/2026 15:57,desktop,direct
S06972,U04869,9/22/2026 15:28,mobile,direct
S06973,U04060,8/9/2026 19:07,mobile,linkedin
S06974,U04849,9/10/2026 10:17,desktop,facebook
S06975,U01141,9/26/2026 7:57,mobile,google
S06976,U00560,9/9/2026 18:42,mobile,direct
S06977,U03409,9/2/2026 22:15,desktop,google
S06978,U00495,8/9/2026 16:16,mobile,linkedin
S06979,U00300,8/28/2026 8:52,desktop,facebook
S06980,U04668,9/24/2026 8:47,desktop,linkedin
S06981,U02730,9/17/2026 15:42,desktop,google
S06982,U04544,8/28/2026 21:20,desktop,direct
S06983,U03193,8/19/2026 16:49,mobile,referral
S06984,U02488,9/18/2026 11:50,desktop,direct
S06985,U05291,9/28/2026 16:55,mobile,facebook
S06986,U00173,8/18/2026 9:29,mobile,facebook
S06987,U00230,9/18/2026 14:40,mobile,facebook
S06988,U02430,8/19/2026 22:42,mobile,google
S06989,U02984,9/19/2026 17:04,mobile,linkedin
S06990,U03077,9/27/2026 8:38,mobile,facebook
S06991,U03057,9/9/2026 10:13,mobile,facebook
S06992,U00091,8/30/2026 7:57,mobile,google
S06993,U04323,8/19/2026 13:25,desktop,google
S06994,U03400,8/4/2026 10:48,mobile,google
S06995,U03583,8/4/2026 22:40,desktop,direct
S06996,U03538,9/20/2026 12:06,desktop,facebook
S06997,U01228,9/9/2026 7:33,desktop,linkedin
S06998,U00251,8/14/2026 13:56,mobile,google
S06999,U01732,9/3/2026 18:47,desktop,google
S07000,U05348,9/22/2026 17:57,desktop,facebook
S07001,U00617,9/8/2026 22:37,desktop,google
S07002,U00893,9/24/2026 12:51,desktop,google
S07003,U00180,8/8/2026 15:21,mobile,google
S07004,U01889,8/5/2026 15:56,mobile,facebook
S07005,U04238,9/9/2026 7:23,desktop,linkedin
S07006,U01595,9/4/2026 7:05,mobile,google
S07007,U02896,9/11/2026 19:44,desktop,google
S07008,U03547,9/28/2026 13:09,mobile,referral
S07009,U01676,8/7/2026 18:00,mobile,linkedin
S07010,U03361,9/25/2026 22:07,mobile,linkedin
S07011,U01534,8/4/2026 10:54,mobile,google
S07012,U04598,9/1/2026 19:23,desktop,google
S07013,U00850,9/19/2026 10:25,mobile,facebook
S07014,U04619,9/10/2026 18:51,desktop,direct
S07015,U03637,8/14/2026 9:33,mobile,linkedin
S07016,U00082,9/6/2026 11:52,desktop,facebook
S07017,U04746,9/24/2026 14:31,mobile,linkedin
S07018,U02330,8/13/2026 14:48,mobile,facebook
S07019,U03201,9/26/2026 7:29,mobile,google
S07020,U05974,9/9/2026 20:30,mobile,google
S07021,U05026,8/6/2026 7:05,desktop,facebook
S07022,U01129,8/20/2026 21:04,desktop,facebook
S07023,U01418,9/21/2026 10:17,mobile,direct
S07024,U01563,8/21/2026 18:22,mobile,direct
S07025,U04788,9/26/2026 18:23,mobile,facebook
S07026,U04516,8/26/2026 14:18,mobile,direct
S07027,U02387,8/21/2026 15:35,mobile,google
S07028,U00727,9/21/2026 8:10,mobile,linkedin
S07029,U00250,9/17/2026 21:24,mobile,direct
S07030,U04434,8/15/2026 8:54,desktop,linkedin
S07031,U02089,9/16/2026 17:31,mobile,facebook
S07032,U03233,8/16/2026 7:00,mobile,linkedin
S07033,U05244,9/23/2026 18:56,mobile,google
S07034,U00635,8/1/2026 12:44,mobile,google
S07035,U05738,9/9/2026 14:42,mobile,facebook
S07036,U04611,8/10/2026 7:22,mobile,google
S07037,U04571,9/10/2026 10:30,mobile,facebook
S07038,U03928,9/28/2026 13:57,desktop,google
S07039,U00167,9/10/2026 18:28,desktop,linkedin
S07040,U05542,8/27/2026 16:33,desktop,facebook
S07041,U00254,9/19/2026 11:10,desktop,linkedin
S07042,U03054,8/12/2026 16:32,mobile,facebook
S07043,U02839,9/2/2026 10:34,mobile,google
S07044,U02998,9/27/2026 15:53,mobile,linkedin
S07045,U00630,8/22/2026 15:38,desktop,linkedin
S07046,U02148,8/2/2026 10:37,desktop,facebook
S07047,U03795,8/27/2026 10:12,mobile,google
S07048,U05373,8/30/2026 15:18,mobile,google
S07049,U02576,9/18/2026 16:23,mobile,direct
S07050,U01507,9/18/2026 22:40,mobile,referral
S07051,U03762,8/21/2026 14:55,desktop,facebook
S07052,U05158,9/16/2026 14:06,mobile,facebook
S07053,U01495,8/9/2026 14:36,mobile,linkedin
S07054,U00327,8/12/2026 20:59,mobile,linkedin
S07055,U01216,9/6/2026 11:54,mobile,facebook
S07056,U03550,9/12/2026 13:06,mobile,facebook
S07057,U01017,9/18/2026 12:54,desktop,facebook
S07058,U02537,9/7/2026 16:58,mobile,facebook
S07059,U04194,8/8/2026 18:11,mobile,facebook
S07060,U01437,9/10/2026 14:42,mobile,google
S07061,U00401,8/26/2026 11:13,mobile,google
S07062,U01091,8/16/2026 18:01,mobile,referral
S07063,U01526,8/21/2026 11:24,mobile,linkedin
S07064,U04627,9/18/2026 21:21,mobile,google
S07065,U01481,8/11/2026 16:59,mobile,linkedin
S07066,U03352,9/3/2026 14:03,desktop,direct
S07067,U00142,8/5/2026 10:43,desktop,facebook
S07068,U02274,9/13/2026 19:07,desktop,facebook
S07069,U03224,8/9/2026 16:45,mobile,google
S07070,U00139,9/26/2026 21:07,desktop,linkedin
S07071,U00894,9/22/2026 18:18,desktop,google
S07072,U00747,9/21/2026 19:37,mobile,facebook
S07073,U03302,8/21/2026 8:28,mobile,google
S07074,U03849,9/16/2026 7:23,mobile,direct
S07075,U02935,8/9/2026 17:32,desktop,linkedin
S07076,U04709,8/18/2026 7:00,mobile,direct
S07077,U01753,8/8/2026 21:15,mobile,linkedin
S07078,U01364,8/4/2026 21:07,desktop,direct
S07079,U00056,8/23/2026 16:21,mobile,direct
S07080,U00580,9/4/2026 18:40,desktop,google
S07081,U03847,9/21/2026 13:45,desktop,google
S07082,U01412,8/3/2026 22:19,desktop,linkedin
S07083,U01512,8/25/2026 7:34,desktop,google
S07084,U05067,9/12/2026 11:40,mobile,direct
S07085,U02524,8/13/2026 18:09,mobile,google
S07086,U04352,9/14/2026 19:36,desktop,facebook
S07087,U05536,9/4/2026 10:52,desktop,google
S07088,U01214,9/3/2026 19:49,mobile,direct
S07089,U01102,8/8/2026 14:22,mobile,google
S07090,U02564,8/11/2026 20:43,mobile,linkedin
S07091,U03977,9/22/2026 11:16,mobile,google
S07092,U01134,9/22/2026 18:04,mobile,direct
S07093,U03204,8/28/2026 10:19,desktop,google
S07094,U05021,9/5/2026 9:12,desktop,direct
S07095,U02818,9/2/2026 18:17,desktop,linkedin
S07096,U01533,8/31/2026 17:53,mobile,referral
S07097,U02891,9/12/2026 11:41,mobile,direct
S07098,U03921,9/4/2026 16:40,mobile,linkedin
S07099,U01858,8/8/2026 22:03,mobile,facebook
S07100,U01341,8/5/2026 12:20,mobile,google
S07101,U00650,9/21/2026 15:01,mobile,direct
S07102,U03920,9/14/2026 10:20,mobile,linkedin
S07103,U05351,8/12/2026 15:17,mobile,direct
S07104,U02498,8/4/2026 21:09,mobile,google
S07105,U02358,8/14/2026 17:10,mobile,linkedin
S07106,U02748,9/4/2026 9:16,mobile,direct
S07107,U03027,9/5/2026 18:50,desktop,linkedin
S07108,U05057,8/11/2026 13:45,mobile,google
S07109,U02468,8/11/2026 7:17,mobile,linkedin
S07110,U00911,8/13/2026 16:57,mobile,facebook
S07111,U04687,8/27/2026 11:47,desktop,google
S07112,U04470,8/14/2026 22:32,mobile,google
S07113,U04818,8/28/2026 22:55,desktop,referral
S07114,U01933,8/1/2026 17:44,mobile,facebook
S07115,U03329,9/26/2026 17:06,desktop,google
S07116,U04837,9/23/2026 11:52,desktop,linkedin
S07117,U03287,8/21/2026 8:08,mobile,google
S07118,U01834,9/18/2026 7:58,desktop,referral
S07119,U04810,9/2/2026 14:25,mobile,linkedin
S07120,U04464,8/2/2026 12:04,desktop,linkedin
S07121,U01215,8/18/2026 22:22,mobile,google
S07122,U04748,8/4/2026 11:41,mobile,linkedin
S07123,U02353,9/12/2026 10:26,desktop,google
S07124,U05776,9/16/2026 20:06,desktop,direct
S07125,U01935,9/7/2026 20:22,mobile,linkedin
S07126,U05690,8/1/2026 13:01,desktop,linkedin
S07127,U00423,8/15/2026 8:18,mobile,facebook
S07128,U04623,8/29/2026 8:34,mobile,google
S07129,U00142,8/9/2026 15:20,desktop,google
S07130,U02551,8/7/2026 20:55,mobile,linkedin
S07131,U03866,8/19/2026 13:11,mobile,direct
S07132,U02901,9/5/2026 7:17,desktop,google
S07133,U03940,8/6/2026 12:59,mobile,direct
S07134,U00838,9/29/2026 7:02,mobile,linkedin
S07135,U02632,8/28/2026 13:46,mobile,linkedin
S07136,U03027,8/11/2026 14:35,desktop,linkedin
S07137,U01869,8/2/2026 18:41,mobile,google
S07138,U02150,9/27/2026 8:06,mobile,google
S07139,U05076,9/5/2026 14:41,desktop,direct
S07140,U05780,9/21/2026 9:50,mobile,linkedin
S07141,U03098,9/16/2026 14:27,mobile,linkedin
S07142,U05487,9/29/2026 22:45,desktop,referral
S07143,U02922,9/23/2026 18:51,desktop,google
S07144,U04499,9/15/2026 20:30,mobile,linkedin
S07145,U05604,9/21/2026 7:37,desktop,google
S07146,U00601,9/21/2026 19:13,desktop,google
S07147,U02023,8/16/2026 20:51,mobile,referral
S07148,U00414,9/5/2026 17:43,desktop,referral
S07149,U01375,9/29/2026 19:30,desktop,google
S07150,U05501,9/22/2026 7:45,mobile,referral
S07151,U00297,8/7/2026 18:49,mobile,google
S07152,U00139,8/7/2026 20:22,desktop,referral
S07153,U05633,8/13/2026 10:41,desktop,facebook
S07154,U03467,9/14/2026 14:32,mobile,google
S07155,U04957,8/24/2026 13:45,desktop,linkedin
S07156,U01454,9/7/2026 8:34,desktop,direct
S07157,U02161,8/9/2026 9:03,desktop,google
S07158,U01619,8/4/2026 11:48,desktop,google
S07159,U01321,9/16/2026 8:44,mobile,direct
S07160,U04770,8/18/2026 15:01,mobile,google
S07161,U05792,8/3/2026 7:53,mobile,google
S07162,U04892,8/13/2026 7:13,mobile,google
S07163,U02391,8/20/2026 17:04,mobile,direct
S07164,U00051,8/25/2026 11:02,desktop,google
S07165,U00480,9/23/2026 13:02,desktop,linkedin
S07166,U04692,8/12/2026 12:22,mobile,google
S07167,U01011,9/6/2026 14:30,desktop,google
S07168,U01367,8/17/2026 14:25,mobile,direct
S07169,U03334,8/30/2026 9:07,mobile,google
S07170,U00700,8/18/2026 7:01,mobile,direct
S07171,U03898,8/21/2026 14:05,mobile,linkedin
S07172,U05452,9/5/2026 16:02,mobile,direct
S07173,U05804,9/5/2026 19:17,desktop,linkedin
S07174,U05177,8/9/2026 10:09,desktop,facebook
S07175,U01849,8/10/2026 8:20,mobile,google
S07176,U01363,8/15/2026 16:33,mobile,facebook
S07177,U03495,9/23/2026 21:26,mobile,google
S07178,U02338,8/20/2026 10:49,desktop,google
S07179,U05805,9/4/2026 8:22,desktop,linkedin
S07180,U00011,8/27/2026 13:26,mobile,google
S07181,U02741,8/22/2026 15:58,mobile,linkedin
S07182,U01953,8/3/2026 16:58,mobile,facebook
S07183,U01025,8/27/2026 8:48,desktop,direct
S07184,U03749,9/29/2026 17:30,mobile,linkedin
S07185,U05581,9/26/2026 12:29,mobile,referral
S07186,U03007,8/19/2026 7:29,mobile,linkedin
S07187,U03190,9/1/2026 21:45,mobile,google
S07188,U01459,8/18/2026 15:33,mobile,facebook
S07189,U03461,9/25/2026 11:53,mobile,google
S07190,U00970,9/3/2026 20:03,desktop,google
S07191,U01780,9/25/2026 19:45,mobile,google
S07192,U04470,9/21/2026 10:18,mobile,google
S07193,U01648,8/20/2026 22:22,mobile,google
S07194,U02216,8/28/2026 15:30,mobile,google
S07195,U03986,9/4/2026 11:11,desktop,linkedin
S07196,U04590,8/15/2026 14:09,desktop,direct
S07197,U04566,9/19/2026 10:00,mobile,referral
S07198,U00831,9/3/2026 20:35,desktop,google
S07199,U05423,8/13/2026 11:17,desktop,google
S07200,U05779,8/29/2026 14:01,desktop,linkedin
S07201,U02507,9/19/2026 8:05,mobile,google
S07202,U03326,8/26/2026 22:06,mobile,google
S07203,U01878,9/12/2026 11:50,mobile,direct
S07204,U00697,9/29/2026 17:26,desktop,direct
S07205,U03817,8/21/2026 12:38,mobile,google
S07206,U00394,9/29/2026 15:58,mobile,direct
S07207,U00532,8/25/2026 15:57,mobile,direct
S07208,U03929,9/3/2026 11:40,mobile,facebook
S07209,U04048,9/16/2026 13:54,mobile,google
S07210,U04677,8/5/2026 16:32,mobile,direct
S07211,U01601,9/12/2026 10:28,mobile,direct
S07212,U02744,9/4/2026 9:05,desktop,google
S07213,U00935,9/9/2026 9:51,desktop,direct
S07214,U00965,9/27/2026 13:39,mobile,direct
S07215,U00833,8/30/2026 10:25,desktop,google
S07216,U02142,9/25/2026 11:33,mobile,linkedin
S07217,U03025,9/4/2026 17:58,desktop,linkedin
S07218,U02216,8/13/2026 17:43,desktop,direct
S07219,U03697,9/9/2026 22:05,mobile,google
S07220,U05501,8/12/2026 19:13,mobile,linkedin
S07221,U00231,9/23/2026 13:47,mobile,google
S07222,U00927,8/10/2026 21:51,mobile,direct
S07223,U01371,8/30/2026 21:44,mobile,direct
S07224,U04455,9/19/2026 10:33,mobile,linkedin
S07225,U04932,8/1/2026 9:44,desktop,linkedin
S07226,U00964,8/30/2026 21:09,mobile,google
S07227,U05462,8/31/2026 21:14,mobile,google
S07228,U04720,8/21/2026 20:32,mobile,direct
S07229,U02869,9/10/2026 14:21,mobile,google
S07230,U05938,8/20/2026 20:47,desktop,direct
S07231,U03592,8/23/2026 19:18,mobile,direct
S07232,U02677,8/17/2026 18:50,mobile,facebook
S07233,U01983,9/7/2026 16:38,mobile,google
S07234,U03199,9/22/2026 11:17,mobile,linkedin
S07235,U05707,8/11/2026 18:57,mobile,google
S07236,U04989,8/25/2026 21:02,desktop,facebook
S07237,U02372,8/14/2026 21:09,mobile,direct
S07238,U05650,8/15/2026 16:35,mobile,direct
S07239,U03955,9/28/2026 7:37,mobile,direct
S07240,U00899,9/12/2026 18:50,desktop,google
S07241,U02374,9/26/2026 11:03,mobile,linkedin
S07242,U03701,9/8/2026 10:17,mobile,facebook
S07243,U05083,9/9/2026 8:15,desktop,google
S07244,U00664,9/12/2026 9:31,desktop,referral
S07245,U00315,9/9/2026 14:50,mobile,facebook
S07246,U04155,9/19/2026 11:25,desktop,referral
S07247,U05757,8/20/2026 13:06,desktop,facebook
S07248,U02940,8/7/2026 15:10,mobile,google
S07249,U05363,8/30/2026 15:25,desktop,linkedin
S07250,U03098,8/1/2026 13:39,mobile,google
S07251,U02947,8/3/2026 14:14,mobile,direct
S07252,U04313,8/4/2026 21:12,mobile,google
S07253,U04077,8/5/2026 11:31,desktop,facebook
S07254,U02036,9/12/2026 7:12,mobile,google
S07255,U04864,9/5/2026 19:48,mobile,google
S07256,U02670,9/26/2026 8:16,mobile,google
S07257,U04934,8/18/2026 19:23,mobile,direct
S07258,U03843,8/20/2026 12:12,desktop,google
S07259,U00074,8/30/2026 20:27,desktop,google
S07260,U02891,9/16/2026 9:41,mobile,google
S07261,U01918,9/25/2026 9:37,desktop,google
S07262,U01504,9/13/2026 13:30,desktop,referral
S07263,U04020,8/31/2026 13:42,mobile,linkedin
S07264,U04646,9/28/2026 18:28,mobile,google
S07265,U00317,8/11/2026 17:21,mobile,google
S07266,U01686,8/29/2026 22:53,mobile,google
S07267,U01084,8/15/2026 17:50,mobile,google
S07268,U03215,8/10/2026 10:13,mobile,google
S07269,U04639,8/24/2026 8:25,desktop,google
S07270,U04231,9/15/2026 11:15,mobile,google
S07271,U00380,8/20/2026 22:44,desktop,google
S07272,U05766,9/19/2026 19:17,desktop,direct
S07273,U00814,9/6/2026 18:51,mobile,google
S07274,U02518,9/12/2026 11:21,mobile,direct
S07275,U03253,8/15/2026 14:30,desktop,direct
S07276,U05448,9/21/2026 18:15,desktop,facebook
S07277,U01971,8/13/2026 22:09,mobile,google
S07278,U03280,8/23/2026 16:20,desktop,direct
S07279,U04888,9/16/2026 7:20,mobile,facebook
S07280,U03905,9/11/2026 20:40,desktop,referral
S07281,U03453,8/18/2026 21:56,desktop,facebook
S07282,U05359,8/16/2026 7:32,mobile,google
S07283,U01672,8/26/2026 13:16,mobile,referral
S07284,U02636,8/27/2026 22:40,mobile,facebook
S07285,U00175,8/4/2026 22:15,desktop,google
S07286,U05080,8/15/2026 22:25,desktop,google
S07287,U01687,8/10/2026 22:36,desktop,referral
S07288,U02744,8/10/2026 7:21,mobile,google
S07289,U01463,8/22/2026 9:24,mobile,direct
S07290,U00439,8/3/2026 14:59,mobile,linkedin
S07291,U00176,9/10/2026 16:39,mobile,direct
S07292,U01896,9/10/2026 13:25,mobile,google
S07293,U03410,8/14/2026 11:17,desktop,direct
S07294,U04212,9/22/2026 11:03,mobile,linkedin
S07295,U04538,9/5/2026 16:39,desktop,facebook
S07296,U02375,8/19/2026 22:38,desktop,google
S07297,U03148,8/12/2026 20:13,desktop,google
S07298,U03173,8/26/2026 9:47,mobile,google
S07299,U05091,9/27/2026 9:22,desktop,google
S07300,U01905,8/1/2026 11:13,desktop,referral
S07301,U05627,8/2/2026 18:43,mobile,google
S07302,U04084,8/25/2026 7:07,desktop,google
S07303,U05966,9/25/2026 18:16,desktop,facebook
S07304,U00779,8/17/2026 16:17,mobile,google
S07305,U02883,9/14/2026 17:33,mobile,google
S07306,U04282,9/4/2026 20:46,mobile,direct
S07307,U01548,8/12/2026 16:27,mobile,linkedin
S07308,U00163,9/24/2026 16:57,desktop,facebook
S07309,U04991,8/10/2026 14:40,mobile,direct
S07310,U04721,8/31/2026 17:25,mobile,google
S07311,U04168,9/9/2026 13:05,mobile,linkedin
S07312,U04658,9/10/2026 8:03,mobile,facebook
S07313,U03650,9/21/2026 7:24,mobile,google
S07314,U05692,9/12/2026 18:26,mobile,direct
S07315,U02385,9/9/2026 17:11,mobile,linkedin
S07316,U05142,8/10/2026 13:32,mobile,linkedin
S07317,U05210,8/19/2026 18:56,desktop,direct
S07318,U03704,8/21/2026 14:34,desktop,google
S07319,U00420,8/23/2026 11:04,mobile,linkedin
S07320,U00254,8/7/2026 16:21,mobile,google
S07321,U05473,8/6/2026 13:02,mobile,direct
S07322,U00741,8/27/2026 22:36,mobile,linkedin
S07323,U02740,9/13/2026 18:32,mobile,google
S07324,U01084,9/23/2026 18:58,desktop,google
S07325,U05509,9/26/2026 18:00,desktop,referral
S07326,U02659,8/29/2026 17:56,mobile,google
S07327,U05828,9/23/2026 19:22,desktop,google
S07328,U00800,8/28/2026 13:54,mobile,google
S07329,U00120,8/29/2026 20:08,mobile,linkedin
S07330,U01950,8/13/2026 7:33,mobile,google
S07331,U03735,9/7/2026 17:39,mobile,facebook
S07332,U03317,8/19/2026 15:37,desktop,direct
S07333,U03400,8/30/2026 7:07,mobile,google
S07334,U03452,9/26/2026 17:34,desktop,linkedin
S07335,U03751,9/2/2026 7:02,mobile,google
S07336,U04506,8/19/2026 18:16,desktop,google
S07337,U02521,9/10/2026 15:23,desktop,linkedin
S07338,U02611,9/13/2026 16:43,mobile,google
S07339,U05301,9/6/2026 16:45,mobile,facebook
S07340,U01558,8/3/2026 11:48,desktop,linkedin
S07341,U05841,8/14/2026 16:57,mobile,google
S07342,U04626,8/8/2026 10:32,mobile,referral
S07343,U01916,9/27/2026 19:08,desktop,linkedin
S07344,U03473,8/19/2026 8:26,mobile,google
S07345,U02117,8/29/2026 9:16,mobile,linkedin
S07346,U01194,9/24/2026 18:14,mobile,referral
S07347,U03062,9/29/2026 7:55,mobile,linkedin
S07348,U00604,8/14/2026 22:31,mobile,linkedin
S07349,U05577,9/21/2026 7:29,mobile,linkedin
S07350,U00255,9/13/2026 15:24,mobile,google
S07351,U02102,9/6/2026 22:44,mobile,google
S07352,U00765,8/11/2026 17:46,mobile,linkedin
S07353,U04124,9/11/2026 17:07,desktop,facebook
S07354,U02262,9/6/2026 18:04,mobile,direct
S07355,U04842,8/27/2026 18:17,mobile,google
S07356,U03192,9/5/2026 9:34,mobile,linkedin
S07357,U04149,8/13/2026 11:56,desktop,google
S07358,U00702,9/7/2026 10:04,mobile,google
S07359,U05855,8/10/2026 10:23,mobile,direct
S07360,U00264,8/18/2026 10:19,desktop,google
S07361,U04134,8/30/2026 17:12,mobile,facebook
S07362,U02604,8/10/2026 21:55,desktop,linkedin
S07363,U01798,9/24/2026 15:56,desktop,direct
S07364,U01608,9/23/2026 7:14,desktop,facebook
S07365,U04935,8/29/2026 18:04,mobile,direct
S07366,U02013,9/4/2026 15:39,mobile,facebook
S07367,U00654,8/18/2026 19:26,mobile,facebook
S07368,U00520,8/13/2026 13:02,desktop,linkedin
S07369,U05416,9/27/2026 13:51,desktop,google
S07370,U00428,8/25/2026 17:32,desktop,google
S07371,U02947,9/27/2026 18:19,mobile,facebook
S07372,U03523,8/5/2026 10:31,desktop,google
S07373,U04339,8/7/2026 16:23,mobile,referral
S07374,U03580,8/29/2026 22:22,desktop,google
S07375,U00398,9/16/2026 8:01,mobile,direct
S07376,U05482,8/26/2026 12:17,mobile,google
S07377,U00359,9/20/2026 15:32,mobile,referral
S07378,U05478,8/8/2026 21:48,desktop,google
S07379,U02893,9/21/2026 22:29,mobile,google
S07380,U03495,8/27/2026 16:25,mobile,facebook
S07381,U02771,8/18/2026 15:44,mobile,google
S07382,U01363,9/8/2026 13:37,mobile,google
S07383,U05852,9/16/2026 14:07,desktop,facebook
S07384,U00815,9/25/2026 18:44,mobile,facebook
S07385,U05136,8/6/2026 15:42,mobile,google
S07386,U05153,9/12/2026 15:50,desktop,linkedin
S07387,U01646,8/19/2026 20:30,mobile,google
S07388,U02965,8/31/2026 9:13,mobile,google
S07389,U04385,8/28/2026 22:19,mobile,linkedin
S07390,U01009,9/16/2026 18:16,mobile,google
S07391,U00611,8/24/2026 16:23,mobile,linkedin
S07392,U04857,8/17/2026 16:16,mobile,google
S07393,U02080,8/30/2026 16:13,mobile,facebook
S07394,U02171,9/10/2026 16:03,desktop,linkedin
S07395,U00707,9/20/2026 12:36,desktop,google
S07396,U03956,8/1/2026 18:48,desktop,referral
S07397,U00199,9/4/2026 11:02,mobile,facebook
S07398,U01807,8/5/2026 17:27,mobile,google
S07399,U04758,9/7/2026 15:25,desktop,referral
S07400,U04127,9/7/2026 12:51,desktop,google
S07401,U04750,9/21/2026 19:51,mobile,google
S07402,U01101,8/12/2026 12:05,mobile,linkedin
S07403,U01569,9/17/2026 17:33,mobile,google
S07404,U05211,9/11/2026 11:00,mobile,direct
S07405,U05217,9/9/2026 10:12,mobile,linkedin
S07406,U03445,9/8/2026 16:12,mobile,facebook
S07407,U02198,9/2/2026 22:36,desktop,google
S07408,U01913,8/4/2026 11:47,mobile,google
S07409,U00664,9/18/2026 8:49,mobile,google
S07410,U03861,8/24/2026 8:55,mobile,google
S07411,U04751,8/7/2026 14:52,desktop,referral
S07412,U01535,9/6/2026 19:31,desktop,direct
S07413,U00014,9/26/2026 18:23,mobile,direct
S07414,U05874,9/12/2026 10:20,mobile,direct
S07415,U04989,8/15/2026 20:21,desktop,google
S07416,U01670,9/18/2026 9:38,desktop,google
S07417,U05802,9/20/2026 15:56,mobile,linkedin
S07418,U05134,8/20/2026 20:35,desktop,facebook
S07419,U04646,9/1/2026 19:55,mobile,google
S07420,U00797,9/20/2026 18:14,mobile,google
S07421,U00016,8/10/2026 12:17,mobile,direct
S07422,U05462,8/22/2026 19:15,mobile,google
S07423,U05941,8/28/2026 13:11,mobile,linkedin
S07424,U01257,8/1/2026 12:36,mobile,google
S07425,U00509,8/11/2026 15:31,desktop,linkedin
S07426,U01422,9/6/2026 16:52,mobile,linkedin
S07427,U00727,8/16/2026 10:20,desktop,facebook
S07428,U05153,8/15/2026 21:54,mobile,direct
S07429,U02379,8/18/2026 20:52,mobile,google
S07430,U01962,8/8/2026 11:31,desktop,direct
S07431,U03971,9/8/2026 10:52,desktop,direct
S07432,U00640,8/16/2026 8:06,desktop,direct
S07433,U04507,9/9/2026 13:29,desktop,referral
S07434,U03589,9/19/2026 9:44,mobile,facebook
S07435,U05915,8/29/2026 21:53,mobile,google
S07436,U02040,9/24/2026 21:21,mobile,linkedin
S07437,U05406,8/12/2026 20:15,mobile,google
S07438,U01422,9/27/2026 11:30,mobile,linkedin
S07439,U01850,8/20/2026 18:02,mobile,referral
S07440,U02555,8/19/2026 14:51,desktop,linkedin
S07441,U00957,9/28/2026 11:22,desktop,google
S07442,U05080,8/28/2026 15:33,desktop,referral
S07443,U05832,9/14/2026 9:38,desktop,direct
S07444,U03381,9/18/2026 22:21,mobile,google
S07445,U01084,8/27/2026 9:37,mobile,facebook
S07446,U04529,8/20/2026 11:49,desktop,google
S07447,U05639,8/30/2026 10:32,desktop,linkedin
S07448,U03881,8/24/2026 15:20,mobile,linkedin
S07449,U00360,8/25/2026 17:45,mobile,referral
S07450,U05702,8/15/2026 22:19,mobile,google
S07451,U00650,9/24/2026 13:13,mobile,google
S07452,U02345,9/4/2026 10:13,mobile,direct
S07453,U04884,9/17/2026 7:20,mobile,facebook
S07454,U01428,9/9/2026 16:33,mobile,google
S07455,U02594,8/22/2026 22:39,desktop,google
S07456,U05912,8/20/2026 8:01,mobile,referral
S07457,U05069,9/28/2026 22:56,desktop,direct
S07458,U02616,8/2/2026 11:12,desktop,google
S07459,U00871,8/18/2026 21:32,mobile,google
S07460,U04501,9/14/2026 8:06,desktop,linkedin
S07461,U01071,9/2/2026 21:16,mobile,direct
S07462,U01931,9/6/2026 12:16,mobile,linkedin
S07463,U02076,8/2/2026 11:23,mobile,direct
S07464,U01399,8/14/2026 10:18,desktop,google
S07465,U00869,9/5/2026 9:08,desktop,facebook
S07466,U02615,8/19/2026 19:46,mobile,google
S07467,U02289,8/29/2026 8:06,mobile,facebook
S07468,U03318,9/27/2026 14:24,mobile,google
S07469,U01192,9/8/2026 22:10,desktop,google
S07470,U04446,9/7/2026 13:28,mobile,google
S07471,U05505,8/12/2026 20:13,mobile,google
S07472,U01187,9/5/2026 18:04,desktop,linkedin
S07473,U00633,9/27/2026 19:43,mobile,direct
S07474,U01907,9/8/2026 22:09,mobile,facebook
S07475,U01540,9/17/2026 8:33,mobile,linkedin
S07476,U03940,9/27/2026 11:49,mobile,linkedin
S07477,U04410,9/24/2026 12:08,mobile,google
S07478,U02923,8/21/2026 8:04,mobile,facebook
S07479,U03253,8/18/2026 8:41,mobile,google
S07480,U05493,8/17/2026 8:45,desktop,google
S07481,U00097,9/16/2026 22:11,mobile,google
S07482,U01896,8/23/2026 20:42,desktop,google
S07483,U02773,9/19/2026 16:24,mobile,linkedin
S07484,U02021,9/18/2026 20:32,desktop,google
S07485,U04757,9/9/2026 12:30,mobile,google
S07486,U05091,8/8/2026 14:36,desktop,facebook
S07487,U00063,9/12/2026 21:08,mobile,google
S07488,U00885,8/13/2026 9:21,mobile,linkedin
S07489,U05081,9/3/2026 9:20,mobile,google
S07490,U03210,8/14/2026 15:25,mobile,facebook
S07491,U01073,8/4/2026 11:02,desktop,direct
S07492,U03182,9/8/2026 17:41,desktop,google
S07493,U01880,8/28/2026 17:10,desktop,facebook
S07494,U01069,9/8/2026 12:18,mobile,linkedin
S07495,U04918,8/30/2026 8:51,desktop,google
S07496,U04935,8/23/2026 8:19,desktop,direct
S07497,U01066,8/1/2026 14:05,mobile,direct
S07498,U01513,8/17/2026 12:09,mobile,google
S07499,U03738,9/22/2026 7:32,desktop,google
S07500,U01646,9/15/2026 18:02,mobile,google
S07501,U04115,8/28/2026 22:18,mobile,linkedin
S07502,U05486,8/2/2026 22:39,desktop,referral
S07503,U03298,9/29/2026 8:53,mobile,linkedin
S07504,U04023,9/14/2026 10:02,mobile,referral
S07505,U02806,8/2/2026 13:54,mobile,google
S07506,U01699,8/13/2026 21:37,desktop,direct
S07507,U04445,8/11/2026 16:11,desktop,referral
S07508,U01182,9/24/2026 14:18,desktop,direct
S07509,U04355,9/27/2026 21:48,mobile,google
S07510,U04483,8/25/2026 17:36,mobile,google
S07511,U02307,8/11/2026 22:45,mobile,google
S07512,U01683,9/8/2026 20:49,mobile,linkedin
S07513,U00229,8/17/2026 22:58,mobile,referral
S07514,U01675,8/8/2026 15:55,desktop,google
S07515,U01507,8/16/2026 12:59,desktop,google
S07516,U05910,8/16/2026 7:59,mobile,google
S07517,U02884,8/4/2026 18:40,desktop,linkedin
S07518,U02473,9/12/2026 11:15,desktop,linkedin
S07519,U00159,8/22/2026 7:10,mobile,google
S07520,U05535,9/3/2026 19:50,mobile,direct
S07521,U04464,9/3/2026 13:47,mobile,google
S07522,U02955,9/16/2026 15:50,mobile,direct
S07523,U01185,9/15/2026 19:32,mobile,linkedin
S07524,U03678,9/3/2026 12:15,mobile,google
S07525,U00597,9/20/2026 20:04,mobile,direct
S07526,U02030,9/4/2026 16:19,mobile,direct
S07527,U01216,8/2/2026 16:04,desktop,linkedin
S07528,U03412,9/21/2026 11:17,desktop,direct
S07529,U00424,9/16/2026 19:37,mobile,linkedin
S07530,U00699,8/26/2026 10:51,mobile,google
S07531,U03742,8/24/2026 16:54,mobile,referral
S07532,U00473,9/23/2026 20:15,mobile,referral
S07533,U04362,8/26/2026 8:51,mobile,google
S07534,U03994,8/23/2026 13:24,mobile,referral
S07535,U02654,9/13/2026 17:50,mobile,direct
S07536,U05131,8/20/2026 11:23,desktop,google
S07537,U02611,8/25/2026 7:26,mobile,linkedin
S07538,U00362,9/16/2026 13:32,desktop,google
S07539,U00367,8/14/2026 14:56,mobile,linkedin
S07540,U04276,8/1/2026 21:43,mobile,referral
S07541,U03737,8/21/2026 19:54,desktop,google
S07542,U04462,8/11/2026 9:53,mobile,linkedin
S07543,U03076,8/22/2026 11:25,desktop,google
S07544,U00115,8/5/2026 9:57,desktop,linkedin
S07545,U04590,9/5/2026 21:34,mobile,facebook
S07546,U02255,8/31/2026 12:39,mobile,google
S07547,U03317,8/17/2026 21:15,mobile,linkedin
S07548,U03551,9/7/2026 7:58,mobile,google
S07549,U03495,8/9/2026 15:56,mobile,direct
S07550,U00698,8/1/2026 8:11,mobile,direct
S07551,U00377,8/29/2026 15:52,desktop,direct
S07552,U02469,8/10/2026 7:10,desktop,google
S07553,U05828,9/21/2026 9:30,mobile,linkedin
S07554,U01187,8/19/2026 9:20,mobile,direct
S07555,U04599,8/26/2026 18:20,desktop,direct
S07556,U01629,8/18/2026 17:14,desktop,linkedin
S07557,U05189,8/27/2026 15:56,mobile,facebook
S07558,U01742,8/6/2026 10:08,mobile,google
S07559,U01527,9/26/2026 11:15,desktop,google
S07560,U01601,8/11/2026 13:02,desktop,referral
S07561,U04956,8/24/2026 22:39,desktop,google
S07562,U04171,9/20/2026 18:17,mobile,facebook
S07563,U00090,8/26/2026 7:30,mobile,linkedin
S07564,U05767,9/12/2026 7:30,mobile,facebook
S07565,U05038,8/5/2026 12:33,mobile,linkedin
S07566,U00164,8/18/2026 10:20,desktop,facebook
S07567,U01438,9/15/2026 13:30,mobile,direct
S07568,U05252,8/16/2026 22:56,mobile,linkedin
S07569,U04498,8/25/2026 10:07,desktop,google
S07570,U05297,8/5/2026 16:33,desktop,google
S07571,U01499,8/31/2026 14:43,desktop,google
S07572,U00660,8/21/2026 17:33,desktop,referral
S07573,U04321,9/21/2026 15:44,mobile,google
S07574,U05969,8/24/2026 15:15,mobile,direct
S07575,U05827,9/19/2026 11:24,mobile,linkedin
S07576,U03982,9/24/2026 22:27,desktop,google
S07577,U03071,9/20/2026 11:16,desktop,referral
S07578,U05423,9/14/2026 9:18,mobile,google
S07579,U00311,9/5/2026 8:32,mobile,linkedin
S07580,U00297,8/29/2026 8:04,mobile,linkedin
S07581,U03090,8/5/2026 12:38,mobile,google
S07582,U02580,8/9/2026 20:03,desktop,google
S07583,U05268,8/23/2026 9:28,mobile,direct
S07584,U00323,9/9/2026 7:03,desktop,google
S07585,U03376,8/1/2026 15:28,mobile,facebook
S07586,U05864,9/26/2026 15:59,mobile,direct
S07587,U02773,9/29/2026 16:00,mobile,google
S07588,U03113,8/5/2026 7:01,desktop,google
S07589,U05283,8/6/2026 10:14,mobile,google
S07590,U01616,9/20/2026 12:34,mobile,direct
S07591,U04610,8/12/2026 18:50,mobile,linkedin
S07592,U04761,8/11/2026 17:24,desktop,google
S07593,U01140,8/12/2026 20:01,desktop,linkedin
S07594,U02094,9/12/2026 15:45,desktop,linkedin
S07595,U05773,8/8/2026 13:27,mobile,direct
S07596,U00300,8/12/2026 15:57,desktop,google
S07597,U00408,8/24/2026 13:09,mobile,google
S07598,U03334,9/6/2026 9:31,desktop,google
S07599,U04244,9/29/2026 16:12,mobile,direct
S07600,U05796,8/15/2026 11:42,mobile,direct
S07601,U04726,8/16/2026 11:13,desktop,google
S07602,U04549,9/2/2026 18:21,desktop,google
S07603,U03861,8/26/2026 8:03,mobile,direct
S07604,U02396,9/6/2026 7:22,mobile,google
S07605,U03710,8/15/2026 12:41,desktop,linkedin
S07606,U03274,9/7/2026 16:31,desktop,linkedin
S07607,U01920,9/25/2026 20:26,desktop,google
S07608,U02198,9/10/2026 15:16,mobile,linkedin
S07609,U01159,9/14/2026 11:08,mobile,google
S07610,U00760,8/5/2026 12:30,desktop,linkedin
S07611,U01726,9/24/2026 13:03,desktop,google
S07612,U00538,9/12/2026 12:21,desktop,linkedin
S07613,U01377,9/7/2026 17:41,desktop,linkedin
S07614,U00408,8/10/2026 19:46,mobile,google
S07615,U00870,9/3/2026 18:20,mobile,linkedin
S07616,U05706,9/10/2026 13:06,desktop,direct
S07617,U02928,9/7/2026 11:36,mobile,referral
S07618,U01746,8/8/2026 8:16,desktop,google
S07619,U04114,8/3/2026 19:46,desktop,google
S07620,U04837,8/29/2026 22:23,desktop,google
S07621,U00151,9/13/2026 7:52,mobile,facebook
S07622,U03109,8/24/2026 9:05,desktop,linkedin
S07623,U05019,9/11/2026 10:25,mobile,google
S07624,U02512,9/28/2026 19:45,mobile,direct
S07625,U03182,9/23/2026 10:27,mobile,google
S07626,U01722,9/7/2026 7:13,mobile,linkedin
S07627,U03372,9/13/2026 12:22,desktop,linkedin
S07628,U05318,8/6/2026 12:49,desktop,direct
S07629,U01595,8/6/2026 13:19,mobile,direct
S07630,U04051,9/12/2026 15:14,desktop,google
S07631,U03030,9/18/2026 10:52,mobile,direct
S07632,U05904,8/12/2026 7:28,desktop,linkedin
S07633,U05212,9/5/2026 8:43,desktop,google
S07634,U05793,8/18/2026 18:44,mobile,facebook
S07635,U03542,8/7/2026 17:33,mobile,direct
S07636,U02125,8/23/2026 11:10,mobile,referral
S07637,U03569,8/27/2026 22:03,mobile,direct
S07638,U03248,9/16/2026 15:39,desktop,google
S07639,U00811,9/21/2026 19:45,mobile,linkedin
S07640,U00052,9/26/2026 19:40,mobile,linkedin
S07641,U02495,8/7/2026 11:48,mobile,google
S07642,U00736,9/25/2026 16:27,desktop,linkedin
S07643,U05189,9/1/2026 16:29,mobile,google
S07644,U04788,8/11/2026 14:17,desktop,google
S07645,U01062,9/8/2026 17:09,desktop,facebook
S07646,U01527,8/4/2026 12:22,mobile,google
S07647,U04107,8/28/2026 8:34,mobile,linkedin
S07648,U00126,9/19/2026 7:43,mobile,direct
S07649,U03479,9/28/2026 14:09,mobile,linkedin
S07650,U03402,8/18/2026 21:36,desktop,google
S07651,U01485,8/11/2026 10:25,desktop,linkedin
S07652,U05145,9/4/2026 16:28,mobile,direct
S07653,U01000,8/10/2026 9:37,mobile,facebook
S07654,U00838,9/28/2026 17:06,mobile,google
S07655,U01079,8/20/2026 9:56,mobile,google
S07656,U01468,8/12/2026 14:02,desktop,linkedin
S07657,U02459,8/15/2026 19:55,desktop,google
S07658,U01776,8/23/2026 12:57,desktop,direct
S07659,U05084,9/14/2026 21:56,mobile,direct
S07660,U00668,9/22/2026 7:44,mobile,direct
S07661,U02285,9/14/2026 8:20,mobile,referral
S07662,U02124,9/8/2026 9:42,desktop,linkedin
S07663,U02865,8/17/2026 10:54,desktop,facebook
S07664,U04841,9/26/2026 13:48,desktop,direct
S07665,U01011,9/29/2026 21:37,mobile,google
S07666,U01312,9/7/2026 10:52,mobile,direct
S07667,U04817,9/16/2026 12:42,desktop,direct
S07668,U04753,8/19/2026 7:42,mobile,referral
S07669,U05164,8/27/2026 18:25,mobile,google
S07670,U05344,9/18/2026 15:44,mobile,google
S07671,U04539,8/26/2026 7:43,desktop,facebook
S07672,U00207,9/15/2026 14:25,mobile,google
S07673,U03106,9/21/2026 10:29,desktop,direct
S07674,U04386,9/26/2026 13:44,mobile,linkedin
S07675,U04982,8/18/2026 11:32,mobile,google
S07676,U02083,8/29/2026 19:32,mobile,google
S07677,U05127,8/24/2026 7:55,mobile,facebook
S07678,U05198,8/31/2026 16:35,desktop,google
S07679,U02853,9/14/2026 19:41,desktop,direct
S07680,U05711,8/20/2026 7:01,desktop,direct
S07681,U01280,8/14/2026 21:28,desktop,direct
S07682,U04461,8/17/2026 19:11,desktop,linkedin
S07683,U00749,9/15/2026 11:28,mobile,google
S07684,U05814,9/29/2026 14:43,desktop,facebook
S07685,U04700,8/7/2026 17:53,mobile,google
S07686,U01823,9/28/2026 15:16,desktop,google
S07687,U04484,8/2/2026 19:06,mobile,referral
S07688,U00648,9/1/2026 21:13,desktop,google
S07689,U01241,8/9/2026 12:43,mobile,google
S07690,U03306,9/27/2026 8:44,mobile,referral
S07691,U01888,9/15/2026 13:54,mobile,google
S07692,U01266,8/22/2026 16:35,mobile,google
S07693,U01294,9/11/2026 19:24,mobile,linkedin
S07694,U01327,9/20/2026 11:30,mobile,direct
S07695,U05485,8/14/2026 21:51,mobile,facebook
S07696,U04056,9/8/2026 7:35,mobile,direct
S07697,U02011,8/18/2026 16:17,mobile,referral
S07698,U02482,9/13/2026 13:59,desktop,google
S07699,U01725,9/4/2026 18:07,mobile,linkedin
S07700,U02917,9/13/2026 11:32,mobile,google
S07701,U04509,9/8/2026 21:54,mobile,facebook
S07702,U03306,9/8/2026 7:01,mobile,referral
S07703,U00965,8/6/2026 20:03,mobile,google
S07704,U04243,9/21/2026 14:53,desktop,facebook
S07705,U00883,8/11/2026 15:15,mobile,direct
S07706,U05879,8/24/2026 11:58,mobile,google
S07707,U03449,8/31/2026 13:16,mobile,linkedin
S07708,U04898,9/20/2026 13:56,mobile,referral
S07709,U02084,9/7/2026 11:58,mobile,google
S07710,U05802,8/12/2026 7:11,desktop,google
S07711,U03271,8/18/2026 13:24,mobile,referral
S07712,U03588,8/12/2026 13:25,desktop,linkedin
S07713,U00872,9/5/2026 18:33,mobile,linkedin
S07714,U04703,9/13/2026 14:31,mobile,direct
S07715,U01053,9/12/2026 15:47,mobile,linkedin
S07716,U03666,9/15/2026 14:27,mobile,google
S07717,U03583,9/12/2026 13:47,mobile,google
S07718,U00319,9/24/2026 18:28,desktop,facebook
S07719,U03952,9/24/2026 17:48,desktop,linkedin
S07720,U05916,8/17/2026 22:51,mobile,direct
S07721,U02444,8/19/2026 14:56,mobile,facebook
S07722,U01487,8/4/2026 7:26,desktop,google
S07723,U02999,8/17/2026 16:21,mobile,facebook
S07724,U04594,8/31/2026 13:20,mobile,direct
S07725,U03899,9/9/2026 8:31,desktop,referral
S07726,U00044,9/22/2026 20:42,mobile,google
S07727,U04394,9/5/2026 17:07,mobile,google
S07728,U01148,9/28/2026 17:00,mobile,direct
S07729,U00862,9/3/2026 17:10,mobile,referral
S07730,U00518,9/21/2026 22:44,mobile,referral
S07731,U02092,9/18/2026 18:00,desktop,linkedin
S07732,U00266,8/30/2026 18:24,mobile,linkedin
S07733,U04228,9/22/2026 19:00,mobile,google
S07734,U02619,9/21/2026 18:35,mobile,direct
S07735,U05247,8/19/2026 18:15,desktop,facebook
S07736,U03452,8/13/2026 8:13,mobile,direct
S07737,U03636,8/8/2026 13:26,desktop,google
S07738,U03535,9/25/2026 11:24,mobile,referral
S07739,U01466,8/27/2026 21:15,mobile,google
S07740,U00594,9/4/2026 16:20,mobile,linkedin
S07741,U03124,8/17/2026 15:15,mobile,linkedin
S07742,U03486,8/24/2026 15:21,mobile,linkedin
S07743,U03452,8/25/2026 17:54,desktop,direct
S07744,U00039,9/4/2026 19:12,desktop,linkedin
S07745,U05826,8/11/2026 10:13,desktop,google
S07746,U03800,9/17/2026 22:53,mobile,google
S07747,U04462,8/24/2026 19:11,mobile,linkedin
S07748,U04319,8/15/2026 10:18,desktop,direct
S07749,U01712,8/1/2026 16:41,mobile,linkedin
S07750,U05346,8/7/2026 13:51,desktop,google
S07751,U04998,8/17/2026 13:01,desktop,google
S07752,U00295,9/13/2026 20:52,mobile,direct
S07753,U05778,9/21/2026 11:34,desktop,linkedin
S07754,U03124,9/27/2026 20:24,desktop,linkedin
S07755,U02247,8/18/2026 17:11,mobile,linkedin
S07756,U04888,9/8/2026 20:04,desktop,google
S07757,U01796,8/17/2026 18:55,mobile,google
S07758,U04481,8/9/2026 16:55,mobile,google
S07759,U03302,9/2/2026 10:02,mobile,direct
S07760,U04593,9/8/2026 22:53,mobile,google
S07761,U03898,9/15/2026 17:16,mobile,google
S07762,U04558,8/7/2026 12:43,desktop,referral
S07763,U04511,9/14/2026 11:06,mobile,linkedin
S07764,U01439,8/19/2026 8:51,mobile,linkedin
S07765,U02443,8/17/2026 12:03,mobile,linkedin
S07766,U03081,8/2/2026 9:07,mobile,google
S07767,U03388,8/13/2026 21:12,desktop,google
S07768,U03372,8/30/2026 13:58,mobile,facebook
S07769,U03082,8/12/2026 17:00,desktop,linkedin
S07770,U04293,8/20/2026 19:52,desktop,direct
S07771,U05375,9/1/2026 22:22,mobile,referral
S07772,U05028,8/6/2026 14:14,mobile,google
S07773,U03002,9/22/2026 7:50,mobile,direct
S07774,U00781,8/19/2026 16:46,desktop,google
S07775,U01791,9/15/2026 22:09,desktop,linkedin
S07776,U05950,9/8/2026 12:43,mobile,facebook
S07777,U05582,9/15/2026 8:38,mobile,google
S07778,U05877,8/18/2026 18:26,desktop,referral
S07779,U03032,8/11/2026 16:55,mobile,linkedin
S07780,U05966,8/9/2026 9:27,desktop,linkedin
S07781,U04409,8/14/2026 7:03,desktop,google
S07782,U02507,9/2/2026 15:19,mobile,linkedin
S07783,U04777,9/7/2026 9:22,mobile,linkedin
S07784,U05800,9/15/2026 9:57,mobile,google
S07785,U04536,9/27/2026 11:56,mobile,linkedin
S07786,U05234,9/19/2026 14:29,desktop,google
S07787,U02579,8/22/2026 20:05,desktop,referral
S07788,U01745,8/29/2026 13:53,desktop,google
S07789,U02128,9/27/2026 20:22,mobile,linkedin
S07790,U01078,9/12/2026 16:40,mobile,direct
S07791,U03706,8/26/2026 13:17,desktop,direct
S07792,U03296,9/19/2026 15:09,mobile,facebook
S07793,U03720,8/9/2026 9:15,mobile,referral
S07794,U02356,9/10/2026 22:36,mobile,google
S07795,U01281,9/26/2026 11:49,mobile,linkedin
S07796,U04526,9/1/2026 21:24,desktop,direct
S07797,U04055,9/6/2026 17:19,mobile,google
S07798,U02641,8/4/2026 11:42,desktop,direct
S07799,U01649,9/6/2026 14:47,mobile,google
S07800,U05986,8/18/2026 8:56,mobile,facebook
S07801,U02235,9/29/2026 16:50,mobile,direct
S07802,U04019,8/20/2026 8:02,desktop,linkedin
S07803,U01420,8/19/2026 17:13,mobile,linkedin
S07804,U02435,8/24/2026 10:10,mobile,referral
S07805,U00352,9/11/2026 9:03,mobile,direct
S07806,U03314,9/27/2026 10:33,desktop,facebook
S07807,U03935,8/21/2026 8:25,desktop,facebook
S07808,U04250,8/13/2026 21:13,mobile,google
S07809,U04374,9/15/2026 21:58,desktop,google
S07810,U01753,9/2/2026 21:47,mobile,google
S07811,U02054,8/28/2026 18:29,mobile,direct
S07812,U00976,9/29/2026 10:41,mobile,direct
S07813,U05475,8/30/2026 19:08,desktop,google
S07814,U03891,9/7/2026 19:08,mobile,referral
S07815,U00994,9/28/2026 10:47,mobile,google
S07816,U00115,8/13/2026 20:22,mobile,direct
S07817,U03070,9/24/2026 22:57,mobile,linkedin
S07818,U03866,9/27/2026 13:02,desktop,linkedin
S07819,U02246,8/29/2026 16:24,desktop,google
S07820,U01658,8/21/2026 20:56,mobile,direct
S07821,U03683,8/10/2026 11:11,desktop,direct
S07822,U01688,8/3/2026 22:49,mobile,google
S07823,U00133,9/29/2026 11:51,mobile,linkedin
S07824,U05954,8/26/2026 22:29,mobile,linkedin
S07825,U00727,9/10/2026 10:44,desktop,google
S07826,U03912,8/15/2026 18:52,mobile,linkedin
S07827,U05407,8/20/2026 15:24,desktop,linkedin
S07828,U00132,9/19/2026 12:56,mobile,facebook
S07829,U02246,9/9/2026 14:01,desktop,direct
S07830,U00260,8/14/2026 10:37,mobile,google
S07831,U02288,8/1/2026 17:45,desktop,direct
S07832,U05095,9/19/2026 22:53,desktop,google
S07833,U01934,8/5/2026 16:22,mobile,referral
S07834,U05037,8/3/2026 11:25,desktop,linkedin
S07835,U04020,8/19/2026 17:43,mobile,google
S07836,U05386,9/25/2026 14:00,mobile,direct
S07837,U04446,9/8/2026 21:44,mobile,google
S07838,U03433,8/3/2026 11:13,desktop,facebook
S07839,U05112,9/25/2026 15:17,desktop,referral
S07840,U04948,9/26/2026 14:56,mobile,direct
S07841,U02162,9/11/2026 21:10,desktop,linkedin
S07842,U01314,8/5/2026 8:45,mobile,linkedin
S07843,U04963,8/1/2026 16:53,mobile,linkedin
S07844,U00873,9/22/2026 19:56,mobile,google
S07845,U00801,9/19/2026 12:47,mobile,referral
S07846,U01280,9/19/2026 15:04,mobile,google
S07847,U05609,8/30/2026 11:42,mobile,google
S07848,U04224,9/5/2026 13:42,mobile,google
S07849,U01712,8/11/2026 22:12,mobile,referral
S07850,U02668,8/3/2026 12:48,desktop,referral
S07851,U02151,8/14/2026 10:13,mobile,google
S07852,U02894,9/7/2026 16:16,desktop,google
S07853,U02279,8/25/2026 14:31,mobile,facebook
S07854,U02402,9/7/2026 19:28,mobile,linkedin
S07855,U03778,8/27/2026 7:34,mobile,referral
S07856,U04816,9/3/2026 21:26,desktop,facebook
S07857,U01073,9/27/2026 18:13,mobile,direct
S07858,U00648,9/7/2026 20:27,mobile,google
S07859,U01850,9/27/2026 13:31,desktop,direct
S07860,U01801,9/28/2026 14:07,desktop,referral
S07861,U03613,9/7/2026 12:21,mobile,google
S07862,U01442,9/29/2026 20:20,mobile,facebook
S07863,U03501,8/15/2026 8:08,mobile,linkedin
S07864,U02141,9/1/2026 15:27,mobile,referral
S07865,U05984,8/5/2026 11:09,desktop,direct
S07866,U04216,8/6/2026 17:12,mobile,google
S07867,U04998,8/8/2026 22:25,mobile,linkedin
S07868,U04068,8/9/2026 17:47,mobile,google
S07869,U01561,8/25/2026 7:42,mobile,linkedin
S07870,U02979,9/13/2026 13:23,desktop,facebook
S07871,U04619,9/29/2026 7:30,mobile,google
S07872,U01043,9/28/2026 14:46,mobile,referral
S07873,U05545,8/11/2026 9:47,mobile,google
S07874,U04209,8/27/2026 18:04,mobile,direct
S07875,U03057,8/26/2026 15:32,mobile,referral
S07876,U02206,8/6/2026 11:55,mobile,direct
S07877,U05180,8/3/2026 20:43,desktop,facebook
S07878,U02719,8/22/2026 18:57,desktop,referral
S07879,U05298,9/21/2026 17:02,desktop,direct
S07880,U00050,8/24/2026 12:39,desktop,direct
S07881,U00590,8/24/2026 11:21,mobile,google
S07882,U00101,9/29/2026 16:22,mobile,linkedin
S07883,U05874,8/23/2026 19:38,mobile,google
S07884,U00623,9/11/2026 20:24,desktop,facebook
S07885,U03696,9/28/2026 19:26,mobile,direct
S07886,U04618,8/8/2026 7:22,mobile,linkedin
S07887,U03407,8/31/2026 22:45,mobile,referral
S07888,U00336,8/21/2026 10:50,mobile,google
S07889,U04038,8/8/2026 7:09,desktop,referral
S07890,U04953,8/3/2026 15:58,desktop,google
S07891,U05655,9/8/2026 14:17,mobile,google
S07892,U05109,9/9/2026 8:41,desktop,direct
S07893,U02244,9/3/2026 10:25,mobile,google
S07894,U02066,9/10/2026 10:17,mobile,direct
S07895,U05976,9/13/2026 14:02,mobile,direct
S07896,U04581,8/4/2026 18:59,desktop,facebook
S07897,U02476,8/3/2026 17:54,mobile,google
S07898,U02210,8/21/2026 7:24,mobile,google
S07899,U00356,9/4/2026 9:46,desktop,google
S07900,U05190,9/24/2026 16:45,mobile,linkedin
S07901,U05931,9/28/2026 19:50,mobile,google
S07902,U04764,9/19/2026 7:32,mobile,google
S07903,U03848,8/18/2026 12:22,desktop,facebook
S07904,U02292,9/4/2026 8:51,desktop,referral
S07905,U05842,8/7/2026 14:46,desktop,facebook
S07906,U05334,8/30/2026 13:14,mobile,google
S07907,U03629,8/6/2026 9:47,mobile,linkedin
S07908,U00740,9/29/2026 22:26,desktop,google
S07909,U02485,8/28/2026 19:12,mobile,google
S07910,U01015,9/13/2026 15:44,mobile,linkedin
S07911,U02634,8/7/2026 19:14,desktop,referral
S07912,U01146,9/27/2026 11:59,mobile,direct
S07913,U03032,9/1/2026 21:57,mobile,google
S07914,U01462,8/5/2026 13:34,desktop,direct
S07915,U03368,8/23/2026 13:10,desktop,referral
S07916,U05794,8/13/2026 16:06,desktop,google
S07917,U02526,8/5/2026 16:15,desktop,facebook
S07918,U04185,8/2/2026 16:54,mobile,google
S07919,U03001,9/12/2026 20:19,desktop,google
S07920,U02950,9/22/2026 11:17,mobile,facebook
S07921,U05930,9/9/2026 18:18,desktop,google
S07922,U05948,9/11/2026 10:09,mobile,direct
S07923,U01055,8/3/2026 10:50,desktop,google
S07924,U00762,8/11/2026 14:55,mobile,linkedin
S07925,U00678,8/3/2026 15:23,desktop,direct
S07926,U00024,9/28/2026 17:19,mobile,facebook
S07927,U01024,9/14/2026 9:13,mobile,facebook
S07928,U01321,9/27/2026 20:03,mobile,direct
S07929,U00821,9/24/2026 15:54,mobile,linkedin
S07930,U03621,8/14/2026 16:29,desktop,google
S07931,U04261,8/31/2026 18:57,mobile,direct
S07932,U00653,9/8/2026 18:04,mobile,linkedin
S07933,U01645,9/14/2026 13:51,mobile,google
S07934,U00123,9/10/2026 14:44,mobile,referral
S07935,U00125,8/28/2026 10:43,mobile,google
S07936,U04730,8/1/2026 16:04,mobile,google
S07937,U01543,9/26/2026 10:14,mobile,facebook
S07938,U03322,9/11/2026 17:10,mobile,linkedin
S07939,U03819,9/20/2026 13:41,mobile,direct
S07940,U01399,8/14/2026 10:46,mobile,google
S07941,U02772,8/7/2026 14:36,mobile,linkedin
S07942,U04279,9/24/2026 21:56,mobile,direct
S07943,U00064,9/18/2026 15:59,desktop,google
S07944,U00414,9/20/2026 12:31,mobile,direct
S07945,U03685,8/27/2026 14:12,mobile,google
S07946,U05122,9/24/2026 16:40,mobile,google
S07947,U00610,8/14/2026 9:27,desktop,google
S07948,U00074,9/15/2026 15:58,mobile,google
S07949,U02648,8/30/2026 7:32,mobile,google
S07950,U04106,8/10/2026 20:39,desktop,direct
S07951,U05344,9/13/2026 16:45,desktop,linkedin
S07952,U01930,8/22/2026 8:49,mobile,google
S07953,U01572,8/10/2026 14:27,desktop,linkedin
S07954,U00458,9/12/2026 21:08,mobile,google
S07955,U02367,9/16/2026 22:26,desktop,linkedin
S07956,U05319,8/20/2026 9:11,desktop,facebook
S07957,U04080,9/28/2026 11:19,mobile,direct
S07958,U01881,9/12/2026 9:18,mobile,direct
S07959,U04397,8/2/2026 12:54,mobile,google
S07960,U03692,8/21/2026 20:47,desktop,google
S07961,U00126,9/28/2026 18:18,mobile,direct
S07962,U04911,8/11/2026 11:06,mobile,linkedin
S07963,U00108,9/27/2026 12:12,desktop,direct
S07964,U03846,9/1/2026 16:47,desktop,referral
S07965,U00331,9/10/2026 16:33,mobile,google
S07966,U00287,9/11/2026 14:25,desktop,facebook
S07967,U05655,8/31/2026 13:44,mobile,linkedin
S07968,U00615,9/1/2026 21:56,desktop,google
S07969,U03521,9/4/2026 15:03,mobile,google
S07970,U05481,9/8/2026 19:30,mobile,linkedin
S07971,U05078,9/14/2026 22:21,mobile,google
S07972,U05022,8/27/2026 12:21,mobile,direct
S07973,U00529,8/27/2026 19:27,mobile,direct
S07974,U04821,9/16/2026 20:00,mobile,linkedin
S07975,U03596,9/15/2026 10:30,desktop,linkedin
S07976,U00094,9/8/2026 10:36,desktop,direct
S07977,U04645,8/28/2026 9:35,desktop,linkedin
S07978,U04795,9/4/2026 16:50,desktop,facebook
S07979,U03065,9/4/2026 19:11,desktop,google
S07980,U02025,8/27/2026 19:01,mobile,referral
S07981,U03722,8/11/2026 13:12,mobile,google
S07982,U01944,9/2/2026 18:15,desktop,google
S07983,U05353,8/27/2026 7:28,desktop,direct
S07984,U03953,8/4/2026 17:30,desktop,google
S07985,U02079,9/27/2026 14:35,desktop,google
S07986,U04894,9/10/2026 20:16,mobile,google
S07987,U00261,8/7/2026 22:28,desktop,direct
S07988,U05879,8/13/2026 15:53,desktop,linkedin
S07989,U03998,9/4/2026 16:56,desktop,google
S07990,U05775,9/21/2026 21:51,desktop,linkedin
S07991,U05633,8/30/2026 12:29,mobile,google
S07992,U04566,9/18/2026 9:19,desktop,referral
S07993,U03300,8/8/2026 15:06,mobile,google
S07994,U01656,9/1/2026 12:41,desktop,linkedin
S07995,U02890,9/19/2026 17:09,mobile,linkedin
S07996,U01940,9/20/2026 19:31,mobile,linkedin
S07997,U02875,8/15/2026 15:03,mobile,referral
S07998,U01629,9/10/2026 11:55,mobile,google
S07999,U00713,8/3/2026 16:02,mobile,direct
S08000,U02401,8/9/2026 14:05,desktop,linkedin
